TAID,Class,BCUTi-1l,BCUTZ-1l,BCUTi-1h,BCUTv-1l,BCUTdv-1h,BCUTse-1l,PEOE_VSA1,BCUTd-1h,SIC0,BCUTZ-1h,SMR_VSA6,BCUTs-1h,SlogP_VSA2,BCUTdv-1l,GATS2dv
TOX-4430,0,11.25517911080739,5.993968191357748,13.623170889192613,14.708166100233274,5.003022715797302,2.732864045485685,5.106527394840706,1.11,0.4841962570206112,8.006031808642252,7.109797541277533,6.003022715797302,12.21632493611824,0.996977284,1.3571428571428572
TOX-3990,0,11.139224784222346,5.873346222593406,14.537870149415898,14.70271181065264,6.021893348382919,2.600952130521925,5.733667477162185,3.0336137565055328,0.5229596049593027,8.022039208220914,0.0,7.008271053529297,5.907179729351506,0.9959585122704482,0.9779005524861878
TOX-4318,0,11.108674947307652,5.847795618082922,13.624503408191936,14.70716833298662,5.006688190537471,2.58959583141702,10.213054789681411,3.0218528948780845,0.3606812278304233,8.007477244263853,6.606881964512918,6.003750523834469,22.92390314194263,0.9939412940900434,1.1375
TOX-4839,0,11.07385160520314,5.812360411845042,13.637583701350644,14.70223754864841,6.021896325580395,2.5496634689829825,25.532636974203527,3.173995243,0.3271564379782973,8.022785857880345,13.213763929025836,7.008271249244748,62.84154501,1.9858866999863007,0.9783348457350272
TOX-3073,0,11.232454707180604,5.99560295682892,12.9984752928194,20.55402935148892,4.014965119483298,2.6849683852453063,0.0,4.0160633859300825,0.3109175070825711,17.00739704317108,0.0,1.524804330190645,3.2517177575741014,0.7658126582944783,0.0
TOX-42716,0,10.435347369867133,5.691970832914679,14.542891000268323,14.701777301274138,6.024459954060972,2.4197363680736963,67.01563976042604,3.3167012121390056,0.3143680856762353,53.00226916263687,30.89501311971569,7.010478922189546,137.87998015015103,0.1514629650082571,0.8474286490652408
TOX-4845,0,11.083159701653264,5.822090482815189,13.62794805028016,14.707143052086348,5.010294906934725,2.562649533647699,25.532636974203527,3.152447362532062,0.3248341470173868,8.011038593669555,13.213763929025836,6.006924280707268,57.05830006647426,1.9853508250345175,1.0618497109826597
TOX-3923,0,10.435345500771035,5.68753237,14.542622069587338,14.701777558668796,6.024445476003436,2.416422907942453,41.48300278622252,3.321114566614176,0.3375575402123673,53.00226863228568,31.74431646205801,7.010460041178675,87.86935206635395,0.1514629650062628,0.8111686730832117
TOX-5777,0,10.338126506256907,5.896188031,13.62428454541429,14.707202811793785,5.005113022137828,2.609478423497155,10.213054789681411,2.1771911690726147,0.3780223226998912,16.002000879395855,24.719471142519414,6.003741284834855,34.932525932200825,0.6517796963290664,1.0532637901058952
TOX-73422,0,10.31162707039433,5.735960969224854,14.543874026154375,14.699772941714762,6.025752670915684,2.480586752802428,20.429753124538223,4.023078533767032,0.3530302654064515,16.00488771679456,0.0,7.011557218111427,61.070511479620805,0.6474306040564093,0.7025035290838924
TOX-2339,0,10.435347366031468,5.692033804114984,14.541457176014774,14.700469549406543,6.024435167015037,2.4198146261891385,15.740104602853368,3.315867590075598,0.4226496037690924,53.00226791030084,10.633577208012662,7.010455152,22.890192141495568,0.1514629650083126,0.729310913
TOX-1888,0,11.04306136316968,5.782177211077403,14.540276945534444,14.702347871547088,6.0219266627263766,2.5251863284682825,20.63637078852845,4.022948186331266,0.2957081453414226,8.022420349956471,19.75852033493841,7.008270707354358,47.08924863656033,0.9929228553442028,0.9926457117433066
TOX-1744,0,11.079344706391032,5.818423336042925,14.537801717708502,14.701443232858344,6.021996693544448,2.561557338846319,10.84019487200289,3.037389387410206,0.3311877860894119,8.02862887074235,6.544756405912575,7.008289775379534,17.62058908870513,1.8262680735451384,0.681594385082757
TOX-3486,0,10.95437040566877,5.693134817767543,14.53781859256497,14.701442940841732,6.022031653582999,2.4375503129932605,10.84019487200289,3.1346018848189705,0.4056003685510744,8.028633170163792,5.733667477162185,7.008290321890196,11.075832682792557,2.81142647645126,0.7413969335604772
TOX-5595,0,11.108845160332516,5.847989093551333,13.627790269121371,14.706019264095849,6.004921432485341,2.5899098249046952,9.843390348640757,3.021902200250164,0.3246987351738496,8.011400464693095,13.716679505790452,6.002597917371249,24.927173288379457,0.993722731,1.552259399793032
TOX-34712,0,10.326514804795307,5.813225037727225,13.656560995833487,14.69881364,6.029502208571147,2.551443939,24.423643651081555,4.038012842417318,0.3360631609366969,16.013770543677804,14.219595082555069,7.014611960427506,74.07839429853605,0.6455519735097636,0.8454518302193608
TOX-7499,0,10.435345488343266,5.719718314861531,14.551529490050434,14.69977294506599,6.024574633806684,2.4385151396879565,14.780154437472763,3.3222110833855454,0.4663920983659401,53.001262742068576,0.0,7.010470063,26.718765013376466,0.1514629650063446,0.585081868
TOX-3085,0,10.346457431640102,5.843558045904151,14.540275012199784,14.7006836,6.023195985490149,2.5664298960210603,10.423315998847038,3.1214400361154957,0.4437677289937427,16.001211514176674,6.544756405912575,7.0093664014686015,28.77770684803881,0.5505753246057178,0.7305023736240804
TOX-47515,0,10.31737858248188,5.737148918984875,14.78238677,14.699772939391202,6.027499647213493,2.475127847412044,26.000373824649976,4.030080229457276,0.3720753783814532,16.006334704331756,18.615504754771116,7.0126582686787575,99.27670239475913,0.6524233553118299,0.7027085970847256
TOX-1716,0,11.1477850810767,5.886936081181081,13.62699483317785,14.706306164128446,6.005002262733527,2.627839764695031,9.843390348640757,2.1662172569325784,0.3246987351738496,8.010457739448908,19.820645893538757,6.002690931378225,24.927173288379457,0.9880217955356508,1.4919499105545615
TOX-39329,0,10.433686760265203,5.687482124,14.546403683539705,14.700188953264709,6.028246999527855,2.4163344185694986,36.38011893655721,3.332395238050112,0.3401115068374337,53.00528563683938,44.00843707654926,7.013741200851061,79.50999746608323,0.1514489695936411,0.7231731945776344
TOX-5567,0,10.318932419273407,5.894017007911103,14.537801898512264,14.70164107467636,6.017552549192069,2.615252373019548,5.733667477162185,4.037977974683305,0.5045984773991835,16.013519692656146,12.297610012659364,7.014230160180137,25.268156870678663,0.6400733196934774,0.3709038054968286
TOX-8816,0,11.09160973650707,5.829780113871315,14.544586758547856,14.702713460581904,6.021973443529042,2.569313084945607,4.899909730850478,3.1213620547762364,0.3103164412193644,8.022010115353584,14.09534396535438,7.008266219,24.902433425556364,0.9877354185521674,1.1162023460410555
TOX-5171,0,11.087249166684124,5.826842812453203,13.627006378191153,14.706306023953358,6.005839054168647,2.572013151,9.843390348640757,3.029526512,0.3260752345279584,8.010475622638507,13.213763929025836,6.002691083315295,24.42425771161485,1.8562286355657545,1.2689161554192228
TOX-33475,0,10.305843404956557,5.7371521755740345,14.78234817640666,14.700468350177676,6.024510790094447,2.4751462639396262,10.423315998847038,3.2706750514818554,0.3992771437033193,16.00653575739215,11.505707213493578,7.010459867003265,81.11614127931435,0.6484822946816701,0.784185388
TOX-4458,0,10.34648539875364,5.830713218884247,13.644668891777012,14.699772900635878,6.023245539720348,2.5580312745042977,10.213054789681411,3.1217968127786504,0.4623213485127188,16.00121137966641,0.0,7.009382121343379,27.401603395567285,0.5506023208985713,0.6835348929421093
TOX-2713,0,10.34661964020482,5.819794751993226,14.542113117132008,14.699772940872474,6.025684129348811,2.556772090109009,26.58029947485625,3.126864943051859,0.3620183885684218,16.00121228038116,12.297610012659364,7.011552553522441,58.3473165,0.5472042296437254,0.7048210151977722
TOX-6383,0,11.10783579886662,5.845545563122264,13.644703097103765,14.699775623600557,6.023263100206981,2.5768337628919533,10.213054789681411,3.0479369859139847,0.454590186,8.030861888682704,0.0,7.009384073028267,22.15166536558511,1.9899958080270728,0.8143257302921169
TOX-31969,0,10.31977158366651,5.69927616826138,14.557308891056069,14.701767367165017,6.0177987465770215,2.4403546295991325,10.470530430962237,4.043808842353488,0.3890602096240065,16.013122119221634,17.565559882891808,7.014204841508156,25.49555156750089,0.6442356762967152,0.8560943014053328
TOX-1292,0,11.07574496755757,5.814582918757609,13.643773286661013,14.700546824466668,6.028488737190262,2.554339968,24.85098232239399,3.187846769266819,0.3634837415071826,8.029823939584597,0.0,7.009664521879599,51.99091354659672,2.8214969397517065,0.8474805363321797
TOX-43524,0,10.320179383844632,5.693372264950568,14.539655140712064,14.699975603954869,6.022577376453584,2.437894644,5.106527394840706,4.038965137568578,0.3427526426494396,16.01312145797988,4.722094864452088,7.014577264797676,19.493629667121493,0.6398896457777843,0.74298779
TOX-8353,0,11.07686392172362,5.814996804873269,14.537808111656783,14.701443232546255,6.021996751209483,2.5573407443268104,10.84019487200289,3.037548787015831,0.3311877860894119,8.028628897202406,0.0,7.008289790340299,17.117673511940517,0.9939322201016854,0.760797229
TOX-11686,0,11.015505988462689,5.754737634382907,14.544520241754052,14.701780231974247,6.0245229763100525,2.498769452,5.106527394840706,4.029838434813339,0.3443081181657494,8.024942505701947,0.0,7.010446044456751,29.05596775363009,0.9939374003861056,0.6453296703296704
TOX-3201,0,10.934278613820885,5.673242033,13.64975183847882,14.699767610568603,6.030161679158832,2.414101855960415,33.62760996622891,3.286441700323081,0.2696636276178826,8.035929116,13.213763929025836,7.011577582739619,46.575923077199946,1.9788051053391105,0.74956503
TOX-7534,0,10.973701496667848,5.709343923846316,14.547974097646025,14.707201768854231,5.034369505278718,2.449145709360578,15.946722266843596,3.2572499934254604,0.3545971386763123,8.007226616677105,0.0,6.00380462171041,15.19703331062862,0.9959563357197574,0.9404019404019404
TOX-3875,0,10.311866848570656,5.736933597770246,14.557979795928029,14.6965586160309,6.030087643,2.4760143185284584,25.731435013545905,3.270967882432907,0.3612795225839287,16.004889321437137,25.203200589699428,7.011549626518917,75.34031743866973,0.6502052414310662,0.7939755681706187
TOX-4008,0,10.337603434377296,5.694043238318897,14.782360937858735,14.699772387307156,6.025935182,2.4398316203246857,15.160178952647088,3.2710680774490064,0.347414659,16.003048567469687,11.505707213493578,7.011703573912188,77.39099852742874,0.6545825761974303,0.7874004745433933
TOX-17205,0,11.060624029410256,5.800205646486268,13.644792109527112,14.699771297574674,6.0286954572941385,2.5452663301939853,9.843390348640757,3.0482324416542457,0.2852277228065032,8.030945902,0.0,7.009369213,23.149104358492707,1.824543215587275,0.705228777
TOX-4015,0,10.338078202959965,5.736935083562867,14.557375518341663,14.696539493816362,6.030745545265754,2.4760176673978105,30.14858595059925,3.270898415952317,0.352576354,16.00200380298827,19.46953311253724,7.011550968,70.48027370070909,0.6549463873511423,0.7894820873364893
TOX-17838,0,11.05897965411826,5.799813552558072,13.62430209682938,14.707203387086931,5.005149666,2.541390270178547,10.213054789681411,4.019890433524222,0.3950124561512384,17.00212155809055,24.973770818966518,6.0037434116237565,35.18682560864792,0.7671330672299559,1.3601758385870346
TOX-2841,0,10.952967046310697,5.692431280482154,14.537818488966508,14.701054440458314,6.022035561,2.436990191545579,21.05324966,4.023011520082884,0.3363963081202215,8.02887114,0.0,7.008292909281494,26.82781272485731,0.9959547939932288,0.7899999999999999
TOX-1703,0,10.954087877085696,5.693586801250037,13.642663098886612,14.701218769238473,6.022033104,2.438177305837657,10.213054789681411,3.2034063954747705,0.3763102037360369,8.028745834725449,0.0,7.008291078737011,16.182360077633263,2.752035054617962,0.6242236024844721
TOX-15512,0,10.985549165418275,5.721396152376254,14.548392326887916,14.702710750433273,6.021948262,2.4614599651501075,10.216698334856808,3.1358135153656312,0.2843050949293885,8.022017208515216,26.17902562,7.008268768605067,41.9700936,0.9872569003884856,1.0351775956284153
TOX-5121,0,10.346625211419555,5.854607677,13.624502804493671,14.707168396090394,5.006690515167857,2.588058840207038,10.213054789681411,3.0256539489496284,0.4230173641025407,16.001210665426772,12.359735571259709,6.003750473794587,28.67675674868942,0.5472076354636236,1.124756638891052
TOX-6160,0,11.05834087927254,5.797077905,14.537873092083927,14.70248646631384,6.022150248996443,2.539409618558916,10.470530430962237,4.030627806,0.3077295872848326,8.022298649,0.0,7.008271305058753,17.612196928083495,0.9871812914976886,0.7510504201680671
TOX-5790,0,11.093872001023591,5.833483670459262,13.626994919838957,14.706306167996551,6.005003077248261,2.578790273317607,9.843390348640757,2.1843268419016995,0.2782127046172332,8.010457225031013,19.820645893538757,6.002691420406817,24.927173288379457,0.9879417778755926,1.3907894736842106
TOX-4020,0,11.061355260466458,5.799911261932066,13.647192077252994,14.699772380345738,6.024507937156658,2.5374702846086143,20.426109579362823,4.0239742070738505,0.3586067307526637,8.033364238104435,0.0,7.0104814774809325,43.93507625420205,1.985962623426848,0.7458074773065285
TOX-4343,0,10.34663051490006,5.893921666116468,14.537797969501314,15.596102667293817,3.012098291344662,2.617842983116003,5.733667477162185,2.111099009988424,0.4310288551512257,16.001210413310332,12.297610012659364,4.004842861850663,12.297610012659364,0.5471961366555392,1.2816609557325431
TOX-8340,0,11.11122807135952,5.8507712253263735,14.60156525609107,14.642380863336838,7.004127365,2.595597071702872,4.8375885837366335,3.0373855068643243,0.4529149115761114,8.064742177,6.606881964512918,8.001933855509886,11.69350100744546,0.9879457169049222,0.4103535353535353
TOX-2109,0,10.947328465013788,5.685126515406491,14.594824681924193,14.651573071349532,7.004118840838755,2.428597186562193,5.316788604006331,3.2210258037904844,0.3364569891033439,8.054533377731442,11.861545009918906,8.001936940762803,23.08693218685245,1.9916449713147732,0.7192785766512308
TOX-19221,0,10.931687055971029,5.669811072652446,14.691145539379706,14.701456430251744,6.028128160298239,2.413537487757256,4.736862953800049,3.239098191304536,0.3535465559769457,8.028852772236814,12.032673361623305,7.008271474415182,22.89748565205341,0.9880199646022358,0.7547152702212552
TOX-8044,0,10.46390117022148,5.886454349545673,14.54274747687661,14.70379125277614,6.014897740844351,2.4468011657536586,4.736862953800049,4.034236197,0.3714766103798367,15.010398669126197,40.52287182340605,7.006602058477621,45.19328801332735,0.5415671024182541,1.1257494167139768
TOX-49213,0,11.05737957272624,5.794490524231939,14.545290859608656,14.7021447,6.022362319219336,2.5341528944787286,52.25822329058077,3.224782159866008,0.2667175022669115,8.023198941833398,20.70222593,7.0082731984148285,102.69959216441929,0.9935715054170112,1.0917602699577005
TOX-1971,0,10.337824194345623,5.689091217051059,17.424773182288384,13.304118178535983,7.004066167,2.4318963270439147,19.846320666670863,4.023087578132456,0.3619918881451182,17.001104662619476,0.0,8.001922072607673,55.151342053953705,0.6593475613732822,0.6376993647391513
TOX-5382,0,11.059853706073032,5.799498565713527,13.64492668095828,14.69976983403145,6.030298185889629,2.5450573963494896,9.473725907600098,3.044270249,0.1872745860470011,8.031097368773114,13.213763929025836,7.009360331,25.152374504929536,0.9871436101857846,0.9076138897738132
TOX-2942,0,10.96078350170068,5.699183153164037,14.551008692411427,14.702696246967095,6.022186671927381,2.4423273610677376,0.0,3.2121155534681662,0.3016726229190397,8.022238553494244,0.0,7.008277485012574,4.567099647791355,0.9959478581350272,0.8904719501335706
TOX-6330,0,11.148193072850455,5.880069341826888,14.54326320007539,14.707202811793794,5.010573591530259,2.6111667033677946,10.213054789681411,3.0295079451845712,0.3083082838147251,8.007177155047035,32.84803314676356,6.003742490168767,47.960997667295445,0.9880148584504178,1.4720441061904477
TOX-21828,0,10.249799712425403,5.747980713802923,14.561293207636348,14.70178018007639,6.015893000190512,2.480155014155069,31.48020920570674,3.240621085720902,0.2863841840646523,16.10101916039051,24.68109888335021,7.009915077041705,65.98274287642928,0.5637981195803654,1.074750130205104
TOX-5381,0,11.05985053004286,5.799493931359714,13.644920393830184,14.699769834019191,6.030294683739629,2.5450294211653297,9.473725907600098,3.0442576363340663,0.1965530679734254,8.031089659758697,13.213763929025836,7.009359096108458,25.152374504929536,0.9871436101857864,0.8889806619786615
TOX-22082,0,10.95038645519403,5.6899224630735805,14.547476920643254,14.702710416063333,6.022016010149507,2.435618778829824,4.899909730850478,4.034367004185058,0.2505139281703832,8.022023526126405,26.30296040663687,7.008269409906337,42.00995959768933,1.9811505129221931,1.1432234473702088
TOX-3043,0,10.319770100533272,5.699276165572881,14.692458751287877,14.702145854743222,6.017552817156368,2.440354234180534,5.733667477162185,4.043815338376601,0.3450027063098129,16.013122450856095,10.455762341614273,7.014205923226836,18.19828172777516,0.6442364388778259,0.7877968042866618
TOX-5556,0,11.025319140889298,5.758052905662445,14.563229009930382,15.579306292136382,5.088694543958807,2.490619008116667,0.0,2.163216118,0.516078542,7.0890896975795386,0.0,6.0272695265312,0.0,1.957512440738313,0.7582417582417582
TOX-1895,0,10.337824065814177,5.689482931685799,14.56508704927533,14.68167345698061,6.033879543106553,2.4313093421147225,19.846320666670863,4.023087578132456,0.3543309806278122,17.00212887309783,0.0,7.010460769178113,55.151342053953705,0.6593406296761184,0.6836399221631546
TOX-28139,0,11.059850944603776,5.799494561176179,13.644928781473345,14.69976983403145,6.030299354665476,2.545035641793126,9.473725907600098,3.044276845350294,0.1845758209154536,8.031099946525048,13.213763929025836,7.0093607424715305,25.152374504929536,0.9871436101857846,0.913793571321963
TOX-14768,0,10.346626520017564,5.885475319147435,13.642531202797514,14.701445901111825,6.021995167772275,2.6022982488098814,5.106527394840706,3.037335091042539,0.579380164,16.001210567466277,5.752853606746789,7.008288772509906,16.828686289539345,0.5472135881531576,0.6990911740547414
TOX-46984,0,10.337896664306344,5.799928771271231,14.54027269036024,14.702713173769771,6.021943153594246,2.531128453757632,5.316788604006331,4.024885218349778,0.3240946683273989,16.002001899988905,12.297610012659364,7.008267145066906,22.951812195228428,0.6561923875948559,0.8042732054211646
TOX-14233,0,10.34654163953687,5.827151232680654,14.54014385280058,14.700683320521756,6.023197481021983,2.5610664163234955,15.56228973645498,3.1218495342386428,0.4067180438146449,16.00211260901013,5.752853606746789,7.0093675222390255,28.77770684803881,0.6560810148005634,0.5979017029248133
TOX-5562,0,11.142646853999691,5.879391944708387,13.638591398448987,14.70166688520214,6.016266438,2.604345664054665,0.0,2.139118085009289,0.6131471927654584,8.024138151471066,0.0,7.010067289179135,12.57232104625911,2.885968341,1.25
TOX-32459,0,11.011433743549636,5.744411155060442,14.69266800478783,14.702337843117387,6.022607674047132,2.4766751898292347,14.373635638450576,3.2680777073063427,0.3233054138179875,8.022736077812537,37.81006843621439,7.008277799944469,42.69064344881013,0.9879370507589204,1.0334086912835971
TOX-26609,0,10.319283397339808,5.693160448324483,14.6387392450442,14.701063295007192,6.022500971,2.4345174643299208,0.0,4.043000913369952,0.3540415590337034,17.001104143343554,5.008912523954532,7.0145795739892725,20.366817542828404,0.6420910782364552,0.7246269897476122
TOX-50252,0,10.338091263465436,5.785399985992463,14.544517298451662,14.701780231974237,6.024517835981138,2.521357313611598,0.0,4.029814221763554,0.3711934243890311,16.002001833557777,11.505707213493578,7.010442344612341,29.35118118453466,0.6516737262286243,0.4517455708549782
TOX-7627,0,10.98407554508788,5.7195354567146905,14.54784668,14.701441982360528,6.0220351880424525,2.459453357178145,5.106527394840706,3.134639388926297,0.3181898332820658,8.028638817632343,0.0,7.008290862723641,16.059811203739763,0.9879412503756182,0.593649009
TOX-6130,0,10.46188066802608,5.703491678951442,13.64798724067973,14.701474852521086,6.023647295956409,2.4481817975921816,19.999877995186363,4.118320553,0.2591819680673132,15.011176038193742,6.606881964512918,7.010058673470155,49.87826705116114,0.5402184704600541,0.7537870147289714
TOX-7440,0,10.94296008,5.682476734,14.544843079955296,14.705843489575935,6.010113700811359,2.4276119210938787,24.217025987091333,4.034946079190184,0.2472867957267703,8.013458720007677,53.04734349986624,6.002603868530172,86.20346396105246,0.9969600824097528,1.1747919897033636
TOX-4838,0,11.08935875295695,5.82740363596904,13.64526998504057,14.699772144238436,6.023259003339609,2.56131073,20.426109579362823,3.1751638610409247,0.3903195311147832,8.031399061530315,0.0,7.009386451739597,44.57265293076312,2.8854192959438216,0.7217016966320587
TOX-15561,0,10.96083296143659,5.699661141408499,14.640560027752253,14.70270979439545,6.0219962371513445,2.4445277804520007,0.0,3.233932270045075,0.292681799316134,8.022022033946252,26.1519284719861,7.008268253211054,43.00085876133605,0.9942839715503344,1.063282688766114
TOX-2039,0,10.953132463040138,5.692604915376063,14.537811715559116,14.701054614919313,6.02201319139587,2.4371693875806493,21.0532496616843,3.1778194095973817,0.3575763781642073,8.028868403144894,0.0,7.008292712042639,27.330728301621924,1.9849647053800896,0.7566204287515762
TOX-2424,0,11.009657041928602,5.748885023,14.544517571665937,14.701780231974258,6.024519313883395,2.4930198364320457,0.0,4.029818909965327,0.3535406625215835,8.024717248310377,0.0,7.010442968262611,17.845473971041084,1.9481079960645655,0.6116717325227963
TOX-5313,0,11.248031549569497,5.953092588740514,14.663059395406522,14.66200488920088,6.044183374804798,2.651350921038633,0.0,3.057170300816596,0.400830997369169,8.044195707984308,33.34345594449572,7.012113330432735,53.161100454105735,1.9862721209321967,1.0808874912648498
TOX-81326,0,10.960739740435072,5.699430663936803,14.537815606165326,15.596100318830985,4.055261897535883,2.444215905778845,5.733667477162185,3.0498980881127493,0.3403508251315998,7.012602887538329,5.733667477162185,4.005243097,0.0,2.7341871462650484,1.2056451612903225
TOX-35805,0,10.909453197342016,5.648722561367401,14.54378058437836,14.700192713706022,6.031549590381829,2.393025421665861,54.32712268321988,4.024125666307078,0.2166212559269535,8.03400574,32.12298092162193,7.0115743974259015,105.90209802441252,0.9872569003884848,0.8143074029484146
TOX-48903,0,10.451511612991508,5.835546957,14.543278723873208,14.704679728652987,6.014570162048788,2.4250061928259337,9.047494323423637,4.028493639909537,0.2713616559377604,15.01049243125766,26.423345939170947,7.006603285480521,43.40693732831734,0.5187484320531138,1.2089158914974305
TOX-45124,0,10.338090749747892,5.756136634714068,14.544518106046247,14.701780231974253,6.024519419142609,2.499804175047141,0.0,4.029819589,0.3663527133094356,16.00200194215802,11.505707213493578,7.0104432273862605,29.35118118453466,0.6516747777602727,0.5115284443786312
TOX-45133,0,10.338105351158438,5.767702854,14.54451810620738,14.701780231974237,6.024519410934043,2.5108895956729054,0.0,4.029815242,0.3663527133094356,16.002001905466763,11.505707213493578,7.0104432274394055,29.35118118453466,0.6518067261123714,0.5399466912885553
TOX-45522,0,10.337819911943695,5.785392140308849,14.544518829437244,14.701780231974226,6.024520484265729,2.5204061698681186,0.0,4.030050338416499,0.3323083226968152,16.002002725387804,5.752853606746789,7.0104436711931895,28.34535003100543,0.6561718941423051,0.6345893867109923
TOX-19697,0,10.994146649983964,5.729016543915709,14.548033324857233,15.589338070947631,5.033290091467932,2.4684968378587437,5.316788604006331,3.056992607211513,0.2779079239673526,7.044591332146781,7.047671983,3.0390557208579043,18.07349133277236,0.9934496023920424,1.2071932064161626
TOX-2028,0,11.058047092844168,5.795238260180955,14.541097095794845,14.70421904874809,6.01341243589509,2.535922838317687,77.62781348773389,3.1985701288144024,0.2710834918238415,8.023074621212741,13.151638370425491,6.008992282216777,140.64256995790777,1.97804119,1.0307708478406543
TOX-2307,0,10.953240036299963,5.692718142247763,14.537802415510171,14.70714934261554,5.015481715863978,2.4372936770048126,15.946722266843596,3.1775824887474644,0.3471064834880167,8.007703155217571,6.544756405912575,6.003954886445704,16.757811195593987,1.8922160488966808,0.8210714285714288
TOX-72300,0,10.959676350402974,5.700094325,14.543731361705312,14.702484436958883,6.022059907007677,2.4436306968203634,14.953561288656855,3.0602482552899413,0.2975213488377399,17.00110252363538,32.78590758816322,7.008269236913598,43.592997048365206,0.7739983706370367,1.1516963314161357
TOX-45569,0,10.31322351233426,5.746270079922686,14.544425315472,14.70178023197424,6.02323600525164,2.49048778862974,10.633577208012662,4.034569594023475,0.3052682131300837,16.004411756292697,0.0,7.009356137083602,16.926796343427768,0.6534628546291096,0.6428573760515669
TOX-4184,0,10.95967635,5.700094346949045,14.54453366284127,14.701162826775832,6.028252239771091,2.443630832,14.373635638450576,3.0601649060144323,0.3285409333905819,17.001102345957232,33.85386430029279,7.008270380594349,44.72307931909511,0.7739990252373438,1.2376611772104804
TOX-45482,0,10.313223496856356,5.747039118790401,14.544425312644716,14.701780231974208,6.023235839424359,2.4918863792762616,10.633577208012662,4.02982292014002,0.3052682131300837,16.004411756313587,0.0,7.009356062278124,16.926796343427768,0.6534611243978973,0.7266777140314393
TOX-3962,0,10.9544120179145,5.693071288373122,14.544069098253088,14.702710549716716,6.021947971483526,2.4374409028120785,15.950365812018994,3.1362009042562558,0.2723981371962066,8.022017756,31.912693100812486,7.008269069858741,36.98611508385229,0.987256900388488,1.0579545454545451
TOX-22266,0,10.954408524864869,5.692959809955856,14.548182100333468,14.701778093529771,6.023407984731999,2.436951563670722,4.736862953800049,3.2360281233816064,0.2791583878700598,8.02351761506464,49.316543797363664,7.009356956051698,56.23099352521619,1.8943494750119063,1.0667909564393936
TOX-45493,0,10.31322451034534,5.747124062348035,14.544423806647645,14.70178023197425,6.023234431472322,2.491983175697538,10.633577208012662,4.0298197813126295,0.3371640762186857,16.004411542704524,0.0,7.009355213233882,16.926796343427768,0.6534639592851813,0.6587135583876512
TOX-113362,0,10.32463783267943,5.699559215189124,14.64026125180838,14.701778475055589,6.023480469,2.443002202982751,0.0,3.237244294211079,0.2830953274552815,16.00751136751643,15.770678654655852,7.010058013,21.776111557614268,0.6480113383832479,0.7249188623440372
TOX-2721,0,10.985055208751088,5.724373840975101,14.544519854028987,14.70178023197424,6.024523655672084,2.468969485558377,0.0,4.034730518526026,0.30194961,8.024723608472138,0.0,7.010444346127229,17.845473971041084,0.9880047697194452,0.5237079573420836
TOX-3295,0,10.960820494306772,5.699559215189116,14.640255039191503,14.701778475055594,6.023293826854966,2.444189767394963,0.0,3.2369607321663785,0.2664910806026478,8.023346866002269,10.017825047909064,7.009357911982484,11.814359458703011,0.9879381783667478,0.6364727397416845
TOX-15316,0,11.077633242594324,5.816705193362502,14.544587552014573,14.702713153251512,6.021974093,2.559761180692315,4.899909730850478,3.1213687979357627,0.2718068298829802,8.022011488726138,14.09534396535438,7.008266627255394,24.902433425556364,0.9877337113923288,1.118247651356994
TOX-50254,0,10.338090091311248,5.779025730922143,14.544518821805326,14.701780231974215,6.024519950250372,2.5172724836705123,0.0,4.029839118934406,0.3323083226968152,16.002002046670718,11.505707213493578,7.010443616663602,29.35118118453466,0.6516712029385947,0.5124586698917095
TOX-45481,0,10.346698141970784,5.7468123109756375,14.544407299525156,14.701780231974258,6.023234087896643,2.491672815,10.633577208012662,4.029839405414734,0.3076095044312155,16.001212260599086,0.0,7.009355600703636,17.312167054658318,0.5505994919353776,0.7756686319626895
TOX-4073,0,10.943773862402685,5.680027644905502,14.557550729034697,14.70269468581077,6.022242064118347,2.4196128850326635,0.0,3.2970232593533377,0.2833150232629264,8.022246149,0.0,7.008278153,9.551078168738565,0.9950250156680958,0.7519466073414905
TOX-13429,0,11.03581574250764,5.775020641107511,14.544560488407395,14.700290211999585,6.030158208169921,2.5172147708001447,53.37753259197293,4.0254923438520445,0.2079517212221938,8.03251299221228,27.812023471144837,7.009373391900641,138.94270820937098,0.9927589901769548,1.0811881390085922
TOX-5896,0,10.93787625853046,5.677367547926641,13.626975364361844,14.70633004999178,6.010062030185339,2.4219565826260228,9.843390348640757,4.023332946909012,0.2001906600060007,8.010452360227182,0.0,6.0028072168643325,10.707578205824394,0.9876115876775644,0.9141061452513968
TOX-50239,0,10.338090909089924,5.7738549900794895,14.544518067449376,14.701780231974237,6.024519234758463,2.5123176588460945,0.0,4.034554513,0.3501614471810181,16.00200194,11.505707213493578,7.010443002481368,29.35118118453466,0.6516719386578326,0.4810829790266678
TOX-5685,0,11.104755926486694,5.813116907,14.56444724993712,15.578435271411406,5.090355790088723,2.5175073194817505,0.0,2.188871833574936,0.5544923070581674,7.091332482828418,0.0,6.028462043,0.0,1.9899139058959523,1.0655940594059403
TOX-3512,0,11.058132837904392,5.795419390031865,14.543005228224755,14.701998741717448,6.022573397,2.536000385316859,88.05112948658092,3.199638521527398,0.2607610347462896,8.027226278307706,19.696394776338067,7.008281851935707,164.3049998757608,1.8901846419710375,0.981528912
TOX-45552,0,10.313209531513074,5.779037008324826,14.544423589796525,14.701780231974231,6.023233849394541,2.516922231432965,10.633577208012662,4.029838065800716,0.3548794940695398,16.004827925664944,12.008622790258194,7.00935508119054,28.93541913368596,0.626960686364856,0.6239691230445065
TOX-35699,0,10.953297678426674,5.692974329647049,14.537800319105877,15.596101484787276,4.053468066,2.4389461195388824,5.733667477162185,3.129032818632666,0.2634215355330259,7.012117567694663,6.544756405912575,4.004846321608634,6.544756405912575,0.99393794717687,1.1979808809077097
TOX-50152,0,10.337973215678517,5.778114108924602,14.544520351000571,14.70178023197425,6.024522315786447,2.5141148718385047,0.0,4.034570782527323,0.303613058,16.002002562497932,5.752853606746789,7.010444889502245,28.848265607770045,0.6548980949293073,0.541650126
TOX-45218,0,10.338107340764124,5.785398934247029,14.544518821963576,14.70178023197424,6.024519942260698,2.521288745110258,0.0,4.029816901987677,0.3323083226968152,16.00200201009775,11.505707213493578,7.010443616858519,29.35118118453466,0.6518004795584923,0.5372151273744009
TOX-7640,0,11.078291984575518,5.815191358947484,14.540222113357748,14.70816417819348,5.006063697908598,2.556036174518712,10.423315998847038,3.0501385843711417,0.3093575534781379,8.006078529158215,0.0,6.002597769968823,23.29417544088493,1.8903760353004655,1.148315773853687
TOX-45499,0,10.33809032095925,5.772894927428238,14.544518825833867,14.701780231974244,6.024520212764589,2.5117486944560192,0.0,4.034567775621813,0.3323083226968152,16.00200205,11.505707213493578,7.010443616230536,29.35118118453466,0.6516715514673501,0.4753239836676726
TOX-45617,0,10.313223508294763,5.746142587991254,14.544425321868497,14.701780231974244,6.023236114,2.49035509403296,10.633577208012662,4.034570784932363,0.3052682131300837,16.00441175653372,0.0,7.009356167,16.926796343427768,0.6534611376026265,0.7022667674947689
TOX-1818,0,10.953302277665776,5.691968672,14.541410745153804,14.70241492718604,6.022017412484417,2.436122339730494,20.476967556653417,4.017043833,0.2684356087775837,8.022256406085665,18.468426974431825,7.008270583815538,35.808237134749355,0.9899125060723218,1.0635651758079727
TOX-7774,0,10.95102439693029,5.683384465543877,14.550497163779804,15.588350937926668,5.05259786763747,2.419101132598263,10.633577208012664,3.2179533811011845,0.2725056253188386,7.0537943635087625,24.728921173367045,4.005247556539492,24.0633010072488,0.994032850967308,0.9588136232978136
TOX-2930,0,10.951832815903511,5.691438120177375,14.544519196488348,14.701780231974247,6.024524289877163,2.437101115,0.0,4.034708050323868,0.3413328137153022,8.024722014135074,0.0,7.010444044987243,17.845473971041084,0.988006675,0.5607086969763804
TOX-1837,0,10.95392123586636,5.692877143454854,14.594780049701937,14.65153807925916,7.004118152685578,2.437797598950442,15.529843393687743,3.162827177248761,0.3957316356993691,17.00320340025933,6.606881964512918,8.001937348858096,38.52853805176152,0.7679165169759368,0.7284822130048595
TOX-3038,0,10.31977204000868,5.699276169541616,14.559172529711685,14.701769224210029,6.017795430960136,2.4403576756027325,10.470530430962237,4.043808759019011,0.3890602096240065,16.013122119620398,17.565559882891808,7.014204841862134,25.49555156750089,0.6442357205237657,0.8602557103778675
TOX-5963,0,11.078266576857358,5.814951965677361,14.54390472862248,14.708164050980235,5.0132178179011335,2.555117405510469,10.006437125691184,3.1554396514803456,0.2884933937789757,8.006079246560304,7.047671983,6.002598007230937,35.2417571544126,0.9969694114457052,1.366784556439729
TOX-26410,0,10.313224005232636,5.747118289738237,14.54442455619971,14.701780231974226,6.023235081140105,2.491977262186521,10.633577208012662,4.029820829918702,0.3199929579056392,16.004411649377634,0.0,7.009355622746755,16.926796343427768,0.6534634004889122,0.6621840168599475
TOX-27080,0,10.311375012804952,5.692584498594345,14.78178676008478,14.70214201117046,6.017550797171458,2.432086799175461,5.316788604006331,4.042999022505235,0.4185066774089065,17.00110504666517,5.316788604006331,7.014211664431824,29.04193079224075,0.6420254819260361,0.6857694947260287
TOX-44657,0,10.33811486,5.746013580421894,14.594886668301152,14.65157329716417,7.004115107764843,2.491221235730196,14.633849271910154,3.079205434209673,0.318696615,16.002002463138826,39.98538237,8.001935915986683,55.64422293202893,0.6517894605748501,1.019672603901612
TOX-44880,0,10.313208255777749,5.778125500175975,14.544425850296834,14.701780231974228,6.023236169665984,2.513757112493789,10.633577208012662,4.034570782527323,0.3070496821434603,16.004800822627843,5.752853606746789,7.009356339870225,27.92958798015673,0.6530815071645728,0.6548233328419087
TOX-3203,0,10.953975791381902,5.692605398131926,14.54024672673254,14.70144080492087,6.022003294489018,2.436439766749131,10.423315998847038,3.2307789225066976,0.3522257808970553,17.002124669383576,5.316788604006331,7.008291963,11.075832682792557,0.7730833712270181,0.934803832405852
TOX-55278,0,10.96004427879364,5.699543889698002,14.54579068904386,14.70118379366978,6.028977094,2.444163099363994,19.27354536930105,3.1227500520519014,0.2914537998507649,8.029022926759916,41.34232630113425,7.008271110927945,57.23538583377362,0.9930585855409286,1.1204967207280494
TOX-6497,0,10.954280967037706,5.693936550576653,14.537808162856406,14.708163749182376,5.006102869242196,2.4397659385160235,10.84019487200289,3.159260620007683,0.3035653568889487,8.006081416791147,0.0,6.002598875304166,11.148368223988664,0.993942786631936,1.0612025316455698
TOX-73112,0,10.466337121351,5.799514393469545,13.641838938109014,14.704680103323891,6.014336050947541,2.460809074880688,9.047494323423637,3.042313027831093,0.2191840189918002,15.009150455798682,13.213763929025836,7.006687576855888,13.213763929025836,0.4329227676365337,1.0969498731474778
TOX-3363,0,10.933756795704891,5.672985657842527,13.65146576936332,14.697804254608831,6.038877638,2.415576867953156,9.523678331894054,3.291188711,0.2591562890417406,8.039014784,0.0,7.009365897808872,10.889772341205646,0.9959494522470552,0.742981283
TOX-37664,0,10.985791042719551,5.724681273140905,14.543664707531832,15.592169610351768,5.011675505612636,2.4696135016985674,5.316788604006331,3.173089608471503,0.223150575048101,7.030008161868315,19.634269217737724,2.518642364814472,36.61786060688412,1.8370712925366852,1.337599598469164
TOX-42888,0,10.313224513907866,5.768043711796084,14.544423820936023,14.701780231974244,6.023235081167999,2.5085614719080245,10.633577208012662,4.039324072946354,0.3371640762186857,16.00441154292382,0.0,7.009355127217017,16.926796343427768,0.6534623253080976,0.6405772005772006
TOX-45114,0,10.313224596475942,5.744461228102686,14.544423855648391,14.701780231974272,6.023234840171169,2.489058076184863,10.633577208012662,4.029820149482452,0.3522257808970553,16.004411544884306,0.0,7.009355392989006,16.926796343427768,0.653465848,0.7383840622722457
TOX-2727,0,10.982593631300505,5.721937468459882,14.54677572870031,14.70178021627027,6.024619371583604,2.4666231574421484,0.0,4.033869674372855,0.3165263962287297,8.0247254712555,7.04767198267719,7.010442991221561,29.79305568456875,0.9954046458678406,0.6102467389596103
TOX-45573,0,10.31322452182494,5.746278947521248,14.544423815862066,14.701780231974256,6.023234705495162,2.4904953754099166,10.633577208012662,4.034567452992694,0.3371640762186857,16.004411542924522,0.0,7.009355317820988,16.926796343427768,0.6534639726096334,0.6315708402244057
TOX-45500,0,10.313209554689632,5.77290377,14.544424343922714,14.701780231974258,6.023234766074385,2.511440706807945,10.633577208012662,4.034567775621813,0.3365132406700047,16.00480036490705,11.505707213493578,7.009355490576368,28.432503556921347,0.6513605238163058,0.5818921144739552
TOX-109562,0,10.954417288370845,5.694082534823156,14.540847770096944,14.708163797174311,5.006096275770622,2.439928216296442,10.423315998847038,3.129055189847096,0.3035653568889487,8.006081046262429,13.592428388589765,6.0025986756622025,18.69895578343047,0.9959617742959416,1.1824938574938575
TOX-6281,0,10.311309475357428,5.733552972250984,14.552061586974466,15.588051819902637,5.042560600051082,2.47252211607868,9.799819461700956,3.1316281397097456,0.3093817787195025,17.001108268129475,32.08476650803001,3.0391169899834427,37.06874502897722,0.6530504884261129,1.377039193457851
TOX-37004,0,11.03599784533639,5.758087546674809,14.565148898955837,14.701759688248185,6.0248944929549655,2.4762326791377816,9.361636831863176,3.331527195429171,0.2945247039512274,8.024940726258716,0.0,7.010453709936054,24.46852241068621,0.9877853452513362,0.6707000690289923
TOX-45520,0,10.338111151914925,5.785355055996037,14.546776195786904,14.70178021627028,6.0246175250476695,2.5211140249826425,0.0,4.029879616590729,0.3169584361002834,16.00200211442594,18.553379196170766,7.010443435279455,41.29876289806233,0.6517901253179132,0.538631415
TOX-41224,0,10.931649433257984,5.6686933814766505,14.548159459458772,14.702426033691676,6.022052153731471,2.410510225688576,20.513821914634956,3.2733330018274467,0.2762918245010655,8.022432599959558,0.0,7.00828178,27.28071496892454,0.9871897093922024,0.7435770750988142
TOX-45235,0,10.337978428268007,5.785397368,14.544519580789082,14.701780231974244,6.024520913618959,2.5211078014882755,0.0,4.029818246220437,0.3169584361002834,16.00200245334367,5.752853606746789,7.010444231036709,28.848265607770045,0.654904275,0.5168708988852873
TOX-45232,0,10.313225028735676,5.746289574635143,14.544423067058917,14.70178023197422,6.023234054084041,2.4905034618813207,10.633577208012662,4.034562372421374,0.3574579861932601,16.00441143627318,0.0,7.009354908596271,16.926796343427768,0.6534645459625572,0.6391269286456737
TOX-4347,0,11.256605941678233,5.987924360470514,14.645934107110987,15.487358112158448,4.015930199695529,2.7191824626368897,0.0,2.02366369331214,0.3862534428571301,7.115655312292086,7.047671983,4.008064242095712,7.047671983,0.99596749672906,1.6588235294117646
TOX-2639,0,10.950177425980383,5.691142841275348,13.64326226239426,14.70061514146187,6.023442045,2.4327185007560144,9.843390348640757,3.2654820014817294,0.341547011548178,17.002139160560958,6.606881964512918,7.009370361885654,23.46595959367041,0.7729079748138415,0.7934722134412341
TOX-3996,0,11.037937831166948,5.776130603193914,14.544518237630502,14.70178023197423,6.024519228211529,2.5163734987890787,0.0,4.029816305028036,0.3070203159882775,8.024718895129103,0.0,7.010443088321992,17.845473971041084,0.9871919612117868,0.5376737957383119
TOX-15253,0,10.31123055916538,5.733561606986281,14.552232590724882,15.587995394448775,5.042472659966052,2.472556983556749,4.899909730850478,3.129354615,0.3093817787195025,35.00041798111822,32.08476650803001,3.0391184893042613,37.06874502897722,0.2559866229583528,1.3864785664083563
TOX-31857,0,11.06486627851191,5.802422687934675,14.547579453346335,14.699772943512937,6.029485629566267,2.5428757787602194,58.060508680563,3.198777971796826,0.2510738995206474,8.03550771872987,19.696394776338067,7.01485772973365,128.85193467184868,0.9886232507691808,0.7182656937553087
TOX-13140,0,10.337671924080986,5.699559215189126,14.640258708124644,14.701778475055564,6.023299269246994,2.443324493915149,0.0,3.237077559602606,0.2745382248092298,16.002003928548138,15.770678654655852,7.009360166594168,17.5672130654498,0.6561901553772022,0.7623848921330509
TOX-78879,0,10.951807678994712,5.691478017631332,14.543265659582923,14.70256006623222,6.014668207889791,2.437349011716107,14.800974309763005,4.02496348198261,0.269205003369975,8.021974759260162,26.241151182250643,7.008813230867598,42.53374883107138,1.891206037428516,1.2151200519143412
TOX-3422,0,11.034004478460515,5.773123266858328,14.54456271280917,14.700272111011486,6.029875458639915,2.514833409749356,58.85372442785429,4.029162692717834,0.2030019474134664,8.032845260847365,21.205141506631914,7.00937821,147.64701626875856,0.9874854620857806,1.082217245240761
TOX-45128,0,10.313224607971026,5.742661289337427,14.544423864863152,14.701780231974215,6.023235114242207,2.48684729931996,10.633577208012662,4.034567831111064,0.3522257808970553,16.004411545104325,0.0,7.009355497593429,16.926796343427768,0.653465861330305,0.7089685407947827
TOX-47550,0,10.941502539774712,5.6809462465860285,14.54474842701114,14.701780457474484,6.025726201739866,2.4251727533111604,31.266304451365716,4.034822063,0.2821231253854924,8.027617917,14.09534396535438,7.011557792485525,85.53166326673467,0.994033879,0.714674632
TOX-45132,0,10.313208325681472,5.767702042655801,14.544425899387283,14.701780231974263,6.023236578682686,2.5087766325979795,10.633577208012662,4.034588974896518,0.3181787700042918,16.004800826173714,5.752853606746789,7.009356519672519,27.92958798015673,0.6530814796582223,0.701674343
TOX-9526,0,10.3120112247304,5.805383788566608,13.64598926677536,14.702157048102912,6.017514290231385,2.551137485811276,0.0,4.04365969,0.3437749295636171,16.01300961464254,5.752853606746789,7.014197695638519,19.420588621057902,0.6385940352605537,0.6151909979271541
TOX-31856,0,11.061915929483296,5.800222500604273,14.546783227711025,14.699772943513093,6.0294586490415245,2.541291290555376,58.47738755371885,3.1627853724968644,0.2477175530381624,8.035502664208337,19.75852033493841,7.014858215821277,117.91018411185026,0.9871458929832486,0.71385496
TOX-45526,0,10.338110566895908,5.784357798,14.546776949752168,14.701780216270263,6.024618508270956,2.520586290752487,0.0,4.029884640993274,0.303613058,16.002002220913667,18.553379196170766,7.010444049372635,41.29876289806233,0.6517895876604929,0.5408936468066333
TOX-8565,0,10.233540693095293,5.889514064303131,11.380103333834365,20.468279573118814,2.022188282721922,2.4511862297501548,0.0,3.0295567821787603,0.3206678396779199,16.032111775748277,17.258560820240366,2.026391459839036,17.258560820240366,0.4276808179232834,1.2959772267585583
TOX-19182,0,10.951801022291104,5.691477990175846,14.543911779605354,14.701235815990566,6.028333765027737,2.437308255870112,14.743300079491233,4.028923909116309,0.2495760252648292,8.028898944889436,13.654553947190108,7.008272076454521,47.81794440687736,0.9953955889579325,1.0422882258923811
TOX-62288,0,10.960027420318236,5.699521519688605,14.543727219478049,14.702305214152435,6.022324252143073,2.444082494498158,24.427287196256955,3.1792498948860644,0.2835272489202512,8.022505437566112,45.99967151718905,7.008269563752396,62.91072736513933,1.8944328611854504,1.1499630625393598
TOX-13378,0,11.063793841713286,5.803454315162457,14.544592335410211,14.702711313726008,6.021978003882838,2.5492307273238057,4.899909730850478,3.1214036084768866,0.1871383713612488,8.022019803,14.09534396535438,7.008269084582777,24.902433425556364,0.987729551,1.2010613207547165
TOX-45200,0,10.33810761,5.785398202,14.544520340776158,14.701780231974242,6.024521894001994,2.521247973221343,0.0,4.029818865858795,0.303613058,16.002002222682354,11.505707213493578,7.0104448454081885,29.35118118453466,0.6518030324219408,0.5372495248641933
TOX-45527,0,10.338117051474692,5.778700596067758,14.544520335377907,14.701780231974254,6.024521731236217,2.517908435219333,0.0,4.029818020935693,0.303613058,16.002002216239287,11.505707213493578,7.010444800676078,29.35118118453466,0.6517724300300911,0.4884347758509249
TOX-45223,0,10.338111439897991,5.785397012362178,14.544519581237566,14.701780231974228,6.024520915537135,2.5213049290879104,0.0,4.029817835951134,0.3169584361002834,16.002002114185967,11.505707213493578,7.010444230972782,29.35118118453466,0.6517905806215404,0.5406898343177888
TOX-72505,0,10.953404924617868,5.692921176419322,14.543332916596166,14.70057829919502,6.028868538833915,2.4376458604991598,19.110498592250625,3.180899214513372,0.2566369102464694,8.029636404392331,33.41307428212852,7.009357522593148,50.18946903028235,0.9871630507439684,0.9789762340036562
TOX-12387,0,11.066442740850269,5.8060272404400415,14.544589939039732,14.702712232583048,6.021976045554103,2.55140731755301,4.899909730850478,3.121386092889249,0.21425260143861,8.022015632020233,14.09534396535438,7.008267854527346,24.902433425556364,0.9877316225155444,1.1589087100967792
TOX-22892,0,10.925175054799828,5.664329479773976,14.54981070671222,14.701777188072253,6.024939998936154,2.4095985059964677,20.307204250644723,4.036725010686102,0.2385987786951449,8.025628127438944,20.13718479450234,7.010456032432182,92.41051310786752,0.9871505855530844,0.7436757200628678
TOX-45210,0,10.337974557178802,5.772942382200053,14.544521111101933,14.701780231974247,6.024523312803007,2.5099839491079945,0.0,4.034638975657428,0.2918969979168955,16.002002668649112,5.752853606746789,7.010445504232769,28.848265607770045,0.6548022363383634,0.5019416315911138
TOX-1965,0,10.311452929674482,5.691515856167988,14.547856237857058,14.701440112454224,6.022005831911732,2.434862322349914,5.106527394840706,3.213115225332632,0.3380126916432293,17.00110379793291,0.0,7.008292674116395,16.059811203739763,0.6531842163576141,0.9078879481559086
TOX-2094,0,10.946123629996524,5.68564948762529,14.544534431139326,14.701190358905372,6.028860325237176,2.430458397741108,14.373635638450576,3.2130934649703824,0.2520181399038687,8.028954309992297,27.246982335779872,7.0082722366403125,38.1161973545822,0.9882351501347844,1.081548246770367
TOX-45496,0,10.338110668920534,5.783916257702534,14.54452033423821,14.701780231974256,6.024521729455328,2.520567541,0.0,4.029822175823919,0.303613058,16.002002220411185,11.505707213493578,7.010444800371438,29.35118118453466,0.6517910605959265,0.4907662067619077
TOX-45478,0,10.313224008176212,5.745725240878648,14.544424566729049,14.701780231974242,6.023235463299817,2.4903327830259423,10.633577208012662,4.034568351118168,0.3199929579056392,16.004411649616998,0.0,7.009355652129509,16.926796343427768,0.6534618749090015,0.6729867940121023
TOX-50151,0,10.313224012032952,5.745793145462777,14.544424571943036,14.701780231974231,6.023235468874523,2.489971590842079,10.633577208012662,4.034587429172799,0.3199929579056392,16.00441165,0.0,7.009355757220915,16.926796343427768,0.6534616917220679,0.6899587902183619
TOX-45523,0,10.338109991573974,5.778998560232021,14.546777711033563,14.70178021627029,6.024619658873319,2.517094039748846,0.0,4.029904604613667,0.2918969979168955,16.002002327665963,18.553379196170766,7.010444708646448,41.29876289806233,0.6517877140411825,0.592147437
TOX-33403,0,10.953284563546278,5.693731341874968,14.564454902220266,15.578435271411388,5.090629475242423,2.4377708576357398,0.0,3.177495355880812,0.3652050173140734,17.00110192028899,0.0,6.028465541011403,0.0,0.7740102405264531,0.9343381160977744
TOX-45518,0,10.33797769774444,5.778113959660574,14.544520344536515,14.701780231974256,6.024522153911138,2.5141798127323907,0.0,4.034569932719943,0.303613058,16.00200255985508,5.752853606746789,7.010444844732287,28.848265607770045,0.6548900386116008,0.4854802986995494
TOX-45514,0,10.337978299671144,5.778786757266948,14.54451958505207,14.701780231974237,6.02452117802429,2.5145275937060845,0.0,4.03456484605776,0.3169584361002834,16.002002453344645,5.752853606746789,7.01044423056213,28.848265607770045,0.6548906029812706,0.4811424957365345
TOX-45117,0,10.313208617221598,5.755103661139541,14.544425883635132,14.701780231974258,6.0232360963818055,2.4989893109922146,10.633577208012662,4.029822445296018,0.3181787700042918,16.004800708167583,11.505707213493578,7.009356460637617,28.432503556921347,0.6514572439605526,0.6333293177019599
TOX-6625,0,10.952657277927242,5.692189464676173,14.543329098240449,14.702359847013826,6.022249017473082,2.4370249122747296,14.373635638450576,3.18080514364678,0.2594296989332637,8.022455886424996,26.80619232,7.008269153553378,37.61328177781759,0.9872569003884863,1.0839785097597596
TOX-45516,0,10.31320868910706,5.778798684443679,14.544425093787874,14.70178023197426,6.023235409400066,2.514157181628789,10.633577208012662,4.034564846,0.3207438276729299,16.004800644723506,5.752853606746789,7.009355900402378,27.92958798015673,0.6530777522803508,0.5875600969411149
TOX-7596,0,10.954055612361264,5.693692052496164,13.636697296251546,14.702719684239986,6.021912197,2.439073548628772,0.0,3.135730034216916,0.3718023919979373,17.00110095156682,5.880003444970339,7.008266423109477,11.663248391335278,0.7679349581877775,0.893890871
TOX-45524,0,10.338111446559516,5.773854845312959,14.544519585506514,14.70178023197427,6.024521180686087,2.5123123800926246,0.0,4.034556548241806,0.3169584361002834,16.002002114186467,11.505707213493578,7.010444230489197,29.35118118453466,0.6517903442356281,0.5049614311690362
TOX-45533,0,10.338111212334915,5.785398734797674,14.544519574767325,14.701780231974254,6.024520753671266,2.521345888653507,0.0,4.029817070785398,0.3169584361002834,16.002002113921726,11.505707213493578,7.010444186221251,29.35118118453466,0.6517914295655807,0.4865288622260891
TOX-37822,0,10.94942217103994,5.689108725760758,14.543268290588898,14.705887309421952,6.007981502553835,2.435019079921845,9.473725907600098,3.062693801716752,0.2370324531584259,8.011268819533674,32.84803314676356,3.5115586337412106,37.74794287761405,1.8570333517645288,1.4029588014981276
TOX-45613,0,10.313208211275215,5.778125351016414,14.544425843912157,14.70178023197423,6.023236061527548,2.51382014804716,10.633577208012662,4.034569932719943,0.3070496821434603,16.004800821154586,5.752853606746789,7.009356310001515,27.92958798015673,0.6530776144966396,0.5914111440817672
TOX-6105,0,11.072985975710075,5.8116916523630735,14.537805836679905,15.596101617956425,3.1177876397344124,2.556188515,5.733667477162185,3.021907437179539,0.2322040208572166,7.012275679056009,0.0,4.0045577590397485,6.041840829147961,0.9878244792465553,1.5217391304347825
TOX-14333,0,11.0359867162693,5.757866242224276,14.691354012918117,14.701775883687429,6.023752374896942,2.4752649351310683,0.0,3.2848997895034824,0.4573702572706408,8.023844213996567,0.0,7.00937035140414,24.73242030628785,0.9969680472508786,0.6358860759493672
TOX-45489,0,10.31322350366023,5.745717530624467,14.544425316771914,14.701780231974258,6.023236113487652,2.4903257690411578,10.633577208012662,4.034569581070508,0.3052682131300837,16.004411756311946,0.0,7.009356061808706,16.926796343427768,0.6534613052581779,0.6737873298686533
TOX-7836,0,10.925175054411024,5.664329479543184,14.549807453236316,14.701777187879705,6.024936577191918,2.409598511229057,20.307204250644723,4.034173674440464,0.2473704897435049,8.025622195299901,20.13718479450234,7.010454750694784,92.41051310786752,0.98852929,0.7826691524980354
TOX-59282,0,10.951807673311883,5.6914779661864126,14.545367111600475,14.701785016084242,6.022172014249983,2.437348647712074,14.594356645772775,4.024967964701863,0.2665601704083098,8.023201011198067,33.729613183092106,7.009661255060169,55.72277289727411,0.9949369827630368,1.1788991957369122
TOX-47096,0,10.949621771701276,5.68903802032226,14.547446645044454,14.702373525590996,6.022170419720751,2.4338944965788336,9.473725907600098,4.041087716377643,0.2571511624863481,8.022275740038522,47.0673119,7.008269907274521,62.6503763031704,0.9966233683515424,1.142388001176355
TOX-28092,0,10.9251750547744,5.664329480962684,14.549808978247231,14.701777188072567,6.024937938880784,2.4095985134618365,20.307204250644723,4.034525357171355,0.2428535105133201,8.025624808738563,20.13718479450234,7.010455366451745,92.41051310786752,0.9871917966355204,0.7587274994155693
TOX-2183,0,10.954388444128298,5.693155378571547,14.543495306133584,14.701464872476746,6.028124664721267,2.437591499373879,15.370440161812713,3.1362009042562558,0.2812220996229452,8.028769789895563,31.97481865941283,7.008270623427717,37.110366201052976,0.987256900388486,1.02973980125523
TOX-45118,0,10.338111287554844,5.7561360542334805,14.544519624156582,14.701780231974228,6.024521365402856,2.499804071952324,0.0,4.029821493878967,0.3292773562589138,16.002002116098495,11.505707213493578,7.010444455563564,29.35118118453466,0.6517930654811088,0.5257940795159897
TOX-3462,0,10.953459479893024,5.693143214650526,14.543911378741909,14.70123604,6.028305575916677,2.4390233730565547,14.743300079491233,3.1669498184439635,0.2578161758879586,8.028896279,13.654553947190108,7.008271880346841,47.81794440687736,0.9969652110575764,1.0469879518072287
TOX-62538,0,11.04424463696467,5.775926725712299,14.559412514592482,14.706814039022586,6.007588999,2.507583149335179,10.470530430962237,3.0733811406616485,0.2574277313380937,8.010098629237357,31.97481865941283,4.005320329501701,41.10901795499554,0.987143621,1.0070593425987204
TOX-2434,0,10.950502374533972,5.693166224388101,14.540656515434382,14.708162046852651,5.006072125150772,2.433419946657168,16.156983476009223,3.2311617665657453,0.3167514985102441,35.00142603839283,5.733667477162185,6.002600403115552,17.25233461173697,0.2550798904612953,1.104149776727303
TOX-45222,0,10.313208202894922,5.778797691073943,14.544425850581083,14.701780231974244,6.023236167659818,2.514125151106915,10.633577208012662,4.034566680260921,0.3070496821434603,16.004800821563865,5.752853606746789,7.009356340046521,27.92958798015673,0.6530771115980827,0.6574513863516421
TOX-15010,0,10.953782019951948,5.693361732,14.54085384260635,14.706461713686425,6.007464907314375,2.4386421484329803,10.05365155780638,3.178970094307365,0.2694585025493821,8.011076370510668,14.157469523954724,3.5135326855016054,20.19931035310268,0.9933900678812796,1.269405859694176
TOX-39855,0,10.92517505,5.664329479541844,14.549807500133584,14.701777187879593,6.024936678,2.4095985112697003,20.307204250644723,4.034176032,0.2473704897435049,8.025622235528157,20.13718479450234,7.010454750496747,92.41051310786752,0.9875798582602382,0.7685528751984716
TOX-7887,0,11.076421114045976,5.814796719284476,14.541356346285395,14.707146481789655,5.009916470661834,2.5550608200687512,31.059686787375487,3.171609587526095,0.326715929,17.002123290953183,37.93903251359098,6.005838047,82.78100764,0.7670707119809469,1.0761989917742365
TOX-45131,0,10.3379706604835,5.767702042401177,14.544520400701153,14.701780231974237,6.024522925640688,2.508908873094363,0.0,4.034588974896518,0.3145165908554681,16.00200256455568,5.752853606746789,7.010445158995202,28.848265607770045,0.6549028051204324,0.5854289889360519
TOX-45213,0,10.33797428351836,5.774014863245012,14.544519591310422,14.70178023197425,6.024521359369372,2.510576590323634,0.0,4.034635897414062,0.3169584361002834,16.002002455975536,5.752853606746789,7.010444275190046,28.848265607770045,0.6548011682621082,0.5041012926231333
TOX-1954,0,11.14518731366368,5.873862268,14.5445723714572,14.69977293678647,6.025750746796591,2.595435227616616,20.426109579362823,3.0548709879486613,0.3379482674931467,8.035257511416672,39.26853843547545,7.011580732566825,93.37168862834665,1.8966223354686376,0.9798736090122268
TOX-39340,1,10.91598813740204,5.655656926173939,14.692357258889208,14.70249123300368,6.022291318666333,2.4014447838252417,4.736862953800049,3.1941438023007547,0.2907698534033404,8.022379393981625,6.606881964512918,7.008278929742572,16.38736670795914,0.99594873383362,1.0291914282836423
TOX-10302,1,10.936066710340652,5.675231409281698,14.551177361215542,14.701133327942848,6.028118524,2.4204477271486478,14.410489996432108,4.033949988472991,0.2537519472528834,8.029278793206876,20.19931035310268,7.008273097,40.742152414537074,0.9879244477460262,0.8649414622625595
TOX-59782,1,10.951807678057344,5.691478015792552,14.543718857907136,14.702716917239163,6.0146707650248015,2.437349004736637,15.011235518928627,4.024971599785679,0.2329708934037811,8.021894470725606,26.17902562,7.008813946332584,37.36509587763033,1.8911259430466945,1.272089499073252
TOX-14596,1,11.069729931044186,5.809186725280944,14.543325029074252,14.702510394302186,6.02205677367209,2.553921939956568,9.636772684650529,3.124508831719211,0.2433652035939858,8.02214153934095,26.303276740850983,7.008267927953906,37.11036620105297,0.9879375339625366,1.1586375265454911
TOX-3939,1,10.95290473379803,5.692198171575874,14.544075062972302,14.70249326913782,6.022054778699233,2.4343703677090494,20.687228765819043,3.2145065314989005,0.3016283316561732,17.00110263141285,39.02249064209002,7.008269792922643,44.09591262512983,0.7739972969345477,1.0390366560181927
TOX-1889,1,10.954409468402623,5.694086376,14.537806631323608,15.596101277006394,4.0489568268586025,2.440058234859321,5.733667477162185,3.056616400897848,0.2634215355330259,7.012281361065279,0.0,4.004559560743587,6.041840829147961,0.9939329055192808,1.2657911194496554
TOX-2782,1,10.943667348616838,5.683224107616702,14.543903461262955,14.708161763405506,5.013163424038012,2.428614845,10.006437125691184,4.029961382986585,0.2337917797575456,8.006130033958424,13.592428388589765,6.002806088,29.64070634342891,0.9969640800477751,1.1510695187165774
TOX-37929,1,10.953414216666843,5.693906554943104,14.540227060636894,14.70816320029582,5.006101242791534,2.4379484237340545,10.423315998847038,4.017037123419968,0.2906725388397499,17.00110211401764,6.544756405912575,6.002599673047029,17.190209053136627,0.7739984636612958,1.3070078521005004
TOX-41705,1,10.462258120774012,5.885027869567415,14.549452276477954,14.70472433746921,6.013935432685642,2.434206023137212,0.0,4.045352454,0.2826451268410922,15.012761108758363,54.36971355435905,7.007675958347038,73.05137831404426,0.5401642130615821,0.9802628570786724
TOX-75862,1,11.154391730848351,5.888118038548842,14.543894740095087,14.708164320741608,5.009947788805251,2.6183164826497087,10.006437125691184,3.025752007215493,0.3679997759829178,17.001100759074973,32.6240702039856,6.002691226213647,42.63050732967678,0.7679004886935759,1.7021875557355883
TOX-11321,1,10.946771334891498,5.686099360368937,14.543907152794008,14.705490591487958,6.009004754574591,2.430783485376236,9.473725907600098,3.220007381850605,0.2596277433620987,17.001102995200704,27.812023471144837,3.5152741535308536,32.71193320199531,0.7739928918737374,1.2564911186468508
TOX-9956,1,10.93366249940152,5.673310911750615,14.537803314831937,15.596100033610313,4.256246799370064,2.419250085109142,5.733667477162185,3.2586344443319035,0.2207643748260052,7.012139941370903,6.544756405912575,4.004853020152551,6.544756405912575,0.9880045373044006,1.0362943321179985
TOX-73053,1,10.9866103503425,5.726188442,14.544519059907298,14.70178023197425,6.024521850976899,2.471711931922885,0.0,4.034567905604568,0.3046475243956619,8.024721329899986,0.0,7.010443878290106,17.845473971041084,0.9876805721333708,0.6319100266869995
TOX-12187,1,10.946638067504802,5.685516230021445,14.549527173436694,14.70271097551399,6.021918975860567,2.427998546370213,5.316788604006331,3.2346417692854943,0.3490606864235704,17.002124641943446,11.861545009918906,7.008269474606895,18.163621138034785,0.7730735871511535,0.9266079663142978
TOX-6268,1,10.953459455364673,5.693143190988724,14.543270094441963,14.701235643564733,6.028103037953601,2.439023392609123,14.743300079491233,4.018022893054417,0.2371247899496445,8.028890417752507,32.84803314676356,7.008272145220182,48.8237755604066,0.9872569,1.1682619706789152
TOX-2306,1,10.951851960940196,5.691976322947447,14.5482382474691,15.589195472420402,5.033414621,2.436267684615061,4.899909730850478,3.1680901048978773,0.2643179898932014,17.00110249,20.640100371266957,3.039061161021438,30.523988623064643,0.7739982170241497,1.3145098842338374
TOX-7895,1,10.934154811061106,5.673790427417493,13.623233648093954,14.708162898408036,5.01244039251293,2.419353214935367,5.106527394840706,4.022096966479183,0.2254074744305194,8.006128655173303,0.0,6.002805457902296,5.106527394840706,0.9899197455712287,1.0551569138751618
TOX-19016,1,10.953235799509036,5.692485400236731,14.543329520122434,14.702284782919078,6.022375858049912,2.4360584248389983,19.110498592250625,3.2347316459271074,0.2584882241500332,8.022571027474513,34.41890543565775,7.008269756219102,45.22599489585973,0.9966232648183642,0.959149930815594
TOX-25367,1,11.002214780081037,5.741739225648352,13.643933787547798,14.700432618610469,6.029071813678867,2.486404381663377,9.843390348640757,4.030698606386828,0.2181569829332951,8.029992179,6.606881964512918,7.010446991625898,35.35317092778365,0.995018878479062,0.9619834851354878
TOX-7604,1,10.95486574370895,5.694487050124286,14.543271897166584,14.701465873550967,6.028125451974741,2.4399063229466416,9.636772684650529,3.136212342873961,0.2491878826443525,8.028770946893957,19.696394776338067,7.00827085585482,36.607450624288354,0.9939342126604224,1.0033130740757668
TOX-109556,1,10.94390393949586,5.683556177487255,14.543269458828982,14.701465127581862,6.028784496,2.4292575525894247,9.636772684650529,4.034896611029358,0.2424528874887052,8.028798989900348,19.634269217737724,7.008271504090745,30.503484236540054,0.9872569003884832,0.8483053609255333
TOX-4096,1,10.337231678107331,5.697956261624677,14.54527112464692,15.591120279233344,5.023809353008559,2.4348151728105862,9.799819461700956,3.2307731928513617,0.2581380874409132,16.00200377,32.08476650803001,2.2688885381616832,32.08476650803001,0.6606511146576532,1.2448111249481115
TOX-2151,1,10.337229724599013,5.697956261598679,14.546047206358445,15.59128525222075,5.023988705173985,2.4348151491416345,14.699729192551434,3.2308509080847942,0.2465496340738188,16.002004211348734,51.21612014900312,2.268927739,56.11602987985359,0.6606510956577342,1.3382606769559966
TOX-3930,1,10.33810892706917,5.693998708293006,14.554152389719906,15.58689126023606,5.053921685798065,2.4397674444779858,4.899909730850478,3.146958281328429,0.3202493744030662,16.002002537859028,18.842366418571935,3.0355652739790244,28.90992791900047,0.6561983764543777,1.1642055361813428
TOX-92220,1,10.952910447225706,5.692572408448282,14.543899776029848,14.701466353917674,6.028728903838898,2.4383847823368363,9.636772684650529,4.029770228546378,0.2491878826443525,8.028783784,20.13718479450234,7.008270690531779,31.006399813304668,0.9878293347279832,1.0386915168892932
TOX-6238,1,10.953318547504407,5.693004538,14.54326831223502,14.70146559623294,6.028098354633702,2.4389004077198777,9.636772684650529,3.165023031030603,0.2344116855959915,8.028770963645107,26.241151182250643,7.008270797,37.11036620105297,0.987162825,1.0653423988716304
TOX-26516,1,10.33722425588828,5.682077445556391,14.544533492296829,14.706817554211804,6.007550597,2.427097218984797,9.636772684650529,3.2127447781629064,0.2948171349959752,17.00110375229019,27.246982335779872,3.5105578946525924,32.14689206663035,0.6606438966271478,1.241078263486037
TOX-4153,1,10.335285924095402,5.697878117066802,14.544848411710396,15.591398073419926,5.023845534519196,2.433197994372227,9.799819461700956,3.2317256352944987,0.244884682,16.00315804758207,31.292863708864225,2.2631861248833927,37.33470453801218,0.6309032011344579,1.1375191380196326
TOX-4791,1,10.311410386705507,5.699621033657376,14.544838521874585,15.591400056649622,5.01861622,2.4444187685064542,9.799819461700956,3.1628783157403464,0.251164068,16.00450277918278,25.037094525352817,2.280363228605776,31.078935354500786,0.6503199337034747,1.4108013569917943
TOX-13645,1,10.465323123640651,5.694404059337192,14.549261015473643,14.702438300193933,6.022049936507047,2.435895598449687,0.0,4.039030382990825,0.3611697518032226,15.0100434,26.17902562,7.008799042448155,41.4270377328444,0.5401055372437717,0.8761237621016432
TOX-41293,1,10.95292420678456,5.692586436704047,14.54390016477264,14.701466083092193,6.028729516100867,2.438399712858715,9.636772684650529,4.029783571680724,0.2409634588409597,8.028785047811526,20.13718479450234,7.008270895821557,31.006399813304668,0.9872097881208716,1.0170671085335543
TOX-40122,1,10.919816372185023,5.659516372185035,14.55112752099695,15.587348762093267,5.048102950949283,2.405516372,9.467009378641832,3.3186902183101075,0.2250520919601587,7.054875212749644,20.13718479450234,2.277546390005087,29.604194173144176,0.9969631226014276,1.124277734976887
TOX-29595,1,10.958828503597998,5.699272233934145,14.557929750093503,15.585731260784344,5.054712495775887,2.4404772520076663,10.216698334856808,3.2526901926686684,0.3350836479198553,17.002124237137657,24.53417894858821,3.042977329376273,25.59382378648156,0.7730833712270181,1.0363945385900204
TOX-11175,1,10.95210655483318,5.691806554833171,14.54535271667589,15.591083817223357,5.025449493124179,2.437548947992246,9.799819461700956,3.238090983180907,0.2200579480922195,7.034973441978294,25.54001010211743,2.2691489492652863,31.581850931265397,0.9930641187347204,1.2550965801946892
TOX-3430,1,10.928528220871424,5.667515538483516,14.543272940335257,14.700467790670878,6.029250277995753,2.408566391119095,9.154013890853395,3.3002271604262057,0.2465808099390689,8.029838090489807,26.241151182250643,7.009364999839994,37.11036620105297,0.9959470771246804,0.775484797
TOX-9035,1,10.947799494116136,5.687552154010898,14.544918053463803,15.591362533344936,5.012401990173779,2.4325321946274445,4.899909730850478,3.1923688450193155,0.2443249038610777,17.001102771927304,33.22669760632749,2.279548909564863,43.02651706802845,0.7739998728347416,1.4101609014320102
TOX-1956,1,10.940305526674171,5.679844076220332,13.64718762658309,14.700310930073778,6.029815377837897,2.424737467,57.95134876872255,3.2598738210199425,0.2405059680448341,8.032786360508876,34.226301317680736,7.008279134934192,92.51110779981832,0.9936081854452322,1.0241841817360176
TOX-6655,1,10.33721482238401,5.672895492094295,14.543898334661158,15.592094650566343,5.0096989668561855,2.413960098813285,4.899909730850478,3.279286312613376,0.2417163355423317,16.00200386835563,20.13718479450234,2.267394142143353,25.03709452535282,0.6606527201323948,1.1932546255781975
TOX-11222,1,10.952106554833176,5.691806554833167,14.544574136377546,15.591590853931695,5.023841744722865,2.4375950565651427,9.799819461700956,3.2286979516987517,0.2142218407083621,7.0327418921129015,31.07893535450078,2.269008125042779,31.078935354500786,0.987256900388484,1.2162280701754384
TOX-4320,1,10.338056759372469,5.698284006532662,14.544524960309328,14.702710889720915,6.021975781175028,2.441966938,4.899909730850478,3.194061783146137,0.2616810999258434,16.00200370965205,30.287032555334992,7.008268984723985,35.526244268507284,0.6561921321919171,1.0220836014374983
TOX-11128,1,10.955264773289244,5.694806276304881,14.545342317854905,15.591085289094291,5.017030283004545,2.4405039117913194,9.799819461700956,3.131363828870177,0.2279220254494009,7.034771831011351,32.08476650803001,2.285578443427884,32.08476650803001,0.99493753,1.5193640188072262
TOX-2579,1,10.99797035774422,5.731499866281553,14.547962518517844,15.58938502654543,5.022419720318214,2.4696990730972006,5.733667477162185,3.0498980881127493,0.3946786848474275,7.044355852,5.733667477162185,4.005243970490116,4.9839785209472085,2.819557406185525,1.2118858030685566
TOX-2929,1,10.943685169692216,5.683369171637784,14.54389818242489,15.592094719106049,5.009712526983086,2.429348046,4.899909730850478,3.2859097538429274,0.2168985209150013,7.031474785068284,20.13718479450234,2.280432997278709,25.03709452535282,0.9969642626218684,1.2292127460168694
TOX-2064,1,10.33723119829978,5.697954377987836,14.54484174529552,15.591398479735934,5.023819183915703,2.434810475360416,9.799819461700956,3.2309818998557427,0.255679296673054,16.00200388,31.581850931265397,2.268783153303558,31.5818509312654,0.6606526887795565,1.211147285691098
TOX-13955,1,10.936100717336686,5.675273319832049,14.548237267217637,14.701117043831657,6.028235917057319,2.420544704895008,14.457704428547306,3.276451935446094,0.2592559187580265,8.029223112418254,20.199310353102685,7.008272552178148,42.15647028060052,0.993726094,0.9837904793017372
TOX-2503,1,10.952541040186894,5.692848454473103,14.5402292006525,14.706304600500852,6.007551080163061,2.436713315741893,15.160178952647088,4.017039967600809,0.2793473446860149,17.001102420361754,13.151638370425491,6.002600494789613,29.90105740539785,0.7739939319057378,1.2979879458033514
TOX-3605,1,10.94097899234749,5.680281078650868,13.63853206724665,14.701789732170491,6.023192946173174,2.4235541790106097,15.319582184522115,3.286174256502333,0.2756949219986772,8.023773441303671,0.0,7.00936010315276,32.990038465000296,0.9929001309760784,0.6790613200783825
TOX-73049,1,10.95373689288212,5.692371044666107,14.543499538075103,14.701189831219756,6.028260120869876,2.4360671732304704,20.10730311561276,3.242605348125887,0.2528240035490764,8.028933625942598,38.58170062392574,7.008271776758097,43.71724816556589,0.9871624420417208,0.9437101710548382
TOX-35281,1,10.454677556448608,5.698160789246009,14.558944241183806,14.704723560599335,6.009282556904598,2.414047520372506,9.799819461700956,4.0458644657660034,0.2973051396942173,15.011047929550706,78.53707687,7.007675847474495,118.17197747293544,0.5393051095429935,1.070222060786621
TOX-2728,1,10.95486537214492,5.694486577116037,14.540222285017188,14.701466031902935,6.028328106150509,2.439904730597308,10.05365155780638,3.1363451867217447,0.2491878826443525,8.028779105101679,6.544756405912575,7.008270874080504,24.65986891076069,0.993936669479704,0.8642704317746969
TOX-53152,1,10.990549835844025,5.729598921159457,14.544252071973585,14.707202234726354,5.0122695067737695,2.474705670268865,20.846631997694075,3.1806026722213647,0.1713668599278713,8.007254431336717,13.08951281182515,6.003666214866456,70.61961425359344,0.9930528502946788,1.299232622
TOX-2429,1,10.953083769666172,5.6926850415079455,14.540223270412756,14.706304594151348,6.007550759603921,2.4380038781521014,15.160178952647088,3.178719694576396,0.2504527013797477,8.010528726,13.151638370425491,6.002600642228239,30.403972982162465,0.9889398533556018,1.1918949065752744
TOX-17272,1,10.311399465316326,5.677806917778418,14.54084957015567,15.594096349482069,4.231443478677961,2.423716239856065,5.316788604006331,3.2343538548000894,0.2468330509524005,16.00450266452193,13.592428388589765,2.5326390503604315,13.592428388589765,0.6503236005916756,1.0695006321112517
TOX-7755,1,10.93811017337253,5.677810173372528,14.543269622114291,14.70146482609103,6.028103622099067,2.423810173372536,9.636772684650529,3.267225277938647,0.2424528874887052,8.028775630293119,26.241151182250643,7.008271521968121,37.110366201052976,0.9872569003884824,0.973105752
TOX-1866,1,10.95486541584669,5.694486620009231,14.543913074293158,14.69972460423917,6.030445205946103,2.439904667207345,9.473725907600098,3.204023861064687,0.2725925430348575,8.031262495373914,14.157469523954724,7.0093578277232425,49.18363787675312,0.9962765856581528,0.9099492209676402
TOX-2061,1,10.92986028095289,5.6689606401908526,14.551898324467787,14.70145496054842,6.028138706703113,2.414110278851352,19.520660936448213,3.3024308464806897,0.2401295774871779,8.028865914719406,20.13718479450234,7.008274119474143,41.739275073230544,0.9960195564223812,1.0740119242939177
TOX-21424,1,10.919828414568032,5.658729003610982,14.543269816917707,14.701726513510836,6.024013796293986,2.3994352111411,9.154013890853395,3.30405217599702,0.2577606944493578,8.024111739847887,20.199310353102685,7.008278733802764,25.099220083953163,0.9975709450711372,0.8469604035428405
TOX-10736,1,10.929863334124516,5.668986824153296,14.54846160486752,14.702709745025103,6.021918467747554,2.4142065163128685,15.200676855804018,3.286206701851977,0.248122693,8.022020773352251,20.13718479450234,7.008270014922999,41.97009360479949,0.987921675,1.0297569444444443
TOX-9807,1,10.337230547379445,5.697955604189039,14.544577985570918,15.591590365132015,5.023885596824718,2.434812643233097,4.899909730850478,3.231108785466956,0.2413932534911096,16.002003983981503,24.5341789485882,2.2688487271442237,30.576019777736168,0.6606487836110422,1.160033399222957
TOX-2163,1,10.946141800805682,5.685640409127649,17.425816834628634,13.30315401246465,7.0051498460959225,2.4311717914874578,9.883888251797686,3.2816717006328715,0.250489159716679,9.005165065935579,19.634269217737724,8.002963191274011,34.08525711732677,1.8559802418677669,0.8446465595438641
TOX-2477,1,10.994345181468123,5.729223609030671,14.548032305645414,15.589338327252053,5.0332890815718345,2.4687088735783616,5.316788604006331,3.0534797968182046,0.2964905527401483,7.044585165620179,13.592428388589765,3.039054037208449,18.57640690953697,0.9959614323149246,1.193834459459459
TOX-47094,1,10.949280054829613,5.688646593610371,14.54745412880514,14.702229187555972,6.022479357458575,2.433147639612184,18.9474518152002,4.040956007883948,0.2559130478056827,8.022785063115263,61.28690697765957,7.008270990456547,76.86997138572546,0.9966232906076696,1.158211723250611
TOX-4313,1,10.946177756213883,5.685810583006863,14.543271011047402,14.701208393011344,6.028134665565796,2.4313339513442056,14.743300079491233,4.033827419112125,0.2465496340738188,8.028991741205997,26.241151182250643,7.008272770670698,42.21689359589368,0.9872569003884832,0.936604014
TOX-11176,1,10.952106554833158,5.691806554833163,14.54535507738282,15.591083759222585,5.023871735200316,2.4375904797477843,9.799819461700956,3.2289932479491235,0.2200579480922195,7.035035341729762,25.540010102117435,2.269157262101135,31.581850931265397,0.9928517743753494,1.2803246521584015
TOX-9396,1,10.311639998308769,5.733522838656386,14.552059568219446,15.588051931663983,5.042558383431606,2.472469238904361,9.799819461700956,3.1313601570614966,0.2800589287016546,16.004502049436784,32.08476650803001,3.0391163309082185,37.06874502897722,0.6474870431584445,1.407525193700309
TOX-4027,1,10.95210655483319,5.691806554833168,14.543765940211536,15.5921061452942,5.023676472849605,2.4375931709746,10.216698334856808,3.2286363434238186,0.2265621275326863,7.030746113156216,25.037094525352817,2.532648405109504,20.13718479450234,0.9959566891411322,1.116485613623018
TOX-19292,1,10.309653024113532,5.697877803252863,14.544854295225516,14.70214816,6.017541071562397,2.432851352088713,9.799819461700956,4.042881954021242,0.2738314271831615,16.013327571640662,31.29286370886422,7.014207526692589,45.75250152234112,0.615875785,0.9438068129011492
TOX-13084,1,10.9513236060691,5.691669491535455,14.545275222363994,15.591120236306958,5.023819250590375,2.435941600939091,9.799819461700956,3.230252981179882,0.2602451701993509,17.00212515882402,32.08476650803001,2.219763956026691,32.08476650803001,0.7730718031931327,1.2504756789934015
TOX-3458,1,10.929862592520523,5.668985898531365,14.549812600013135,14.701777187879776,6.024942375,2.414204542184865,25.20711398,4.034181046461908,0.2438342075472713,8.025632194175303,20.13718479450234,7.010456821185458,92.41051311,0.9953995113370556,0.8463787453642838
TOX-11920,1,10.946717269737247,5.686225600238306,14.564455517804255,15.578435271411406,5.091391866241618,2.428839129,0.0,3.1786344817532184,0.3761022692639284,17.00110192209784,0.0,6.028469105411528,0.0,0.7740107806547618,0.7861793778259567
TOX-6613,1,10.951766553407271,5.691379969997219,14.545274743135517,14.708160473989674,5.024025500097973,2.436303822519009,14.906346856541662,3.229268962971313,0.2413932534911096,8.006132918129408,32.08476650803001,6.002807112989905,37.19129390287071,0.9949348462318216,1.172858295437876
TOX-16572,1,10.95210655483318,5.691806554833171,14.546211468751236,14.702705198048982,6.021944468776962,2.4375930024846464,15.533486938863142,4.029734553728195,0.2166695347596735,8.022053584954064,44.16844816632592,7.008276010402152,60.51446287891125,1.8264883697070209,1.1375519720874976
TOX-2165,1,10.940089593581748,5.678901267026507,14.54803377528619,14.70630445684986,6.007552245060143,2.4231918086145443,20.14415747359429,3.239281721966631,0.279206533695385,8.010530863356987,13.151638370425491,6.002600623661056,35.38795150310967,0.9889418854581224,1.0494349585471774
TOX-1920,1,10.933559462053092,5.673244684082112,14.54453258234429,14.70681788063512,6.007555281648752,2.419160291218842,9.636772684650529,3.234320056298517,0.2363505552971988,8.01006145,20.640100371266957,3.510546166892247,25.540010102117435,0.994936822,1.190803683073775
TOX-3437,1,10.948126874192996,5.687797455,14.54453190451327,14.70681881612775,6.005854077728862,2.4335945248009923,9.636772684650529,3.1678658587104787,0.2402869256399046,8.010022839849881,27.246982335779872,3.5096452199965325,32.14689206663035,0.9949384687321762,1.4271174118502363
TOX-42552,1,10.952106554833168,5.691806555,14.544578991892116,15.591590365212882,5.023886932865351,2.437590542753387,4.899909730850478,3.229026324640404,0.2089540502408378,7.032834677846695,24.5341789485882,2.269067429103182,30.576019777736168,0.9872569003884883,1.2039938257911855
TOX-3948,1,10.98681449273585,5.722505762585725,14.54817378944093,15.58923770139084,5.022657066570281,2.463110628735438,0.0,3.1615023467006096,0.2756631035043769,7.044521549095951,13.592428388589765,3.044092359,23.47631664038745,0.9969682479716626,1.286624608349564
TOX-2321,1,10.95166986819546,5.69173549788827,14.545273644196584,15.591120247978257,5.023814928772312,2.436087217201632,9.799819461700956,3.2294698673152435,0.2443249038610777,17.00110277220982,32.08476650803001,2.263440858653554,32.08476650803001,0.7739965706542765,1.2631055568562688
TOX-74071,1,10.917031193374862,5.654165729121761,14.55713203508609,14.697353473597456,6.012612064329124,2.396930984965466,9.737498315,3.289031862,0.2379918774846875,8.015083956,26.241151182250643,3.5249340989993927,31.141060913101125,0.9872569003884832,1.020708268173334
TOX-45229,1,10.337845097331828,5.778104948,14.544519590808914,14.701780231974269,6.024521340971037,2.513805874407694,0.0,4.034578738104104,0.3169584361002834,16.00200279297487,0.0,7.010444275221547,28.34535003100543,0.6580260240082108,0.5005761087586359
TOX-34472,1,10.924916035825516,5.664302002897959,14.551978281051555,14.70270927200641,6.021996195054509,2.409328642146264,9.467009378641832,3.332301909359975,0.2604990650829586,35.00041818697487,26.681941200414915,7.00827005173431,52.99788086840669,0.2560111255384818,1.0275617125417411
TOX-15390,1,10.95438836032124,5.693155323681633,14.54349634199644,14.701463547188611,6.028127501542071,2.437591449152183,15.370440161812713,3.1362187803112325,0.2366804509762042,8.028775936940086,31.97481865941283,7.008271650172578,37.110366201052976,0.9871436209956068,0.9834475762228556
TOX-11911,1,11.250868985393506,5.963464788269587,14.67746024966292,14.649942439831133,7.007432994,2.6688212606478423,0.0,3.1391279540492194,0.4056725780671157,8.062151424148695,26.67476475559657,8.005085273351384,66.83967022,1.9894485031252367,0.6719685628742514
TOX-21891,1,10.948381169080031,5.688013200556082,14.543267219966724,14.702716720953454,6.021918116026052,2.433529861,4.899909730850478,3.1362798851484324,0.2000816845062544,8.021957866359926,19.634269217737724,7.008269330728462,30.317423894953144,0.9879339294600668,1.097547627698753
TOX-1746,1,10.932752387119963,5.672449056961577,14.544531505962103,15.591674337832927,5.009386443626124,2.4184448303483284,4.899909730850478,3.234320056298517,0.2070416341643926,7.033322002313486,20.640100371266957,2.268208565107691,25.540010102117435,0.9949356677377468,1.2561993014058486
TOX-73748,1,10.947170629542828,5.686007656412054,14.543675740028862,14.702711129122909,6.021927419646622,2.4309401529501797,10.216698334856808,3.230464346148475,0.2529009815123256,8.022017756800302,24.951057821744055,7.008268996763572,30.44135867793971,0.9950302600096804,1.0860563636189766
TOX-15544,1,10.96225175332632,5.701530635703954,14.54327827070113,14.70117412596974,6.028197825546321,2.446742035917804,9.473725907600098,4.034949396152811,0.2748992749715703,8.028928174147335,26.806192317615604,7.008270957549713,49.31829897654957,0.9975718845471104,1.1337471131639725
TOX-2124,1,10.94280367306034,5.682503673060348,14.54581034674442,14.70815968654984,5.024127728225763,2.4285036730603533,14.906346856541662,3.229050974584788,0.2322597049616165,8.006071674401625,57.32008653675142,6.0026964495290525,67.32652366,1.8574211468068456,1.2781868384721582
TOX-2871,1,10.971979155470718,5.711671804423599,14.537832323111568,14.69977132598958,6.029587291,2.457619653386518,60.057146615206655,4.019052486360513,0.2280276004215235,8.034536322,0.0,7.009394298091547,121.73641753348474,0.9930494924293396,0.9926679929153956
TOX-42550,1,10.942247477737755,5.682406210098756,14.546053709334895,15.591285247304516,5.024003952,2.4274019073927957,14.699729192551434,3.230614827678483,0.2545825113706296,17.002125943874248,51.21612014900312,2.244819893,56.11602987985359,0.7730718031936943,1.2900375506377035
TOX-32566,1,10.918989410576408,5.658193427364105,14.545812675359167,14.699691270176563,6.037437350918208,2.400690877900947,47.7446755163953,4.031720517230196,0.2151547104315412,8.038785107707763,35.30048547198629,7.012666894093339,109.89462477127296,0.99297067061789,0.8773623138280742
TOX-16769,1,10.925172725591658,5.664308411145145,14.55189086509611,14.702709764312228,6.0219306653622215,2.4095209034588625,9.883888251797686,3.3032562420671234,0.2541539524733778,8.022021730734702,20.13718479450234,7.0082699548427145,41.55321473164364,0.9878574228675276,1.00983379501385
TOX-19384,1,10.31139896043435,5.677806798176138,14.544531002340634,15.591674570155591,5.009385201307149,2.423715794,4.899909730850478,3.2343953295137524,0.2383793315282016,16.004502773656114,20.640100371266957,2.2624542884858125,25.540010102117435,0.6503214139827203,1.2577533236067764
TOX-2341,1,10.337231400093344,5.697870248466728,14.545272699193909,15.591120267560914,5.023813661980512,2.433980813970932,9.799819461700956,3.231546339692211,0.2850453428575253,17.00110364386788,32.08476650803001,2.263220570511984,32.08476650803001,0.660643927,1.2336113748361135
TOX-47097,1,10.94976579502057,5.689206362876037,14.54744664326739,14.702373540336964,6.022168838244384,2.434226376039721,9.473725907600098,4.0409393190100005,0.2571511624863481,8.022274701892268,47.0673119,7.008269907285394,62.6503763031704,0.9966233664036688,1.1923830996961078
TOX-42551,1,10.94280367306033,5.682503673060346,14.54457419564048,15.591590853946046,5.0238454816202935,2.428503673060348,9.799819461700956,3.2289751070832997,0.2188497540014685,7.032744691345133,31.07893535450078,2.275271714795078,31.078935354500786,0.9872569003884856,1.148821721311475
TOX-1842,1,10.9368598679445,5.673660512365077,14.548409535823607,15.589185360966356,5.033855156372875,2.4146845153099106,10.216698334856808,3.2400302761854323,0.2463953795060281,17.001102779421277,24.95105782174405,3.039208472691596,35.559998298683375,0.7739938984938397,1.0984064185725928
TOX-4179,1,11.06553138305078,5.79591762,14.556158477167031,15.58592362097013,5.022608815,2.5298538913201227,10.717645998109392,3.053575487781549,0.3539232075484144,7.068306913525366,6.544756405912575,4.004846627913436,16.51271344780699,1.892226846352001,1.0666023166023164
TOX-2199,1,10.935804790553988,5.674926882255573,14.548258324439804,14.699723642251262,6.031823659873666,2.4198622951835467,38.14201919754755,3.27814323043005,0.2366740013664793,8.033102874084344,55.74829805949034,7.009368630210474,89.77872966268832,0.996622731802936,1.0257510329760424
TOX-5843,1,10.96003420314324,5.6995303879168935,14.540923339867884,14.701176943346638,6.028934552327391,2.444112400945938,14.790514511606428,3.179384083569626,0.3110912619350605,8.029047131956913,7.047671983,7.008270951894013,19.24487844136391,0.9887254373951588,0.7614733059548254
TOX-16750,1,10.925172719188527,5.664308341054554,14.55196363557451,14.70270935159678,6.021995763926645,2.4095206295241103,9.467009378641832,3.3033659425714657,0.2448781437381342,8.022025074583407,26.681941200414915,7.008269839836837,52.99788086840668,0.9960195580551224,1.0422794117647056
TOX-15664,1,10.945962811136305,5.685561203259459,14.543274866306596,14.70101261425302,6.028264487441284,2.4308468898483038,19.480163033291284,4.033835938900849,0.2198014769859923,8.029171173277216,32.84803314676356,7.008274344014434,48.82377556040659,0.987162437,0.9267508050543224
TOX-13085,1,10.942247477737746,5.682406210098755,14.545275277112369,15.59112023678483,5.023822966356258,2.4274019073927957,9.799819461700956,3.230527338666827,0.2664910806026478,17.002125162367456,32.08476650803001,2.2448184657792023,32.08476650803001,0.7730718031936921,1.1986373364190204
TOX-11791,1,10.929863331293728,5.668986819142612,14.548462409500878,14.702709571236312,6.021929656969075,2.4142065073946246,15.200676855804018,3.286265153677649,0.2409948170458294,8.022022295522614,20.13718479450234,7.008270143212709,41.97009360479949,0.9887345105552534,1.026539809714572
TOX-72658,1,10.929860285801508,5.668960644393704,14.551892101257986,14.702709448106908,6.021930775899552,2.414110280947112,14.783797982648164,3.3023974475353124,0.2345475680621832,8.022023104426006,20.13718479450234,7.008270344197034,41.55321473164364,0.9885797757880376,1.0767461197339243
TOX-35418,1,10.473563268289215,5.688666809231565,14.561870219129691,14.701778084080187,6.025725100691767,2.432519202691505,0.0,5.023128564003702,0.2803965155963741,15.00739171143692,78.53707687,7.011545070410509,130.18829292788473,0.5422640842737583,0.8816907206901017
TOX-38888,1,10.942803673060345,5.682503673060352,14.545272122895833,15.591120260127868,5.023814318679721,2.4285036730603435,9.799819461700956,3.228954853074064,0.2250520919601587,7.034247707166049,32.08476650803001,2.275376599353215,32.08476650803001,0.9949366486120838,1.2151601713935931
TOX-72878,1,10.317950722131371,5.672445119976686,14.541422951812809,14.699024461090689,6.025276615298584,2.415371038459828,20.846631997694075,4.044726874599906,0.2970502229778461,16.014685550371837,10.633577208012662,7.017564458652289,47.720638398449886,0.6436904553179363,0.5563080310136881
TOX-2192,1,10.923539835215678,5.659227985549553,14.54843573141865,14.706457914892685,6.007461869408126,2.3997593621223654,14.953561288656855,3.285575704605302,0.2465229956548594,17.001103376630518,32.06085536302159,3.5135585185940625,42.66979583996091,0.7739887580359851,1.0130708869687883
TOX-37705,1,10.94355910288634,5.683115512885475,17.42477198890851,13.30412042213402,7.004057990490742,2.4285063294597835,5.106527394840706,4.02902440158756,0.2415866199438231,9.00406809449639,13.08951281182515,8.00191980353645,34.921035713029234,0.9934525569234984,0.9402377568161262
TOX-3936,1,10.954411484644725,5.69409161947601,14.54085207824082,15.594097526074428,4.049067155114301,2.4400665303489277,5.316788604006331,3.056992607211513,0.2486575283861464,7.021924853546857,7.04767198267719,2.531495030333164,13.08951281182515,0.9934495618317688,1.3698987190944294
TOX-45555,1,10.990359098286666,5.729941824938652,14.546776438368529,14.701780216270286,6.024619596780226,2.4754733369922155,0.0,4.0346208249927455,0.2914537998507649,8.024727256426052,7.047671983,7.010443741516106,29.793055684568756,0.9881751080373984,0.7066045143224734
TOX-5851,1,10.46603815997581,5.975777294070683,17.424554444021723,13.304699354410634,7.001906502125156,2.4416355500223395,0.0,4.038016314,0.4251917077966303,15.010806410210304,28.19068793070876,8.001592347316707,37.53152031055136,0.5411046212727862,0.839626316
TOX-1451,1,10.924918111597073,5.6643230992639255,14.549824603255692,14.701777188072269,6.024941793540781,2.4094004572680348,20.307204250644723,4.036727352562231,0.2514170474259628,35.000418797205775,20.13718479450234,7.010456565839352,92.41051310786752,0.2560053677757105,0.7537603807385181
TOX-4804,1,10.926721806923098,5.664844016319391,14.548273593979404,14.70681553,6.007602245417818,2.408580594972766,9.636772684650529,3.2409370180422044,0.2443187354935621,8.010098726,27.246982335779872,3.510663283050767,37.13087058757756,0.9877311154243024,1.077511682242991
TOX-22857,1,10.337948303830292,5.910784672814056,14.56322412417486,15.57930833977855,5.0884895035370565,2.563249677191173,0.0,4.017028145176496,0.656265789,17.00531107636343,0.0,6.027263877955232,3.1245679193505507,0.6605143717597844,0.3109841417910447
TOX-16450,1,10.95180775178732,5.691478646864296,14.54021437672656,14.70271920991256,6.014665709659232,2.437351180384595,10.111325788078153,4.0249592406948524,0.278663658231491,8.021886505687425,13.08951281182515,7.008811716789829,19.375673334954705,1.8906722752932736,1.0668569755526278
TOX-7252,1,10.924918121337395,5.664323028404588,14.548647225993813,14.70270939510212,6.021995014404734,2.409400204843003,9.883888251797686,3.302634689867739,0.2685665267093525,35.00041815174547,26.681941200414915,7.008269850644822,53.41475974156254,0.2560119142961481,0.9833316731414152
TOX-2184,1,10.337229447988356,5.697870248162759,14.546049675354771,15.591285250816966,5.023993526996223,2.4339808072452884,14.699729192551434,3.231628104649685,0.2685665267093525,17.001104035326154,51.21612014900312,2.263241547165406,56.11602987985359,0.6606439083979884,1.3259974103137429
TOX-7792,1,10.953121937057992,5.692582838086585,14.544531902913672,14.707149342612924,5.016340610466182,2.437039088190447,20.219491915372597,3.1795527727837096,0.3144766172725154,8.008690560661144,20.640100371266957,6.004915428396259,40.85959228663955,0.9949447880093498,1.1080786026200875
TOX-74086,1,10.96344524303788,5.702979096,13.651648081801318,14.697710659038924,6.038825779125782,2.4472119798957217,24.103931634334856,4.037300323,0.2314119557545199,8.039167254962653,7.109797541277533,7.008286833594837,40.73288672842292,0.9932479336691143,0.996627053334932
TOX-7800,1,11.152672751540152,5.885458372886236,14.543262011914416,15.59251684377702,5.009993809648134,2.6121186982063995,0.0,3.0295567821787603,0.3549502805911954,17.003142056644382,37.27427955264874,2.056362419911503,42.17418928349922,0.7670708668333327,1.855457204551371
TOX-2948,1,10.940312713296755,5.679852679276055,13.64428687,14.700550341988013,6.028956805510904,2.4247577538260896,33.52770512,3.2583349831414017,0.2570917531447064,8.030220867376725,34.729216894445344,7.008274434718644,45.805049577237895,0.9966232648183536,0.991589464123524
TOX-25786,1,11.103698219290791,5.839726987116868,14.543267790665734,15.592516576294765,5.011655800677936,2.578865342115404,0.0,3.115178690002689,0.3087224056141652,17.00212159,24.84951970176583,2.067002862055114,35.79127026176427,0.7670708668333334,1.9019459712923643
TOX-9043,1,10.939296377432932,5.678783334575416,14.543907431464522,14.7055325106655,6.010575873679612,2.424034387,14.210588861400147,4.035095758032435,0.2602286175671464,8.013666717235129,27.812023471144837,3.5157716402592345,44.85774041889157,0.996194837,1.0549175145139966
TOX-2112,1,11.154024891742637,5.889257478910868,14.543894058548664,15.592096805913014,5.009682317187545,2.617858414,4.899909730850478,3.025752007215493,0.3598935739103499,17.00212121045808,31.89719168444302,2.1280742133509327,36.79710142,0.7670708668333321,2.0799088970730764
TOX-3942,1,10.966069183278966,5.703696439935917,14.544650557431412,14.700429978781637,6.029264219984952,2.444377527467573,31.15775919678128,4.034657229911316,0.3232362451215317,8.030031516832029,20.26143591170303,7.010446296055301,60.629742858487965,0.9955205952279614,0.8036438734713078
TOX-3268,1,10.94717033453385,5.686007764003666,14.543738493035788,14.702710709628295,6.021928477886467,2.4309415494815294,5.316788604006331,3.2304291412451778,0.2306484954475657,8.022019825353633,18.40630141583148,7.008269430790729,29.938443101175096,0.9877760060327216,1.0224318822424052
TOX-2369,1,10.928938858724386,5.668289728931734,14.537827247763422,14.701788826267844,6.025410546566294,2.411908439132654,45.47689331276586,4.024035005036397,0.2575938274421762,8.028246509193558,13.716679505790452,7.010465712332474,86.73990246405225,0.993724784802062,0.8013710640419214
TOX-3888,1,10.928936740145666,5.668287605,14.537825944632209,14.7017890641768,6.025402696383627,2.411906289031569,40.37036591792516,4.024021331785747,0.2557532689528565,8.027676334115233,7.109797541277533,7.010462814594926,75.02649310469863,0.9935199024143908,0.7916428851507963
TOX-72434,1,10.968380459001748,5.707319015319146,14.543277999205552,14.701174118078251,6.028197223045503,2.4520167851062595,9.473725907600098,4.034943658213918,0.2670771967707531,8.028927964207117,26.806192317615604,7.008270905300472,49.31829897654957,0.997570983366572,1.1468985057024923
TOX-3415,1,11.0099444282369,5.749614622107391,14.555389218621498,14.701777611166523,6.034705834508107,2.4955012166328463,60.67304992681939,3.239224518,0.1930135715040786,8.035665077,55.878460284652895,7.019264329076038,226.78570749754144,0.987131671,0.8722478065348259
TOX-20377,1,10.954468993188842,5.693363143609603,14.543667045907164,14.70146383180538,6.028127300094149,2.437915969551842,14.953561288656855,3.136242799625499,0.2436310905610486,8.028774997,38.10269619216955,7.0082713406551855,43.65512260696554,0.9871624414915968,1.0030021834061134
TOX-2261,1,10.954469026176076,5.693363166983311,14.544831911018305,14.701464384242405,6.028126113198068,2.4379159760119804,14.953561288656855,3.136226690704859,0.2600912253003847,8.028772468714317,39.108527345698775,7.008270930306196,44.66095376049477,0.9877313069789307,1.0564002279320348
TOX-42539,1,11.15242765916937,5.881490829744719,14.544553007882495,15.591593758583684,5.011318208328767,2.607196300047795,0.0,3.032167458492655,0.3033541599279123,17.004164640508396,62.78855221535681,2.061748644641878,72.58837167705776,0.7670706301020402,1.9033644393372544
TOX-3502,1,10.925175057838535,5.664329483566905,14.54846593207108,14.70255057073725,6.02193175417739,2.4095985294064333,15.407294519794243,3.2876261877168265,0.258344482542059,8.022111669764879,20.19931035310268,7.0082712872283945,53.18058738738849,0.9879046855164124,0.9654914056912663
TOX-4247,1,10.461374318104976,5.899999999999999,14.57031031712924,15.589767714703402,5.034218845,2.3800211929818227,0.0,4.066054998348916,0.3048936373153637,15.015917556202218,78.53707687,3.035748692403725,106.55957401047873,0.5326493296095139,1.0724511300050872
TOX-39169,1,10.989118764266015,5.728676436249633,13.648687369447634,14.69976895549863,6.032269014096591,2.4735601230031405,38.68418493677567,4.161157710344133,0.2275447158319697,8.034682618665114,6.606881964512918,7.010464418182414,82.05922915036409,0.995024590078834,0.9094987692996196
TOX-1905,1,11.002222916438352,5.741864239697897,13.64295530967772,14.700925455042654,6.022005887837238,2.487448630172659,20.426109579362823,3.176563808722863,0.2191278397369171,8.029003488,0.0,7.008295806,44.70731403055957,0.9879353969712537,0.8981781482599165
TOX-7405,1,10.338125917679957,5.898493559059334,12.975860649749915,20.47403773081504,2.1138686949569707,2.6086431531992087,0.0,2.1771911690726147,0.4198284770977515,17.002122957495786,23.265714103434256,1.6351615320415962,23.265714103434256,0.6517482623363422,1.1196981364546434
TOX-2110,1,10.948302362434172,5.686948822389766,14.594783987629112,14.651514025866836,7.004122644491979,2.4313493539721933,14.790514511606428,3.2843391203402,0.295480657,8.054931047367484,13.716679505790452,8.001938832543381,30.57860113051182,0.987809076,0.7018666107382547
TOX-38522,1,10.928897789090035,5.668305779002671,14.544568367746084,14.700065599928635,6.032492104016054,2.412291418945536,58.114395545772986,4.024068814115262,0.2214322925266083,8.036080046,21.20514150663191,7.011570291193214,137.9844100914266,0.9876212159928536,0.9187689749891568
TOX-80419,1,10.96082727856452,5.699618841743389,14.54858706847738,14.70057760304096,6.028512906258351,2.444404914844251,19.72727860043844,3.2097643047976367,0.2526379245087319,8.02961147,31.64397648986574,7.009361602400467,59.65280825210496,0.9878522076616868,1.0092579399207149
TOX-80421,1,10.960827278650395,5.699618842711852,14.54453059389661,14.70063146657028,6.028503306924693,2.4444049203470146,14.536682415501003,3.2060462045538864,0.2496226720136219,8.029454092217089,31.643976489865736,7.009357617876709,49.56230233631705,0.9879254851649152,1.0092060484423888
TOX-2361,1,10.92517505404769,5.664329479500291,14.549812766502573,14.701777187879648,6.02494402778817,2.409598511097656,20.307204250644723,4.034181630140526,0.2469135592554321,8.025632608535412,20.13718479450234,7.010456957114067,92.4105131078675,0.995399568928128,0.8383748138806051
TOX-17778,1,10.967308887962496,5.706989109511465,13.658816296757516,14.699762450176332,6.033655804949,2.4528498015390183,104.2797597633296,4.119373508930805,0.1931563061752067,8.044450950919206,26.427527858051672,7.0105302546024255,227.25384224681483,0.9916474069431408,0.9873681649957428
TOX-23340,1,10.967367549556666,5.707057368113274,13.658149161189588,14.699770005012985,6.033893217673703,2.4529863272834738,98.8035679274482,4.119370748378636,0.1936130113734187,8.043823292597322,26.427527858051672,7.010523274614052,217.04078745713343,0.9916090441902038,1.0040287731933
TOX-12398,1,10.453863108771024,5.695007635033545,14.594743538246458,14.651535748418778,7.004119772126986,2.420282541894734,4.5237471617118175,4.029485633507432,0.3269874578069557,15.010260861019988,6.606881964512918,8.001937139662678,11.530193013330589,0.5369842514744637,0.7297215969737358
TOX-37343,1,10.953199511755342,5.692560128270661,14.545239006943191,14.699769831274688,6.032121455898138,2.436211397698724,37.89490363040039,3.239750894424368,0.2280532907444143,8.033409279727614,83.05740595387054,7.009369102527722,116.87951764977112,0.9872003730115376,1.0723518669091407
TOX-13061,1,10.950386709264848,5.689928609111056,14.547438966885627,14.70816117383138,5.014871150794611,2.435656676879876,5.106527394840706,4.040719729431865,0.2451604454992489,8.006090387422892,32.84771681254944,6.002601513982359,53.85803005683941,1.983662261924106,1.308899773197132
TOX-2870,1,10.91306850958511,5.652744075725604,14.55330972185472,15.587267178323328,5.042241806,2.398710869062143,5.316788604006331,3.239261736297008,0.2622215929383663,7.059064849752584,13.08951281182515,3.036457659804801,18.92513259758242,1.896086837573972,1.1294510385756675
TOX-76698,1,10.453292140581144,5.6901115686012025,14.594744142352996,14.651535588838057,7.004120142436594,2.409793967132681,4.5237471617118175,4.029510271921635,0.3227129700055277,15.010261660181454,6.606881964512918,8.001937342043956,11.530193013330589,0.5397334515302111,0.7010999010193276
TOX-4375,1,11.14756890457954,5.884320711893443,17.424764747252038,13.304123835873764,7.002424471,2.612510647040413,5.106527394840706,3.037335091042539,0.6352130207431889,9.004038518245103,6.674590972274908,8.001863949957691,17.750423655067465,1.992574893583732,1.0922413793103447
TOX-7254,1,10.925175059964053,5.664329492621712,14.54846097624187,14.70270989,6.021929546776297,2.409598558201938,10.30076712495354,3.2875725846228847,0.2626209347338633,8.022020923527498,20.13718479450234,7.008269754000903,41.97009360479949,0.987922897,0.9574272465622004
TOX-2934,1,10.953759339773468,5.693321502983987,14.540849102951896,14.707201483342828,5.01249815645296,2.4384662396114862,15.529843393687743,3.132199271230653,0.3226746209586682,8.007236705582349,13.592428388589765,6.003760842086657,23.80548317827117,0.9959616728114824,1.0418118466898956
TOX-35545,1,10.928910113433098,5.668257199652229,14.537825522731158,14.701789064227963,6.025079502935985,2.4118530109898173,40.74003035896581,4.024020384319238,0.2609044891173029,8.027486829,0.0,7.010464560615418,73.02322295826181,0.9935966032819388,0.7438333918152372
TOX-17492,1,10.453876438005237,5.69898631,14.594745093592838,14.651535231828872,7.004119891990468,2.426918491368811,9.047494323423637,4.029467000450806,0.2644856763569837,15.010261234309668,12.76879199198084,8.001937555083426,17.69210304079851,0.5369671577808641,0.5814592804109324
TOX-7078,1,11.147932631241156,5.884731464,17.424764923308537,13.30412372425356,7.002425327518275,2.613162317,4.736862953800049,3.041014029553931,0.5174055372758225,9.004038935774242,13.78438851355244,8.001863812294085,19.75369380150429,0.9975793008804066,1.1173814898419867
TOX-3500,1,10.950936765309477,5.689979853402632,14.548459264293978,14.701457846616009,6.028774890552019,2.4346940085436057,14.953561288656855,4.029118762,0.2825403978697351,8.028871695571462,32.58768208479462,7.008271913210653,44.84669776786756,0.9950307588312508,0.9650787515702
TOX-12403,1,10.45387809513766,5.698986310267415,14.594743392944618,14.6515357277799,7.004119198192541,2.426919226601573,9.047494323423637,4.029464500452596,0.2905802574975233,15.010260843388622,12.76879199198084,8.001937053400638,17.69210304079851,0.536968463106857,0.5652029888260526
TOX-7451,1,10.925175054769872,5.664329479775222,14.54981065976206,14.701777188072308,6.024939898350904,2.409598505957548,20.307204250644723,4.036722898164122,0.2385987786951449,8.025628087163069,20.13718479450234,7.010456032630295,92.41051310786752,0.9871506249114332,0.7571970967912836
TOX-8806,1,10.46006982439423,5.88765183751045,13.65980594119945,14.700665737823677,6.029120018998506,2.441593895572736,0.0,4.041327867722855,0.2902648789917478,15.01619013257797,39.64129178707751,7.009833058631113,39.64129178707751,0.5400541215365456,0.5582112320316219
TOX-17175,1,10.909567858503667,5.649175834794282,14.540878805676188,14.698632442504106,6.036462687814169,2.394547224,53.79441146512879,4.030723398075728,0.240128751643154,8.03858562,20.764351488467643,7.009377828779056,108.86928767418534,0.9934198079629792,0.8785808941721068
TOX-1621,1,10.990474756983168,5.730118199523635,13.643200370901331,14.700896990483807,6.028565612008394,2.4757068289971143,19.31711625624085,4.157456726655406,0.2715337372285251,8.029262570220698,6.606881964512918,7.008271848200367,47.19671543251775,0.9950015772660163,0.9103459656752348
TOX-8082,1,10.92518088879373,5.664338259507459,14.548196825102783,14.708161810251678,5.011579408148225,2.4096162542516413,10.090505915787915,3.287438259035246,0.2681773539233263,8.006065793618355,20.19931035310268,6.002694270046826,41.23156682888904,0.996966167,1.093959437008244
TOX-72651,1,10.925175053040654,5.664329416575933,14.54863296891386,14.702709474721438,6.021994631460445,2.4095982608660376,9.883888251797686,3.287695600856192,0.252159926348772,8.022024264562248,26.681941200414915,7.008269638886209,53.41475974156254,0.996963345288542,0.9977971822053096
TOX-2905,1,10.954215494179316,5.693884945139248,14.54633284483388,14.70177805941442,6.023242876280448,2.4398436560239984,14.906346856541662,4.024537808028707,0.221306932,8.023463149408624,40.33649514760502,7.009361927356544,83.03496169846686,0.99106418008103,1.2989901167205014
TOX-41915,1,11.077211002488188,5.816327022929597,17.42476700607452,13.30412322663047,7.003031879352135,2.559494183380339,4.736862953800049,3.041253133735087,0.3077295872848326,9.004048113309405,6.606881964512918,8.001819109555024,18.747862647975055,0.9879037733599833,0.8974349583968124
TOX-13459,1,10.936721137833583,5.675734753139879,14.548153303925774,14.7064602046732,6.007456231,2.4204752754617997,14.620751205597736,3.2411739202062257,0.262656692,8.011080629868129,26.74406675901526,3.5135465297831896,36.62795501081295,0.997572611,1.1963430088709188
TOX-12406,1,10.45387846628287,5.698986310379043,14.594743992032113,14.65153577,7.004119191288358,2.4269197137729512,9.047494323423637,4.029464500452591,0.3264831361443979,17.001102649193033,18.64879543695118,8.001937036,23.57210648576885,0.5369671430161336,0.5732261255954344
TOX-6644,1,10.463191434860327,5.698986312706574,14.5947425969195,14.651516469946586,7.004119236914109,2.4422667112194403,4.5237471617118175,4.029461081802175,0.3622998446124561,15.010577026817195,13.213763929025836,8.001936461844604,18.137074977843508,0.5419778864126731,0.5973531778567307
TOX-72803,1,10.98502725632346,5.724649708953065,13.648478283594184,14.699769343246675,6.033313355122245,2.4700946636744554,28.79084216384095,4.158192033061075,0.2311265135814685,8.034651382846379,19.820645893538757,7.010456701,72.85200551,0.9934436845080842,0.9128274409232462
TOX-12405,1,10.453879599462423,5.698986310624382,14.594742859319185,14.65153609823518,7.004118729247104,2.426924981159762,9.047494323423637,4.029462838162253,0.3560767627972399,17.001102459456142,18.64879543695118,8.001936701,23.57210648576885,0.5369679990778938,0.5720585735772793
TOX-4203,1,10.925175051510829,5.664329409,14.548633126159846,14.702709471070628,6.021994481503247,2.409598235336504,9.883888251797686,3.2876880193064983,0.2465496340738188,8.022024214068685,26.681941200414915,7.0082696742914985,53.41475974156254,0.9872569003884866,0.9961606243705944
TOX-40044,1,10.92476423350784,5.663856836254962,14.548636283353211,14.702550293858518,6.021996155611161,2.408704210614042,14.990415646638391,3.304157949826776,0.258344483,8.022114628564461,26.681941200414915,7.008270791,58.52128713640325,0.9872569003884836,0.921981202640736
TOX-12399,1,10.453877310052382,5.694147068,14.59474467182553,14.651535417737112,7.004120235032569,2.426750456,9.047494323423637,4.029467954728283,0.3025619682496218,15.010261115616554,12.76879199198084,8.001937474119337,17.69210304079851,0.5369696495169081,0.695298053
TOX-6975,1,11.095537543499765,5.834369905163912,17.424765231440535,13.304123547621002,7.002424045551297,2.5744879866225285,4.736862953800049,3.041064321315273,0.3935693676001214,9.004038890786713,13.78438851355244,8.001863993714446,19.75369380150429,0.9975777281184108,1.000865800865801
TOX-41916,1,11.07721172002088,5.816327969467912,17.42580460459678,13.303154897921637,7.0038260232394745,2.5594990201679004,4.736862953800049,3.041257061401966,0.3347351624030632,9.005126248857184,13.281472936787823,8.002878635723224,25.422453620249968,0.9939390423954988,0.9465087429111532
TOX-7990,1,11.079475215088507,5.818817480014253,17.425803653123914,13.303155081241684,7.003473530534353,2.5622076831359317,4.736862953800049,3.0411189179926827,0.3347351624030632,9.005120783649526,19.95606390906273,8.002901180104894,25.925369197014582,1.826966817546556,0.9464431235319496
TOX-8489,1,10.452902755127909,5.780161382,17.42455303978787,13.304699102874006,7.001908466941169,2.425573510967789,4.5237471617118175,4.027719339334351,0.3328386422241217,15.011077450675955,13.271707568745454,8.001593084749999,13.271707568745454,0.5187105208062627,0.8920214591070648
TOX-80426,1,10.96082727837558,5.699618837379772,14.546036075103984,14.700630775806124,6.028512690773872,2.4444048885235783,19.436592146351483,3.206351758699984,0.2393979539387395,8.029466851026836,50.136314609305984,7.009360252,63.15473072490681,0.987858701,1.0902640914465904
TOX-59534,1,10.31193977308708,5.699618648346436,14.54857038,14.702709385370268,6.021984804131446,2.4444046912790447,9.799819461700956,3.200081960413314,0.259249411464944,16.00450295187553,24.53417894858821,7.008269973,41.46717802803488,0.6474981235982626,1.0781639225738604
TOX-12402,1,10.453879197474617,5.698986310497836,14.594742261001606,14.651536058667242,7.004118736145557,2.4269185764387093,9.047494323423637,4.029462838162257,0.3134352996594198,15.01026058292281,12.76879199198084,8.00193671921197,17.69210304079851,0.5369693300311792,0.5585261287771424
TOX-4575,1,10.454395925936666,5.887653343292479,14.563334121002969,14.70510715707357,6.01148531,2.410902924437402,4.5237471617118175,4.034288244,0.4182115735474824,15.010083627076586,20.702225929867296,7.00660198,25.3726421197886,0.5404940254183932,0.8587746375680123
TOX-34473,1,10.924832403368336,5.663934631557286,14.548637307869038,14.702492038381894,6.022095178830623,2.4088428722867827,14.620751205597736,3.304412262610637,0.251018915,8.022167083598159,33.79173874169245,7.008270215,60.52455728284007,0.9872569003884848,1.0011497694702611
TOX-2627,1,10.95312212590861,5.692583814625353,14.540850439396976,14.707149342612894,5.015787167576068,2.437041876624064,20.63637078852845,3.179478995249479,0.3340236091525121,8.008688386933823,13.592428388589765,6.004914718599254,28.91201057311188,0.9959615786728993,0.9084113364534582
TOX-80271,1,10.960827253538644,5.699618647592501,14.544525319706093,14.702710270743465,6.0219830732964486,2.444404686726145,9.799819461700956,3.2000560970357106,0.2182368328900726,8.022022444688126,24.53417894858821,7.008269715836714,36.48319950708767,0.9876765427449348,1.1830188679245284
TOX-12401,1,10.453879816857972,5.698986310635567,14.594741695575784,14.651536224186971,7.004118505267308,2.426918380684062,9.047494323423637,4.029462004164186,0.3271699496072269,15.010260452737173,12.76879199198084,8.001936552197495,17.69210304079851,0.5369698584321055,0.5574568709868746
TOX-12400,1,10.453876831667776,5.694132360371972,14.59474523916693,14.651535252464392,7.004120467,2.426902733470012,9.047494323423637,4.029468773066053,0.2922248955852763,15.010261245955126,12.76879199198084,8.001937641427801,17.69210304079851,0.5369692325159064,0.6883215478936916
TOX-58441,1,10.960827253558728,5.699618648051483,14.544531235536397,14.70225696278166,6.0222173515870265,2.4444046901850496,19.27354536930105,3.2000667363269524,0.2377226733098514,8.022503945486168,37.74794287761405,7.008270290840162,55.98699016544871,0.9878855648749392,1.162286403861625
TOX-7740,1,11.044125769701472,5.78375537462582,13.63669464854822,14.702719500815428,6.021890252159411,2.528999690489569,0.0,4.030621498624258,0.2427341114633689,8.021946975833371,0.0,7.008266236031668,5.783244946364939,0.9886457545606984,1.0965851172273189
TOX-80326,1,10.96082725353802,5.699618647554725,14.544526122669527,14.702710118454757,6.021983623056556,2.4444046858873656,9.799819461700956,3.21379784294395,0.2131945755689759,8.022023161772497,24.53417894858821,7.0082699281180965,36.48319950708767,0.9876554634746298,1.2311149921514608
TOX-80328,1,10.960827253576367,5.699618648,14.544526992126205,14.702710155224771,6.021983611059753,2.4444046898620986,9.799819461700956,3.213797843,0.2379775461265344,17.00110315725056,24.53417894858821,7.008269901812664,36.48319950708767,0.773960237,1.1895174778391036
TOX-42666,1,10.925175065927087,5.664329562260783,14.549731808974148,14.697143750226314,6.022130485554718,2.4095987819450664,4.9839785209472085,3.2876631004168004,0.2573680550434459,8.022694061282051,13.592428388589765,7.008271258854632,35.425337198886915,0.9969631092822347,1.0719040387484362
TOX-5571,1,10.452903376123055,5.842656540289099,17.42455252,13.304699496398236,7.001907773630246,2.4255372050904107,4.5237471617118175,4.027556684326409,0.424193202,15.011077061718105,6.664825604232536,8.001592577375256,12.768791991980835,0.5187118589097309,0.669477747
TOX-80424,1,10.960827278615358,5.699618842336849,14.544533069778351,14.70063135724396,6.028505432563001,2.444404917515588,14.536682415501003,3.2061221744794177,0.2624039273760316,17.001103388177675,31.64397648986574,7.009358325507557,49.562302336317046,0.7739605835121914,1.0338237001104436
TOX-80425,1,10.960827278599377,5.699618842292116,14.544533877974317,14.700631295178727,6.028506725193856,2.444404917497246,14.536682415501003,3.2147834558620736,0.255371983435542,17.001103486983126,31.64397648986574,7.009358750501535,49.562302336317046,0.773959523,1.0718138534304362
TOX-80330,1,10.960827253362648,5.699618643491982,14.546025856058346,14.702708880456274,6.0219861500086935,2.4444046614842625,14.699729192551434,3.2002667104225067,0.2225581898148505,8.022026345340468,43.02651706802845,7.008270651692131,50.07562789567743,0.9878275068203416,1.1790818745705964
TOX-80423,1,10.960827278559634,5.699618841554085,14.544533003601789,14.700631280196008,6.028506753430992,2.4444049134193118,14.536682415501003,3.2147834558620736,0.2313077867047689,8.02945922174733,31.64397648986574,7.009358803156971,49.562302336317046,0.9876699422538324,1.097574482813706
TOX-6128,1,11.009845661098542,5.74937658372205,14.543301197863643,14.699762182567568,6.035720980436383,2.494180202495526,54.32347913804448,4.121105096591415,0.2099295415697941,8.039436413743537,13.08951281182515,7.011582626787064,143.3627616156704,0.9874393232059404,0.8328249613141293
TOX-6416,1,11.009845675955887,5.749376604853276,14.543299719443812,14.699762182567603,6.035709026507601,2.494180341980135,49.21695174320377,4.121093575111778,0.2083553372417072,8.038925826037747,13.08951281182515,7.0115780558656,132.1522678330814,0.9871694894384476,0.830099844421265
TOX-80420,1,10.960827278572353,5.699618842017695,14.54453383125096,14.700631219530251,6.028507367,2.4444049171838174,14.536682415501003,3.2061573740091243,0.2305048879519853,8.029461004925256,31.64397648986574,7.009359130326046,49.562302336317046,0.9879237357035248,1.0189706987227654
TOX-55045,1,10.954416985974104,5.694081498864403,14.544530143891386,14.702550760715411,6.021985882851564,2.4399252849468445,10.006437125691184,3.200277193,0.2322765635820972,8.022113716490198,24.53417894858821,7.008271319472039,41.58972690192837,0.987886157155454,1.0735222025879267
