TAID,Class,BCUTi-1l,BCUTdv-1h,BCUTs-1l,BCUTi-1h,BCUTZ-1l,BCUTs-1h,BCUTd-1h,BCUTv-1l,SIC0,BCUTse-1l,BCUTse-1h,BCUTdv-1l,EState_VSA8,nBase,PEOE_VSA7,SLogP,SMR_VSA6,BCUTZ-1h,SMR_VSA3,AATSC0v,ETA_dEpsilon_D
TOX-2523,0,10.31186697,6.026312685,0.610220196,14.55797276,5.71767983,7.011562676,3.270981916,14.69687168,0.369310297,2.459598451,3.71865921,0.650207586,26.87300412,0,5.57310453,-0.5448,18.09340305,16.00488932,15.20067686,44.16711466,0.094761905
TOX-6579,1,10.17951644,6.00723547,0.239108744,13.62979699,5.887652475,3.512435787,4.029434152,14.70743206,0.348581086,2.400735947,3.684612158,0.369681046,6.9237372,0,31.40718409,3.7277,24.05150313,16.05260714,0.0,61.61304823,0.0
TOX-70042,1,10.95191548,6.028555899,1.350476155,14.54433633,5.691155413,7.009359698,3.239703872,14.70068346,0.257805194,2.4357489,3.714933208,0.987226836,16.69994428,1,55.63614104,4.0179,29.91309311,8.029268381,5.316788604,50.42671655,0.035
TOX-25366,1,11.00217208,6.023123797,1.08598561,13.63808815,5.741695602,7.009356898,4.030688605,14.70178964,0.209765778,2.486353882,3.703154858,0.99501756,13.8474744,0,80.45318764,3.7742,0.0,8.023367715,0.0,51.48814582,0.019833333
TOX-2645,1,10.94295998,6.009593583,1.094590675,14.54390726,5.682476606,6.002602168,4.034937757,14.70584344,0.254153952,2.427611426,3.68068958,0.987935372,24.08996889,1,44.98762739,1.8912,20.19931035,8.012246984,4.899909731,51.45868919,0.021557971
TOX-39146,0,10.9601159,6.007537415,1.250027419,14.53782051,5.698722892,6.003755376,3.059729528,14.7061943,0.334023609,2.442870032,3.677658612,1.978032891,0.0,0,24.26546827,0.0008,18.94743141,8.011033246,0.0,47.42038044,0.142986425
TOX-2310,0,10.95265193,6.022140007,1.262491846,13.64270423,5.692238726,7.008291793,3.164231891,14.7011725,0.270867404,2.437400683,3.71381131,0.993949492,0.0,0,36.75265697,3.667,0.0,8.028785086,0.0,51.10520713,0.027777778
TOX-65247,0,10.31130315,7.004058901,0.296103299,17.42477246,5.699433574,8.001920358,4.048712497,13.30411962,0.341609955,2.436882253,4.009952826,0.644222833,9.984809465,5,62.37841095,1.844,4.899909731,16.01301295,0.0,48.33736907,0.078534799
TOX-30833,0,10.31285205,6.023155178,1.182003492,14.54024439,5.699499665,7.0093548,3.190370641,14.70179197,0.367384399,2.442638214,3.70347845,0.653457123,5.316788604,0,30.6862899,3.0176,5.316788604,17.00110339,0.0,53.22882951,0.029490393
TOX-73666,1,10.97958741,6.029090348,1.147777553,14.54340326,5.719021206,7.010444432,4.029776659,14.70047595,0.255574131,2.463099364,3.715100177,0.991060551,6.076020107,0,50.86365741,2.9649,6.730816747,8.029726605,4.899909731,50.3475794,0.0
TOX-63910,1,10.95431101,6.02841762,1.189961835,14.54452658,5.693974586,7.008272584,3.192605069,14.7014575,0.223840847,2.439833678,3.714689918,0.988904466,30.88011827,1,56.79891325,4.8607,26.17902562,8.028870978,9.799819462,50.97553593,0.0
TOX-2627,1,10.95312213,5.015787168,1.259050003,14.54085044,5.692583815,6.004914719,3.179478995,14.70714934,0.334023609,2.437041877,3.67237427,0.995961579,5.316788604,1,24.74385761,0.3506,13.59242839,8.008688387,5.316788604,47.42038044,0.142986425
TOX-4014,0,10.31186777,6.02576155,0.610221033,14.55134155,5.727961394,7.011559036,3.233339932,14.69977294,0.374413489,2.468017902,3.717671229,0.650207714,10.30076712,0,6.076020107,-0.0482,11.48652108,16.00488872,15.20067686,45.61282545,0.101466049
TOX-3948,1,10.98681449,5.022657067,1.246032851,14.54817379,5.722505763,3.044092359,3.161502347,15.5892377,0.275663104,2.463110629,3.28756393,0.996968248,22.9979273,1,38.06389019,1.8483,13.59242839,7.044521549,9.883888252,51.51934916,0.0
TOX-10763,1,10.95368818,7.00405824,1.154481099,17.42477221,5.693061042,8.001920244,4.029724452,13.30412001,0.25949178,2.437911631,4.00994707,1.826488574,9.799819462,2,76.00384561,2.5944,32.72378203,9.0040681,9.799819462,49.8052404,0.037414097
TOX-73067,1,10.94368219,5.013288651,1.110649422,14.54327139,5.683238746,6.002806972,4.029947664,14.70816129,0.214224103,2.428628599,3.668030827,0.98768015,44.7372457,1,68.83223884,4.2727,13.08951281,8.006131982,4.899909731,52.70793565,0.01969697
TOX-66175,0,10.94679811,6.024843611,1.34981384,14.56003815,5.686227923,7.010468285,3.285059251,14.70040527,0.27898691,2.430377089,3.715042607,0.987848439,4.983978521,0,31.54366003,2.7613,0.0,8.03001305,9.384673127,48.09376451,0.03625
TOX-63922,1,10.95431102,6.028417024,1.18996184,14.54452579,5.693974603,7.008272378,3.192598391,14.70145777,0.229298824,2.439833694,3.714685952,0.988905915,30.88011827,1,56.79891325,4.4706,26.17902562,8.028869684,9.799819462,50.95354775,0.0
TOX-54106,0,11.03136865,6.022032041,1.138362893,13.64266081,5.770771305,7.008291235,4.024901085,14.70121765,0.264013833,2.514442518,3.713758123,0.993936814,0.0,0,26.18620207,1.7924,0.0,8.028741811,0.0,47.93189043,0.076923077
TOX-4934,0,10.31915099,6.019736348,0.298670041,14.54444319,5.695009831,7.016347741,4.045328226,14.70023357,0.392061953,2.434930122,3.771700752,0.641858337,10.03888347,0,17.69618563,2.4235,5.316788604,17.0011064,4.722094864,50.76538021,0.082832723
TOX-70041,1,10.94267312,6.028555837,1.433218751,14.54438987,5.682123187,7.009359398,3.239923195,14.70068356,0.270745537,2.42778266,3.714931505,0.987226836,10.63357721,1,42.79449779,4.013,29.91309311,8.0292671,5.316788604,50.06677751,0.036526181
TOX-47946,0,10.99763473,6.022239078,1.354182543,14.56001979,5.726933665,7.008277196,3.284161938,14.70269516,0.302090377,2.455271974,3.704246733,0.987851367,11.90771572,0,25.47729296,1.95542,0.0,8.022244657,9.384673127,50.90738736,0.0
TOX-40116,0,10.33723031,5.024010695,0.628230643,14.54609669,5.697957301,2.268911983,3.230851662,15.59129507,0.254153952,2.434817121,3.27281103,0.660651664,70.27833772,2,31.31314026,3.5367,51.21612015,16.0020041,9.799819462,54.54543642,0.0
TOX-38086,1,10.94334728,6.009836703,1.090949748,14.86030452,5.682849327,6.027340709,4.034938865,14.7062905,0.276740929,2.427879567,3.677972929,1.8910345,28.05597912,1,49.7757675,3.12778,13.08951281,8.010654613,4.899909731,49.71337904,0.020205128
TOX-109680,1,10.95292301,6.028337523,1.135811655,14.5432707,5.692579539,7.008272804,4.03369965,14.70120835,0.229506492,2.438267055,3.714465723,0.988008462,11.82364693,1,44.3362508,3.482,19.63426922,8.029000187,4.899909731,51.0607858,0.019538462
TOX-1815,0,10.31977202,6.02250697,0.298942955,14.54453812,5.699276171,7.014572749,4.043805318,14.70106934,0.34799915,2.440358397,3.768275636,0.644235312,5.316788604,0,30.6862899,1.0568,12.27842388,16.01312198,10.03888347,49.1136445,0.110774411
TOX-8139,0,10.99116855,6.023216188,1.192343832,14.54028159,5.730227026,7.009356865,3.271031995,14.70178586,0.314476617,2.47173206,3.704067811,0.987619899,5.316788604,0,12.84164325,0.932,0.0,8.0234626,5.316788604,47.93716154,0.074107143
TOX-18125,0,10.95918091,5.044850726,1.304733815,14.56261143,5.694955368,5.013227223,3.19452086,15.58492707,0.325424004,2.436107339,3.493002025,0.774006301,20.60153425,3,36.39820241,3.67507,10.63357721,17.00110262,9.967957042,48.13130931,0.089047619
TOX-1904,0,10.93154828,5.17019184,1.389184112,14.69164724,5.6693989,4.009225603,3.265900822,15.44409184,0.339061698,2.412741745,3.390680786,2.751970353,21.04894641,0,0.0,0.201,10.85158279,7.173095189,10.19736362,43.80038569,0.171428571
TOX-2714,0,11.14684529,6.021995468,1.447427986,14.53780108,5.881260087,7.00828898,3.037335091,14.70144412,0.530103,2.607910484,3.713645941,1.983123766,5.733667477,1,0.0,-0.9703,6.544756406,8.028625306,0.0,37.77068067,0.295
TOX-18279,0,10.96082765,5.166904598,1.532288657,14.69305077,5.699605935,3.068216988,3.141061779,15.443249,0.35508603,2.444299624,3.405653902,2.734416767,10.08266033,0,12.13273414,1.2673,0.0,7.179792014,14.76446326,47.26036908,0.0
TOX-21265,1,10.9477993,6.006189192,1.260003458,14.54466061,5.687551868,6.002697255,3.19242151,14.70585967,0.254043805,2.432531661,3.679297775,0.773999898,52.26438894,2,23.25963712,3.0725,65.75819185,17.0011035,9.799819462,52.00248194,0.017684729
TOX-15638,1,10.97540337,5.013807565,1.07687879,14.54328063,5.715089104,6.003658581,4.034352033,14.70720224,0.195074566,2.460992905,3.66894612,0.993033299,38.67087864,1,92.28899973,4.6258,6.544756406,8.007231906,4.899909731,51.67969522,0.029027778
TOX-30503,0,11.09386082,6.006115163,1.248449912,14.54326621,5.833465927,6.002599674,3.038536019,14.70588777,0.263616272,2.578654053,3.67820911,0.987938302,11.82364693,1,6.420821623,0.4962,46.06179708,8.011815943,4.899909731,46.0096202,0.03625
TOX-1842,1,10.93685987,5.033855156,1.25738693,14.54840954,5.673660512,3.039208473,3.240030276,15.58918536,0.24639538,2.414684515,3.492993245,0.773993898,35.97188845,1,63.66511794,4.8106,24.95105782,17.00110278,9.883888252,53.01322605,0.021118012
TOX-24344,1,10.94951389,5.012828037,1.042714719,14.54023049,5.693095426,6.003766404,3.231837143,14.70720151,0.276992094,2.433797144,3.669282743,0.255078975,68.36588187,1,81.80864256,4.95,0.0,35.00142646,5.316788604,58.23151153,0.054012346
TOX-7792,1,10.95312194,5.01634061,1.258205698,14.5445319,5.692582838,6.004915428,3.179552773,14.70714934,0.314476617,2.437039088,3.67238229,0.994944788,0.0,1,31.79152959,0.6928,20.64010037,8.008690561,4.899909731,47.93716154,0.104621849
TOX-7311,1,10.95371397,6.028129756,1.351975364,14.54483399,5.692499919,7.008272048,3.205215278,14.70123487,0.269831805,2.436287184,3.71409851,0.987731264,12.2405258,1,32.64889973,2.3226,39.10852735,8.028894308,4.899909731,48.6444489,0.050454545
TOX-4325,0,10.31915746,6.019723773,0.298673697,14.55325867,5.699069127,7.016340125,4.045290966,14.70023357,0.520230456,2.434651017,3.771618517,0.641877952,4.992404733,2,12.13273414,-0.0609,0.0,17.00110457,4.722094864,42.68265219,0.108403361
TOX-70038,1,10.95191548,6.028533132,1.350476162,14.54438884,5.691155466,7.009358891,3.239688063,14.7006244,0.273081953,2.43575053,3.715416128,0.987926222,21.43680723,1,48.71240384,3.2377,30.41600869,8.02953417,5.316788604,49.90055656,0.038186813
TOX-2457,0,10.95312551,6.023297781,1.239526035,14.64079572,5.691256714,7.009357529,3.252832928,14.70177847,0.29159108,2.43506963,3.70440454,0.987684343,4.992404733,3,31.04074445,2.06422,19.10425649,8.023348966,9.908822255,48.81657506,0.0
TOX-25472,1,11.15209375,6.010619129,1.37167595,14.54448144,5.883130348,3.51636652,3.03134209,14.70586002,0.245081819,2.612373351,3.684699381,1.89336086,9.799819462,2,0.0,-0.2828,118.551122,8.016374375,9.799819462,45.72419097,0.0
TOX-37664,0,10.98579104,5.011675506,1.166601991,14.54366471,5.724681273,2.518642365,3.173089608,15.59216961,0.223150575,2.469613502,3.258087591,1.837071293,16.29271844,2,57.02943302,2.169,19.63426922,7.030008162,10.21669833,51.5244054,0.024836601
TOX-3049,1,10.33751869,5.006109431,0.623885671,14.54022328,5.693809063,6.002601582,3.160335646,14.70816195,0.21720862,2.436722605,3.667586452,0.659297759,57.27720568,1,37.58550086,5.5591,6.544756406,16.00200371,5.316788604,52.94950705,0.036985507
TOX-3874,0,10.30562462,6.024512581,0.599216653,14.78234963,5.737152102,7.010460507,3.270732766,14.70046831,0.385586065,2.47514306,3.714730711,0.650531507,31.03960422,0,22.92361192,-0.63608,11.50570721,16.00653665,40.62131689,45.07305322,0.041527623
TOX-49809,0,11.05737958,6.022364733,1.129418281,14.55315692,5.794490747,7.008273876,3.224806042,14.70214454,0.267551973,2.534154182,3.702769937,0.993571331,5.316788604,5,19.76538045,-3.34743,20.70222593,8.02320613,10.21669833,44.08542526,0.158333333
TOX-48547,1,10.95982547,6.007540781,1.249329381,14.54145404,5.699496063,6.002601689,3.177218102,14.70630436,0.28973569,2.442588745,3.677218134,0.774006268,10.63357721,1,24.26546827,2.7814,31.55793979,17.00110282,5.316788604,52.11749834,0.064467532
TOX-58487,0,10.95318927,6.009101907,1.246218629,14.540226,5.692688014,6.003654845,3.231541766,14.70584336,0.268650692,2.437298222,3.681230231,0.988939276,5.316788604,1,6.066367068,0.7201,19.75852033,8.012878974,5.316788604,48.7285263,0.074782609
TOX-55046,0,11.06040503,6.036891686,1.200827776,14.55419289,5.799296657,7.019261784,3.242136617,14.70003527,0.197369823,2.540841421,3.724839639,0.987131486,15.95036581,0,106.1364741,2.7919,54.36971355,8.038035646,50.24973393,47.76108725,0.025739538
TOX-29809,0,11.07692223,6.028535988,1.234458719,14.54781516,5.811477733,7.009356835,3.21195762,14.70069318,0.281425375,2.545077075,3.714504259,0.987843347,11.82364693,1,40.15761125,0.8382,20.19931035,8.029198301,9.799819462,47.69234084,0.0
TOX-1970,0,10.33753232,7.007074247,0.622458279,17.42774008,5.736878034,8.004646691,4.030069615,13.30344491,0.387570262,2.476435034,4.020307515,0.654573429,20.8422406,0,15.99987472,-1.2906,31.82926868,16.00304874,30.42395327,43.14231083,0.062487245
TOX-64429,1,10.94898207,6.022305294,1.321198205,14.54327085,5.688636061,7.008271591,3.180093564,14.70237619,0.236787941,2.434281526,3.702301349,0.995949568,4.899909731,1,49.70336179,4.5602,26.24115118,8.022399684,4.899909731,52.20366431,0.0
TOX-2113,0,11.14736422,6.042731252,1.442793098,14.66012453,5.880806903,7.011003485,3.029571345,14.66260758,0.378022323,2.61701565,3.738197647,0.9872569,5.285884721,0,13.8474744,1.0096,13.08951281,8.042737434,5.008912524,42.16863621,0.0
TOX-73234,1,10.95388202,6.007452069,1.264333414,14.5378083,5.693474951,4.004562718,3.062871706,14.70646185,0.284769931,2.438863303,3.678456501,0.993710322,0.0,1,31.04074445,1.5849,7.109797541,8.011075096,0.0,50.92069053,0.071031746
TOX-2413,0,10.46188677,6.012026802,0.297778219,14.56434212,5.761452949,7.006637823,4.027559925,14.70295666,0.388931193,2.449861081,3.723823648,0.54022419,19.47568272,0,0.0,-1.863,12.34054944,15.01117516,19.51903521,41.33203155,0.147226387
TOX-37657,1,10.9600534,6.016708242,1.190557802,14.5432681,5.699556486,3.516496314,4.019011798,14.70510981,0.259429699,2.44421452,3.690724728,0.995953272,4.899909731,1,38.06389019,2.6765,32.84803315,8.01698621,4.899909731,50.28032763,0.0
TOX-53250,0,10.93703246,6.024444971,1.252648215,14.54828159,5.676102087,7.010460954,3.240558139,14.70046893,0.275007656,2.421225103,3.714604988,0.995951415,15.61755573,0,17.19327005,2.0272,0.0,8.029548605,15.61755573,49.26115988,0.066318356
TOX-2553,0,10.33597063,6.0223325,0.297770491,14.54432373,5.799396558,7.008819611,4.027586112,14.70158072,0.299962573,2.449802273,3.724358465,0.540209018,16.76427297,1,38.98672766,0.5065,19.84819757,17.00110486,10.21669833,49.71043126,0.089989759
TOX-4326,0,10.98816312,6.022010689,1.439074541,14.5481402,5.723625842,7.008267621,3.167578293,14.7027119,0.310477515,2.463230627,3.701939379,0.9872569,4.983978521,0,25.98020854,1.5636,13.08951281,8.022016229,9.883888252,49.85103785,0.0
TOX-35413,1,10.9552967,6.016478199,1.037685852,14.5437207,5.699424653,3.516022921,4.019014843,14.70612187,0.291418561,2.439096971,3.690375214,0.254946969,55.92406053,2,57.08213474,4.0205,32.72378203,35.00142842,10.21669833,56.90070795,0.02226614
TOX-25534,1,10.94637611,6.028564773,1.235775163,14.54022614,5.686072043,7.00827463,3.23452789,14.700846,0.230661758,2.432067004,3.714493837,0.996623265,53.84772515,1,49.19079318,5.0711,41.0257874,8.029357637,5.316788604,51.37521504,0.014985994
TOX-2339,0,10.43534737,6.024435167,1.003590264,14.54145718,5.692033804,7.010455152,3.31586759,14.70046955,0.422649604,2.419814626,3.714519091,0.151462965,10.63357721,0,67.77261188,3.1154,10.63357721,53.00226791,0.0,70.13725458,0.072639752
TOX-24770,1,10.94613977,6.022027773,1.18255667,14.54327157,5.685835147,7.008270477,4.022105061,14.70251648,0.209649231,2.431795077,3.701577889,0.987183067,63.784064,1,48.18496202,5.5202,26.24115118,8.022097086,4.899909731,52.57958165,0.0
TOX-37669,1,10.94334731,6.009837342,1.090947297,14.86030529,5.682849546,6.027340796,4.034941659,14.70629047,0.268309982,2.42788024,3.677976651,1.89103451,21.47704344,1,68.5353168,3.35178,13.08951281,8.010655718,4.899909731,50.03216245,0.019278253
TOX-4380,1,10.95252261,6.028765953,1.270269848,14.54092192,5.692138005,7.008270625,3.1312141,14.70146231,0.299715416,2.437551808,3.714638121,0.988719659,19.164263,0,23.61409167,2.5282,7.047671983,8.028860536,5.316788604,50.16502615,0.035873016
TOX-35503,1,10.94375752,6.022207835,1.350112005,14.5610994,5.680050471,7.008270863,3.245932641,14.7023679,0.274506804,2.420602132,3.702209079,0.987798359,14.86786677,0,18.90801031,2.068,51.03219791,8.022352309,14.86786677,48.0606424,0.038569604
TOX-5627,0,11.02982065,5.060976477,1.561251165,14.55913857,5.762020129,4.005312226,3.071370733,15.58497785,0.385427506,2.495982622,3.333050664,0.995955032,9.967957042,0,12.99010427,0.36722,5.733667477,7.074080399,9.967957042,46.05062705,0.11
TOX-11172,1,10.95368818,7.004059213,1.231141504,17.42477244,5.693061042,8.001920444,3.281495056,13.30411992,0.275017186,2.435761436,4.009950944,1.857036326,9.883888252,1,62.20542369,3.7687,19.63426922,9.004068729,14.4509879,50.25227571,0.018531551
TOX-30360,0,10.31320991,5.033699976,0.625066746,14.55648794,5.781698316,3.039704566,3.177419856,15.58566062,0.332404819,2.513817805,3.328765705,0.651474618,20.60153425,0,19.14161064,1.04522,19.345282,16.00479995,20.60153425,54.11728362,0.09037037
TOX-14979,1,10.94760765,6.005860365,1.263086059,14.54465461,5.687627323,3.509654964,3.212666495,14.70681624,0.230789044,2.432538966,3.676132485,0.773998681,71.32086028,2,29.68045874,5.57222,39.33066399,17.00110366,9.799819462,54.26474602,0.0
TOX-41091,1,10.95153397,6.008618438,1.254691916,14.53781113,5.691008394,4.004565846,3.130450563,14.70553298,0.26431799,2.436291265,3.680090442,0.996623366,0.0,1,41.81319288,2.9463,14.21959508,8.012321613,0.0,51.95254579,0.047786132
TOX-72792,0,10.95524908,6.005011852,1.248477121,14.5432671,5.694936035,6.002600207,3.053915074,14.70630556,0.251470092,2.440845657,3.676675919,0.9872569,18.74738413,1,18.6529643,1.9059,26.24115118,8.010474208,4.899909731,49.97112162,0.028540305
TOX-2941,0,11.15449819,4.011683446,1.382444227,14.5415173,5.882444227,2.523148439,2.203,15.59351926,0.324698735,2.612247254,3.246231506,1.890702451,10.63357721,2,0.0,-0.8208,26.17902562,7.023148439,10.63357721,43.80035311,0.133333333
TOX-2498,1,10.311404,5.176057452,0.604559722,14.69162137,5.691519032,3.165885893,3.272666812,15.4442053,0.376108501,2.434436003,3.493094058,0.255986122,36.76077423,0,34.98641523,4.40412,0.0,35.00041811,14.76446326,50.65634147,0.0
TOX-6480,0,10.46187992,7.004059119,0.297773241,17.42477236,5.703335327,8.001804272,4.12403972,13.30411743,0.27046785,2.447857884,4.009887448,0.540217036,4.523747162,0,56.594876,2.0127,6.606881965,15.01117637,0.0,49.30183444,0.068915344
TOX-42902,0,10.31322351,6.023236387,1.104365954,14.54442532,5.767496283,7.009355946,4.039339027,14.70178023,0.305268213,2.508191385,3.70409947,0.653461433,17.55731441,0,36.3924132,1.5959,0.0,16.00441176,10.63357721,51.99467587,0.054444444
TOX-6235,1,10.94812635,6.006690203,1.238187691,14.54389945,5.687796786,3.509279735,3.168300546,14.70681862,0.230886687,2.433592301,3.676242125,0.996962983,72.6112524,1,31.01621821,3.8868,20.13718479,8.010041834,4.899909731,53.58335979,0.0
TOX-2863,0,10.93670947,6.028722087,1.335413971,13.64535973,5.676194667,7.009375504,3.316370922,14.69977141,0.265265257,2.420731849,3.716970698,0.995015256,0.0,0,32.25256914,2.73322,7.109797541,8.031471496,0.0,48.71322693,0.048
TOX-25918,0,11.01107893,7.004120078,1.365680709,14.64188444,5.749432584,8.001936956,3.138004145,14.65152207,0.337502589,2.493368053,3.758048882,0.996963941,15.42710865,2,13.11403905,-0.1147,39.77145401,8.054900744,15.22561086,43.83512197,0.029148629
TOX-4153,1,10.33528592,5.023845535,0.627881815,14.54484841,5.697878117,2.263186125,3.231725635,15.59139807,0.244884682,2.433197994,3.267660358,0.630903201,65.56783011,1,69.44249778,5.8856,31.29286371,16.00315805,4.899909731,57.13349306,0.0
TOX-43795,0,11.01555559,6.028132168,1.268296537,14.69130174,5.74956799,7.00827297,3.131542116,14.70122456,0.309737787,2.486789458,3.714650041,0.987231552,25.78580936,0,32.90394574,0.7567,30.0220959,8.028971848,15.62315501,44.7821401,0.080217391
TOX-69732,1,10.95088896,6.021938727,1.152778899,14.54844403,5.690240972,7.008273826,4.034758886,14.70270777,0.256047663,2.435549596,3.702096714,0.99285176,16.80762545,1,45.13608842,2.1932,14.09534397,8.022044146,9.883888252,51.366104,0.040782828
TOX-13308,0,10.31977144,6.022788487,0.298942327,14.55901118,5.700840178,7.014578676,4.043810341,14.69997087,0.391013589,2.442874251,3.768335597,0.644236963,14.69005191,0,12.13273414,0.7408,11.32897683,16.0131224,9.967957042,44.32406426,0.056728778
TOX-2012,0,10.95442976,6.029742458,1.250277094,14.54839715,5.694126771,7.011548121,3.216593537,14.69977138,0.277132219,2.440121659,3.718085352,0.987842623,5.316788604,1,32.25256914,0.8762,20.19931035,8.032291073,15.11660807,47.46863317,0.038709677
TOX-5811,0,11.1532772,6.006171324,1.392485144,13.62913888,5.891786361,6.003743699,2.193094616,14.70585931,0.301950453,2.629059264,3.679848782,1.895523476,0.0,0,0.0,-0.9958,39.64129179,8.012670152,0.0,42.37937064,0.117777778
TOX-4096,1,10.33723168,5.023809353,0.628232549,14.54527112,5.697956262,2.268888538,3.230773193,15.59112028,0.258138087,2.434815173,3.267685025,0.660651115,72.42609997,1,51.32639027,4.241,32.08476651,16.00200377,4.899909731,55.57664985,0.0
TOX-9065,0,10.33597396,6.022026386,0.624919899,14.54431728,5.799391631,7.008274315,3.199442053,14.70224038,0.266001857,2.542951393,3.702397492,0.629775776,12.2405258,1,38.98672766,-0.857,19.84819757,16.00221316,10.21669833,48.19434564,0.09529321
TOX-68936,1,10.92007031,6.023804448,1.244381498,14.54022469,5.659007494,7.008279149,3.28842289,14.70172663,0.269214108,2.399922655,3.707165211,0.98798751,5.316788604,1,36.24974139,2.8067,6.606881965,8.024012827,5.316788604,51.14104481,0.043560606
TOX-1742,0,10.33782659,6.023259747,0.617319056,14.55436867,5.802098502,7.009371179,4.023072732,14.70068237,0.30339215,2.534665801,3.714136094,0.659356578,9.892314463,2,26.68911765,1.4062,13.08951281,16.00200357,9.799819462,50.34466236,0.02483531
TOX-2835,0,11.24669862,5.023278447,1.402991453,14.55570138,5.947037703,2.105008547,3.060962297,15.58927828,0.32187317,2.640930938,3.307069062,1.984721553,19.59963892,4,0.0,-1.0198,40.01214713,7.060962297,19.59963892,44.68381928,0.0
TOX-40087,1,10.95441103,6.028540982,1.154710674,14.54454271,5.694090248,7.009359828,4.029865406,14.70063085,0.233797917,2.440062787,3.714940892,0.987831016,36.0891152,1,43.8823877,4.0684,25.09922008,8.029467708,4.899909731,51.60550593,0.0
TOX-33190,0,10.43534551,6.024441988,1.003525158,14.54144555,5.687407626,7.010459117,3.315893241,14.70043963,0.384388444,2.416752484,3.714638156,0.151462963,10.63357721,0,73.33606337,1.808,18.46842697,53.00226811,5.316788604,68.9097688,0.084410705
TOX-42897,0,10.313223,6.023237036,1.104615962,14.54442607,5.767452795,7.009356356,4.039339811,14.70178023,0.292494197,2.50815747,3.704103971,0.653460757,24.48105161,0,42.81323483,1.986,0.0,16.00441186,10.63357721,52.03232785,0.05112782
TOX-7881,0,10.31206344,6.006704015,1.163968547,14.5636609,5.762734868,6.004775749,3.275623129,14.70610223,0.39940891,2.463989214,3.679407065,0.653446429,14.95193556,0,0.0,-0.89961,6.606881965,16.00441348,19.51903521,45.08800353,0.114721587
TOX-17272,1,10.31139947,4.231443479,0.609960879,14.54084957,5.677806918,2.53263905,3.234353855,15.59409635,0.246833051,2.42371624,3.24016824,0.650323601,47.10470682,1,66.5647821,3.8879,13.59242839,16.00450266,5.316788604,56.87706384,0.021754386
TOX-31844,0,10.31951993,6.021223905,0.291552851,14.5451403,5.855420912,7.014494923,4.039395479,14.70061839,0.376232964,2.44167559,3.778422154,0.540502878,5.087295063,0,13.34455882,1.0115,44.4808902,17.00110344,9.757711253,50.4667839,0.034172932
TOX-28630,0,10.95402659,6.023653209,1.304717358,14.54334727,5.694178965,7.009373833,3.21839031,14.70056189,0.29645735,2.437820095,3.714386645,0.773996665,0.0,0,42.81902403,3.8688,25.66426122,17.00110325,0.0,49.98010082,0.021822005
TOX-47949,0,10.97955114,6.022241923,1.379550881,14.56002977,5.712494048,7.008277411,3.305079345,14.70269501,0.286839273,2.445507439,3.704256487,0.987791143,4.983978521,0,44.88821885,2.18216,0.0,8.022245568,9.384673127,51.24124551,0.0
TOX-2011,0,10.92592681,6.022006426,1.151746102,13.6428083,5.665626219,7.008295209,3.178224522,14.70105169,0.216784713,2.411622213,3.713849212,0.993575837,17.91688874,0,56.78156345,3.5413,0.0,8.028875805,0.0,51.18978351,0.053580902
TOX-107947,0,10.94621953,6.022235915,1.178856426,13.64279298,5.685858518,7.00829199,4.034734676,14.70114413,0.260521057,2.431420698,3.71422333,0.988018934,0.0,0,18.05064018,3.0513,6.606881965,8.028897583,0.0,51.66663078,0.026052632
TOX-41297,1,10.95309207,5.012776434,1.161155035,14.54326515,5.692762047,6.002557289,4.023992217,14.70816264,0.221245936,2.438572013,3.667762997,0.987938823,23.95638107,1,44.3362508,3.5503,19.63426922,8.006106882,4.899909731,51.6575241,0.023070175
TOX-65246,0,10.959585,7.004120852,1.200809631,14.59505885,5.698234601,8.001937166,4.023155082,14.65157098,0.313905514,2.441787067,3.756917687,0.992931366,9.984809465,5,50.24567681,2.5726,4.899909731,8.05451991,0.0,45.73716927,0.077435897
TOX-76540,0,11.00998704,6.028096684,1.183362583,14.54326789,5.749636385,7.008270584,3.159088301,14.70146586,0.234969233,2.495229276,3.713938192,0.9872569,37.47836003,1,38.26988373,3.0299,26.24115118,8.028769482,4.899909731,50.08254525,0.0
TOX-37947,1,11.13890073,6.042955318,1.47488412,14.66038434,5.876565132,7.011388815,3.037884702,14.6625803,0.442270339,2.606979245,3.738505208,0.995398994,10.02274767,0,0.0,0.1202,13.77848873,8.042989338,5.008912524,39.55315454,0.0
TOX-25372,0,10.31188961,5.053499949,0.610237231,14.55430526,5.69219576,3.053210148,3.178056239,15.58688084,0.340934858,2.436175735,3.498014885,0.65033177,9.976383254,0,17.69618563,5.8675,0.0,17.00214139,4.983978521,50.75276938,0.0
TOX-1572,1,10.92496585,6.011344212,1.371675736,14.54785279,5.663022901,3.517885572,3.244502233,14.70549059,0.265292824,2.406463838,3.685109036,0.996623291,4.983978521,0,41.28151105,3.86,28.43919017,8.015180401,4.983978521,50.53313657,0.0
TOX-36352,1,10.95441005,6.028101317,1.252946557,14.54372146,5.693956269,7.008271447,3.16507918,14.7014632,0.236058022,2.439690559,3.713973564,0.988906773,24.06417273,2,43.83333522,3.0024,32.78590759,8.028777122,10.21669833,50.41381032,0.02089372
TOX-22167,0,10.95918091,5.066115674,1.453333246,14.56364817,5.694955368,3.051817272,3.19457149,15.58425032,0.297948867,2.436107339,3.350469873,0.995037577,25.25270269,0,32.0465756,2.71334,5.316788604,7.084043538,19.93591408,48.06395953,0.051111111
TOX-2662,0,10.95226518,7.004058656,1.162306446,17.4247712,5.691386252,8.001920139,4.030039557,13.30411985,0.395450699,2.4357058,4.009947626,1.985101523,10.63357721,0,18.19910121,-0.5032,0.0,9.004067077,10.63357721,41.31053143,0.111507937
TOX-43232,0,11.00620206,6.024521249,1.128585304,14.54451905,5.745588956,7.010443858,4.034556114,14.70178023,0.304647524,2.490295296,3.707001515,0.987190674,10.63357721,0,18.75954929,1.3511,0.0,8.024721282,10.63357721,47.82919844,0.06130031
TOX-34823,0,11.08428622,6.023409076,1.164061337,14.55435867,5.822848498,7.009364276,3.205900852,14.70177872,0.369060751,2.562756242,3.704927172,1.986022897,4.992404733,2,0.0,-3.8502,6.606881965,8.024244455,4.899909731,40.90661935,0.157004831
TOX-72616,1,10.95368821,7.004056631,1.343101643,17.42477138,5.693061069,8.001918779,3.137774026,13.30412121,0.262712396,2.437911648,4.009938717,1.857044701,34.06528774,1,49.36378044,3.6108,37.62369176,9.004065908,4.899909731,51.71000727,0.0
TOX-2350,1,10.94700545,6.007560226,1.268505309,14.53780883,5.686603843,4.004563769,3.229755419,14.70681895,0.269458503,2.431905806,3.676446185,0.993442977,0.0,1,31.89811458,2.02944,6.606881965,8.010055789,0.0,50.97553593,0.065299145
TOX-2192,1,10.92353984,6.007461869,1.257362126,14.54843573,5.659227986,3.513558519,3.285575705,14.70645791,0.246522996,2.399759362,3.678521562,0.773988758,43.12064407,1,75.79785207,5.9724,32.06085536,17.00110338,9.883888252,52.97648871,0.017059582
TOX-17247,0,10.34662406,6.023135139,1.192250768,14.54078913,5.845278303,7.009353615,3.123379212,14.70177617,0.435102571,2.570689054,3.703732872,0.547205674,17.94557775,0,0.0,-1.0938,5.752853607,16.00121111,5.316788604,48.75992199,0.188571429
TOX-29805,0,11.01165718,6.029103231,1.238471583,14.54753869,5.748274723,7.010442367,3.221144754,14.70047662,0.296582328,2.486520659,3.715035566,0.987837415,0.0,0,33.10993927,1.0226,6.606881965,8.02970444,9.799819462,47.72512906,0.0
TOX-13016,0,10.31794341,6.019809763,0.300606629,14.73708504,5.654888117,7.016400332,4.044703969,14.69902446,0.338846864,2.398154188,3.783747742,0.643690444,10.22850025,0,18.19910121,4.6074,0.0,16.01468275,0.0,45.44830956,0.054364326
TOX-21088,0,10.33794108,6.021874252,0.626852481,14.54797553,5.709463405,7.008269,3.257301558,14.70255855,0.357457986,2.448830784,3.701678327,0.656199648,4.983978521,1,12.48718869,1.33402,0.0,16.00200288,4.983978521,51.51638103,0.095555556
TOX-11523,1,10.94595395,7.004059939,1.147333175,17.42477291,5.685605921,8.001921076,4.029940438,13.30411966,0.236571758,2.431463375,4.009953632,0.995937478,40.98902494,1,88.4910343,4.75322,32.72378203,9.004069992,9.799819462,51.91596999,0.0
TOX-48418,1,10.95260525,6.008130777,1.252279944,14.55771933,5.693780401,3.511447513,3.203737735,14.70588755,0.307692826,2.436375717,3.678106906,0.773068469,4.983978521,0,36.39820241,6.0703,13.21376393,17.00314867,9.551078169,52.9258466,0.0
TOX-44552,1,10.33811494,5.033902682,0.625064381,14.56148704,5.78169831,5.013227868,3.17748611,15.5842406,0.283802246,2.513817964,3.334558739,0.651792386,30.56949129,3,19.76538045,1.42119,18.84236642,16.00200253,30.56949129,49.39573494,0.099887767
TOX-3309,1,10.93566146,6.023451515,1.304718933,14.55097199,5.674805698,7.009373293,3.321905353,14.70061921,0.304785221,2.419630855,3.714245103,0.773997683,0.0,0,54.95175817,3.92732,7.109797541,17.00110314,4.567099648,49.60625179,0.021772894
TOX-50916,0,10.25019857,5.036425087,0.537854846,14.54905866,5.707628851,6.003865782,3.26104177,14.70720077,0.309252892,2.447322005,3.669519185,0.559842856,9.967957042,0,49.94875477,4.20308,0.0,16.1010144,9.967957042,54.80680491,0.044191919
TOX-4423,1,10.4342514,6.02213382,1.003090375,13.64284525,5.693415014,7.008293494,3.236172962,14.70102014,0.366177235,2.427729067,3.713890982,0.151451986,90.36348251,0,120.1924023,5.23,0.0,53.00327303,0.0,73.43049426,0.041269841
TOX-13366,1,10.94727268,7.004057314,1.160984527,17.42477163,5.686943053,8.001919469,4.024003773,13.30412068,0.249993998,2.432785564,4.009943686,0.995940859,4.899909731,1,62.55987824,4.08062,19.63426922,9.004067273,4.899909731,51.96535899,0.019156152
TOX-34741,0,10.31319107,6.01007476,1.198556154,14.54393985,5.686419163,3.511082244,3.223671652,14.70681731,0.256177864,2.431908461,3.677475472,0.65346551,37.25557254,0,91.19571035,5.15982,11.94758171,16.00441239,0.0,55.54503859,0.0
TOX-38422,0,10.9543519,6.022114707,1.249179343,14.54372621,5.693774198,7.00827051,3.167915631,14.70241474,0.252824004,2.438536033,3.702141339,0.987185958,5.316788604,1,38.11294267,1.9063,26.24115118,8.022261166,10.21669833,48.9605832,0.045075758
TOX-6741,0,11.15412192,4.009992771,1.277266754,14.54021158,5.890277586,2.519875489,2.177191169,15.59451919,0.397979297,2.621366997,3.49300103,0.767070867,5.316788604,1,0.0,1.0536,24.8495197,17.00212102,5.316788604,56.07436385,0.081632653
TOX-1923,1,10.94497719,6.010054642,1.130934641,13.62697414,5.684476614,6.002806978,4.023004109,14.70633008,0.204672391,2.429113409,3.67721895,0.987622544,39.83733597,0,64.15068372,5.7358,0.0,8.010450655,0.0,52.78887519,0.019444444
TOX-1566,0,10.93547203,6.028596319,1.17124205,14.55159251,5.672032809,7.009365687,4.029075693,14.70062376,0.29159108,2.413939818,3.715084125,0.988003731,0.0,0,24.61992283,2.0796,0.0,8.029474374,9.551078169,47.81797861,0.020322887
TOX-39634,1,10.95454072,6.028540024,1.154728523,14.54453806,5.694225489,7.009359386,4.029863391,14.70063091,0.239357515,2.440205507,3.714935631,0.987924572,29.165378,1,36.9586505,3.6799,31.64397649,8.02946598,4.899909731,51.50987051,0.0
TOX-11095,0,10.92998198,5.012716978,1.159173762,13.62453205,5.669622999,6.003684162,4.023025796,14.70716774,0.284445561,2.41522372,3.670458222,0.995960404,5.920434319,0,12.48718869,1.1042,0.0,8.007519126,0.0,51.96387785,0.069059829
TOX-2245,1,10.96020898,6.022051247,1.19700834,14.54501085,5.698962653,7.008272611,4.017047117,14.70240704,0.243931046,2.443234471,3.70260549,0.989903359,36.72157741,1,57.87832312,3.2686,18.46842697,8.022327067,10.63357721,48.93826597,0.071282051
TOX-2059,0,10.33750182,6.024522321,0.623606461,14.54587558,5.745166248,7.010459851,3.29170441,14.70043915,0.301928088,2.479675973,3.714749941,0.659363246,5.316788604,1,13.34455882,-0.308,20.64010037,16.00200415,15.11660807,49.09457608,0.062466844
TOX-35404,1,10.9600534,6.016470601,1.190518827,14.54021646,5.699556486,3.516014102,4.019006495,14.70612531,0.284334886,2.44421452,3.69032014,0.987915455,12.2405258,1,18.67749054,2.1736,13.08951281,8.016537774,5.316788604,50.38787495,0.033055556
TOX-3962,0,10.95441202,6.021947971,1.383320187,14.5440691,5.693071288,7.00826907,3.136200904,14.70271055,0.272398137,2.437440903,3.701910781,0.9872569,24.06417273,1,37.35498109,1.3404,31.9126931,8.022017756,10.21669833,49.14079593,0.077352941
TOX-22740,0,10.30379507,6.017547211,0.295879404,14.55527416,5.693497331,7.014201842,4.048590695,14.70215145,0.407268532,2.435978733,3.767166857,0.643122433,9.357518502,0,37.51269515,1.98774,0.0,16.01375017,9.357518502,52.47738322,0.0
TOX-1795,1,10.94262208,6.009368948,1.050755671,14.54327947,5.682123863,6.003753199,4.123908896,14.70565109,0.211105456,2.427187793,3.681762229,0.989185155,31.7374884,1,81.37696004,4.4138,20.19931035,8.013251493,4.899909731,51.59104625,0.02788671
TOX-4440,1,10.98277977,6.023191355,1.398642184,14.54599313,5.718842766,7.00935281,3.285680341,14.70178971,0.335083648,2.457082846,3.703319453,1.9,0.0,0,0.0,-0.8195,39.26853844,8.023212344,14.69972919,47.70259595,0.0
TOX-35679,0,11.03606401,6.023842915,1.367507919,14.56688092,5.758495305,7.009372467,3.319188769,14.70177585,0.320092628,2.477076504,3.709297735,0.99601662,26.81544849,1,7.047671983,-1.2879,38.12660734,8.023859009,24.00206607,45.08620756,0.028412698
TOX-71679,0,10.46461634,6.011482878,0.291617993,14.54513137,5.889371971,7.006600977,4.034247387,14.7051072,0.430368421,2.442049433,3.704858281,0.540508959,5.087295063,0,0.0,1.4939,38.00115807,17.0021232,9.757711253,53.2409488,0.047828362
TOX-34835,0,10.30966946,6.022681032,0.296415682,14.543736,5.693525882,7.014573236,4.0428721,14.70102356,0.296915333,2.434685198,3.767403628,0.61588195,24.06417273,1,31.28861402,1.1703,39.54459235,16.01322087,10.21669833,50.08689935,0.025559947
TOX-76495,0,10.4353455,6.025680187,1.003547707,14.54284045,5.687535324,7.011542024,3.320903258,14.7003456,0.396914302,2.41642243,3.715070124,0.151462965,15.95036581,0,67.77261188,1.6328,18.90921699,53.00226817,10.63357721,66.33916369,0.08276644
TOX-1954,1,11.14518731,6.025750747,1.375594261,14.54457237,5.873862268,7.011580733,3.054870988,14.69977294,0.337948267,2.595435228,3.721391226,1.896622335,0.0,2,0.0,-2.0712,39.26853844,8.035257511,9.799819462,41.03492221,0.124444444
TOX-75174,0,10.24979959,6.016608805,0.407945854,14.56130339,5.748037445,7.011267354,3.240784737,14.70178018,0.284963636,2.479987776,3.716978664,0.563798116,19.93591408,0,40.53659204,3.04644,35.48458053,16.10106836,29.73573355,52.18719399,0.049965493
TOX-3946,0,10.33809895,6.026537642,0.626752933,14.7823731,5.692344503,7.011572879,4.030079235,14.69977294,0.333000299,2.437474909,3.719036245,0.656208485,20.8422406,0,33.69606035,-1.1277,19.46953311,16.00200515,30.42395327,43.07128739,0.066574074
TOX-2945,0,10.33782231,6.032245829,0.617315831,14.54424402,5.693902474,7.011536385,4.024192242,14.70012631,0.28338436,2.439597417,3.720891261,0.659348677,5.316788604,1,40.18213749,1.3235,6.792942306,16.00200473,10.21669833,49.59033771,0.050535714
TOX-3036,0,10.31196023,6.017548349,0.298939356,14.69094883,5.699276172,7.014204046,4.043807874,14.70214714,0.400578776,2.440357412,3.768118037,0.644143433,14.91945848,0,30.6862899,1.4835,10.45576234,16.01326582,10.19736362,50.3969023,0.086243386
TOX-25786,1,11.10369822,5.011655801,1.274494252,14.54326779,5.839726987,2.067002862,3.11517869,15.59251658,0.308722406,2.578865342,3.49303127,0.767070867,18.74738413,1,13.8474744,2.1744,24.8495197,17.00212159,4.899909731,54.40611037,0.0
TOX-43660,0,10.96020237,6.028769009,1.438444203,14.54377031,5.698914042,7.008271064,3.133866491,14.70146034,0.294238522,2.443082427,3.714651927,0.9872569,24.06417273,0,25.98020854,2.251,25.03709453,8.028864661,5.316788604,49.02573974,0.032107843
TOX-7487,1,10.93686324,6.022418386,1.247617351,14.54086237,5.676366263,7.008280924,3.293852288,14.70222383,0.265449431,2.421145569,3.704114868,0.995327003,5.316788604,1,54.77877091,2.6519,28.37706461,8.0230185,5.316788604,49.73376605,0.040201465
TOX-11222,1,10.95210655,5.023841745,1.350644545,14.54457414,5.691806555,2.269008125,3.228697952,15.59159085,0.214221841,2.437595057,3.267977246,0.9872569,72.17823041,1,49.19079318,4.2651,31.07893535,7.032741892,4.899909731,53.50819315,0.0
TOX-3475,0,10.93356915,7.005164764,1.263362598,17.42581527,5.66933571,8.002963424,3.323539443,13.3031547,0.326822755,2.408131944,4.011379476,0.987895917,5.316788604,1,19.91384147,1.7959,24.53417895,9.005171538,9.883888252,46.66406328,0.046603175
TOX-36335,1,10.9816319,6.043141776,1.095353611,14.66018121,5.721174598,7.011945263,4.028775834,14.66256925,0.268756112,2.466005347,3.73900983,0.767893448,12.20962192,0,74.69339565,4.8556,12.42475985,17.00110274,5.008912524,50.85121943,0.0
TOX-16540,1,10.95427583,6.028131397,1.271159519,14.55772315,5.693800669,7.008271035,3.227371102,14.70146427,0.285799377,2.439529929,3.71401997,0.987826234,4.983978521,0,18.90801031,3.0592,6.606881965,8.028775182,9.551078169,50.53775704,0.0
TOX-15080,1,10.94358573,6.022099704,1.129120433,14.54451373,5.683206277,7.008270784,4.039509334,14.70250885,0.225771758,2.428948613,3.702070148,0.993929357,65.25449321,1,29.88645228,3.5634,45.93754596,8.022155156,9.799819462,52.36185365,0.0
TOX-72919,1,10.98923748,6.028421186,1.061367283,13.64461336,5.72881807,7.008280911,4.120670708,14.70049982,0.216984345,2.473944562,3.715155596,0.993592798,6.9237372,0,81.61713285,0.5434,13.21376393,8.0304782,0.0,48.47866013,0.07954416
TOX-15721,1,10.95203797,4.05748448,1.250948884,14.54022605,5.691609784,2.517660128,3.131804107,15.59451691,0.215422328,2.437446578,3.239966224,0.988941804,79.82793369,1,17.54772461,3.9684,0.0,7.020191251,5.316788604,54.5049565,0.022222222
TOX-35661,0,11.01050784,6.021926481,1.087230845,14.84553867,5.750751421,7.008269297,4.024019125,14.70271749,0.325284209,2.494389589,3.701424788,0.774009988,4.975972449,0,54.8337987,3.00407,0.0,17.00110208,0.0,52.30563891,0.0
TOX-31598,0,10.94702041,6.023801239,1.154688708,14.5649174,5.68660156,7.008283368,3.280921825,14.70198316,0.246184027,2.431982373,3.7071534,0.993058908,20.26872417,0,37.61968013,-0.8016,53.53841025,8.02907318,24.83582381,46.15748565,0.060038986
TOX-3501,0,10.31139411,6.029683582,0.610021509,14.54388469,5.736933804,7.011544318,3.270638864,14.69977111,0.348677531,2.476014987,3.717964891,0.650189732,5.316788604,0,11.44642984,0.5923,12.35973557,16.00488823,10.21669833,48.90211448,0.044871795
TOX-3430,1,10.92852822,6.029250278,1.321198121,14.54327294,5.667515538,7.009365,3.30022716,14.70046779,0.24658081,2.408566391,3.715583554,0.995947077,4.899909731,1,44.98762739,4.41112,26.24115118,8.02983809,4.899909731,51.38494166,0.0
TOX-32566,1,10.91898941,6.037437351,1.12680122,14.54581268,5.658193427,7.012666894,4.031720517,14.69969127,0.21515471,2.400690878,3.726257213,0.992970671,0.0,2,111.407496,5.99892,35.30048547,8.038785108,9.799819462,49.29853481,0.009298431
TOX-4464,0,11.11103357,5.004035522,1.388622575,13.62318515,5.8505455,6.002690224,2.11109901,14.7081658,0.331585582,2.595146536,3.667325083,0.987945957,0.0,0,6.420821623,0.3887,6.606881965,8.006053745,0.0,42.87487519,0.118333333
TOX-14942,0,10.31139508,6.024484998,0.610022415,14.54388069,5.736880702,7.010458275,3.270565285,14.70043953,0.365936595,2.475933469,3.714726518,0.650191429,5.316788604,0,17.01953437,0.0215,12.35973557,16.00488765,10.21669833,49.3189699,0.072073579
TOX-7431,1,10.98922286,6.02865485,1.063732082,13.64516807,5.72880084,7.009679808,4.120678694,14.70037629,0.219948711,2.473907211,3.715557409,0.99359294,6.9237372,0,81.61713285,0.75,6.606881965,8.030999409,0.0,48.65769768,0.067793318
TOX-58908,0,10.31185891,6.031116075,0.302847726,14.55815462,5.790500043,7.016247178,4.042874894,14.6967855,0.387833481,2.51064617,3.781461964,0.645012935,25.03093139,0,0.0,-2.8757,18.94743141,16.01376726,14.60598312,39.79551681,0.142522523
TOX-4123,0,10.95396004,6.022001776,1.249179454,14.54067012,5.693547962,7.008274163,3.064528864,14.70241282,0.279952577,2.438875285,3.702226879,0.988940406,5.316788604,1,17.69618563,0.4521,13.15163837,8.022276374,5.316788604,48.43159732,0.097940503
TOX-2110,1,10.94830236,7.004122644,1.240484941,14.59478399,5.686948822,8.001938833,3.28433912,14.65151403,0.295480657,2.431349354,3.757237064,0.987809076,5.316788604,0,26.33466309,2.5657,13.71667951,8.054931047,5.316788604,47.11779768,0.022507123
TOX-10556,1,10.93996186,5.089122912,1.163353533,14.56331349,5.679173692,6.02727133,4.030231136,15.57924178,0.217523464,2.424296573,3.356804298,0.994933971,73.59541156,1,68.57719283,3.93668,20.64010037,7.089177981,4.899909731,54.01928328,0.0
TOX-45117,0,10.31320862,6.023236096,0.625044832,14.54442588,5.755103661,7.009356461,4.029822445,14.70178023,0.31817877,2.498989311,3.704101589,0.651457244,24.13625009,0,42.98604553,2.0032,11.50570721,16.00480071,10.63357721,54.38993643,0.052464495
TOX-4233,0,10.96037455,7.004117019,1.495253443,14.59493269,5.698399058,8.001936296,3.134793517,14.65157191,0.40658065,2.442291775,3.756892396,2.812318015,5.316788604,3,12.13273414,0.60977,5.316788604,8.054529273,5.316788604,39.70274769,0.15922619
TOX-22266,0,10.95440852,6.023407985,1.375129896,14.5481821,5.69295981,7.009356956,3.236028123,14.70177809,0.279158388,2.436951564,3.703900825,1.894349475,4.899909731,1,24.26546827,1.9697,49.3165438,8.023517615,4.899909731,49.66168529,0.0
TOX-11911,1,11.25086899,7.007432994,1.427256337,14.67746025,5.963464788,8.005085273,3.139127954,14.64994244,0.405672578,2.668821261,3.767315553,1.989448503,0.0,0,0.0,-2.1952,26.67476476,8.062151424,20.0356501,26.68531532,0.0
TOX-44346,1,10.95454096,6.016476734,1.190516775,14.54021806,5.694226481,3.516025763,4.019013003,14.70612351,0.252475669,2.440208365,3.690352296,0.995954281,29.58225688,1,30.66176366,3.3964,13.08951281,8.016546648,5.316788604,52.38154207,0.022366522
TOX-40086,1,10.95454071,6.028542681,1.154702052,14.54453897,5.69422548,7.009359695,4.02986814,14.70063086,0.238014187,2.440205497,3.714943806,0.997567631,29.165378,1,49.80029374,3.6799,31.64397649,8.029468047,4.899909731,51.72573564,0.0
TOX-10018,1,10.92843286,6.024005463,1.355060503,14.5445363,5.667367713,7.008278799,3.303974917,14.70172724,0.257760694,2.40834611,3.707080013,0.993916224,0.0,1,33.1518153,3.83862,21.20514151,8.024086202,4.899909731,51.5980059,0.0
TOX-24567,1,10.94830205,7.00412669,1.240480851,14.5947924,5.686948513,8.001940498,3.284416896,14.65148067,0.252481681,2.43134919,3.757414425,0.987144496,5.316788604,0,32.25256914,3.7692,39.64129179,8.055137151,5.316788604,48.1055431,0.016613757
TOX-47746,0,10.9427542,6.02851712,1.061964892,13.64426064,5.682235831,7.008276906,4.119320133,14.70081653,0.235638099,2.426741756,3.715821046,0.991946804,13.8474744,0,42.5796345,2.4313,0.0,8.030333136,0.0,49.55779903,0.068104575
TOX-42884,0,11.03033137,6.024521336,1.107028771,14.54451905,5.768622973,7.010443641,4.039274256,14.70178023,0.304647524,2.509405688,3.70700263,0.987824625,10.63357721,0,31.09827696,1.185,0.0,8.0247213,10.63357721,47.82919844,0.06130031
TOX-73479,0,10.96037462,7.004116287,1.495252861,14.59502354,5.698396848,8.001935467,3.134827329,14.65159152,0.388526472,2.44227785,3.756814346,2.812317999,10.30919334,5,12.13273414,0.21487,5.316788604,8.0544378,0.0,40.6192532,0.176136364
TOX-36629,1,10.94622462,6.028560855,1.178774177,14.54390404,5.685864515,7.008272469,4.034759269,14.7011612,0.232259705,2.43143357,3.714556089,0.987856052,11.94758171,1,37.43703983,3.9942,26.74406676,8.029050679,4.899909731,52.06739823,0.0
TOX-29926,0,10.95296977,6.02200034,1.299927364,13.6426623,5.693285688,7.008291268,3.177653408,14.70121782,0.40024782,2.436930207,3.713741978,0.774011056,0.0,0,17.69618563,1.6727,0.0,17.00110187,0.0,48.16363192,0.092687075
TOX-18122,0,11.23520401,6.04284628,1.617900117,14.66050373,5.953935385,7.011390412,3.122933172,14.66259568,0.468268372,2.653176331,3.738501018,0.995410652,10.60267332,0,0.0,-0.061,14.09534397,8.042853005,10.32570113,37.5130383,0.082407407
TOX-36353,0,10.9531072,6.023857595,1.258936821,14.56551994,5.692568437,7.009381475,3.33136851,14.70177579,0.300642008,2.437035635,3.709739974,0.996026452,10.30076712,1,30.66176366,-0.4418,13.08951281,8.024422117,24.00206607,46.02297591,0.076041667
TOX-10903,1,10.96066923,6.028763538,1.546633883,14.54092078,5.700267852,7.00826999,3.059509254,14.70146313,0.369155111,2.445562936,3.714625433,0.995966945,5.316788604,0,12.13273414,1.4048,7.047671983,8.028856636,5.316788604,48.41663506,0.047979798
TOX-4466,0,11.09378683,5.004035923,1.353462456,13.62318564,5.833387489,6.002690462,2.147553942,14.70816564,0.296639618,2.578648142,3.667326517,0.987943334,6.9237372,0,6.420821623,0.7788,6.606881965,8.00605434,0.0,44.34383928,0.092222222
TOX-7673,0,11.25556212,4.103970711,1.971286832,14.6377491,5.986001079,2.619907655,2.11109901,15.49619342,0.349133127,2.713754405,3.315666478,0.994910281,10.85158279,0,14.09534397,-0.6598,14.09534397,7.11109901,10.85158279,36.86617327,0.2
TOX-5659,0,11.045252,5.055207068,1.626733368,14.55913065,5.777113937,4.005311945,3.049898088,15.58497794,0.433640566,2.509904941,3.332206349,2.783183958,9.967957042,0,6.066367068,0.0588,5.733667477,7.073936241,9.967957042,43.80038569,0.126984127
TOX-5381,0,11.05985053,6.030294684,1.218908989,13.64492039,5.799493931,7.009359096,3.044257636,14.69976983,0.196553068,2.545029421,3.716727659,0.98714361,27.6949488,0,37.51909858,6.066,13.21376393,8.03108966,0.0,48.67395179,0.0
TOX-45113,0,10.33797133,6.024522394,0.622170569,14.54451968,5.754781249,7.010444769,4.034569366,14.70178023,0.342244437,2.497581459,3.707012664,0.654906625,23.79144858,0,6.420821623,1.2226,5.752853607,16.00200246,10.63357721,50.68315511,0.058703704
TOX-38228,1,10.95390017,6.023371669,1.254354005,14.5442885,5.693486913,7.009361007,3.139768991,14.70177785,0.224873688,2.438848645,3.703949339,0.987931897,22.45722414,1,62.18089745,4.1988,32.78590759,8.02353444,15.53348694,51.1056095,0.027941176
TOX-20566,1,10.95341483,6.022017997,1.20835931,14.54022557,5.692944899,7.008270346,3.16073996,14.70240919,0.254153952,2.437765483,3.701598544,0.993724337,5.316788604,1,24.61992283,2.9797,13.65455395,8.022204837,5.316788604,51.45868919,0.041391304
TOX-31253,1,10.95432858,6.028250507,1.145720116,14.54022002,5.693865343,7.00827182,3.176949678,14.70117331,0.242193757,2.43871252,3.714108732,0.993719183,12.2405258,1,73.74431373,3.1238,26.80619232,8.02893549,5.316788604,50.95979966,0.021557971
TOX-6615,0,10.96198248,6.023838746,1.355819984,13.63877734,5.701177108,7.009371114,3.287491408,14.70178869,0.158317296,2.443517182,3.705096934,0.991534291,123.921553,0,185.3150768,16.1274,14.21959508,8.024106738,0.0,52.6365205,0.0
TOX-2107,1,10.94839056,7.004123807,1.240645256,14.59485534,5.686867906,8.001939622,3.284892389,14.65151292,0.304060531,2.430796356,3.757259501,0.988579265,5.316788604,0,26.33466309,2.45788,7.109797541,8.054938271,5.316788604,46.11410662,0.020935961
TOX-4472,1,10.94603903,5.012338798,1.141226065,14.54022172,5.685651182,6.002557861,4.033728441,14.70816238,0.238379332,2.431288766,3.667796877,1.836850212,5.316788604,1,30.51330264,3.0646,6.544756406,8.006109256,5.316788604,53.55608716,0.041666667
TOX-7604,1,10.95486574,6.028125452,1.250979414,14.5432719,5.69448705,7.008270856,3.136212343,14.70146587,0.249187883,2.439906323,3.713967908,0.993934213,11.82364693,1,44.86369261,3.1079,19.69639478,8.028770947,4.899909731,51.30219441,0.0
TOX-53249,0,10.93703259,6.029020495,1.252600122,14.54828237,5.676102237,7.010448,3.240570502,14.70041051,0.267573315,2.421225408,3.715376171,0.995524394,15.61755573,0,17.19327005,2.1156,7.109797541,8.029957962,15.61755573,49.65902975,0.049292929
TOX-79000,1,10.95287228,6.00900032,1.24002369,14.54085723,5.692406103,3.515271946,3.180711837,14.70549059,0.246089621,2.437350268,3.681853831,0.995399903,35.64862395,1,43.14895235,3.077,21.26726707,8.012688644,5.316788604,52.19026202,0.022366522
TOX-23064,1,10.95451104,6.023854134,1.370098727,14.56557427,5.694130639,7.00937779,3.337908952,14.70177583,0.272945328,2.4400023,3.709461275,0.987863828,9.883888252,1,12.1082079,0.3387,26.24115118,8.02403228,23.5851872,48.41344496,0.01908867
TOX-9125,0,10.34661251,5.034367476,1.202426716,14.54784712,5.709605882,6.003805974,3.257249993,14.70720266,0.384346764,2.448970114,3.669339443,0.547209915,17.61276767,0,12.48718869,1.01772,0.0,16.00121131,4.983978521,52.5500003,0.116666667
TOX-37098,1,10.94844216,6.021981482,1.175257586,14.5453683,5.68806928,7.008269008,3.187263218,14.70271063,0.236705163,2.433973236,3.701932775,0.994934213,29.165378,1,50.40261786,2.6917,20.64010037,8.022020942,9.799819462,51.72851668,0.0
TOX-2947,1,10.31139854,5.009698338,0.609959697,14.54389832,5.675291261,2.262077685,3.278553247,15.59209464,0.236350555,2.421157332,3.259211541,0.650322648,47.65947983,1,66.44084732,4.3742,20.13718479,16.00450288,4.899909731,56.82045352,0.0
TOX-4447,0,10.33782626,6.024475317,0.617318721,14.54423179,5.693902571,7.010456662,4.023076676,14.70046922,0.325136392,2.439597504,3.714585753,0.659357498,5.316788604,1,19.41092589,0.3181,0.0,16.00200382,10.21669833,49.49432301,0.084126984
TOX-41838,1,10.95428653,7.005221777,1.003229047,14.59926155,5.693963636,8.002985418,4.028879467,14.65055394,0.396883478,2.43980289,3.761400778,0.256019634,15.9299439,0,5.563451492,1.0731,0.0,35.00041795,0.0,45.89950593,0.065497076
TOX-37031,1,10.33811092,6.02870728,0.625061889,14.54327573,5.735739354,7.009362535,4.043305998,14.70064497,0.213924593,2.481063541,3.714494149,0.651780469,46.09753141,1,56.02360187,4.9679,31.13997643,16.00200384,4.899909731,51.64018477,0.014565826
TOX-67956,0,10.33820892,6.024456348,0.625086043,14.54379563,5.822389875,7.010450714,3.190103749,14.70046968,0.394165842,2.56101396,3.714517541,0.651813237,5.316788604,0,6.420821623,-0.7489,11.629642,16.00200197,10.21669833,47.64816414,0.073148148
TOX-22884,1,10.94828501,6.005014097,1.270371849,14.55362066,5.687974888,5.013216692,3.129208062,14.7068181,0.255761153,2.433904994,3.675938987,0.988431031,38.11294267,2,17.04480903,2.86547,20.70222593,8.010005001,4.899909731,50.47607917,0.027342048
TOX-36708,1,11.07581851,6.042924522,1.16268995,14.66027485,5.813676185,7.012032875,3.172849558,14.66253829,0.371709686,2.552536925,3.738807538,0.767901069,5.285884721,0,0.0,-2.4393,19.03164182,17.00110205,10.32570113,42.12248389,0.15252381
TOX-21828,0,10.24979971,6.015893,0.53907856,14.56129321,5.747980714,7.009915077,3.240621086,14.70178018,0.286384184,2.480155014,3.703334559,0.56379812,19.93591408,0,27.6949488,2.27404,24.68109888,16.10101916,29.73573355,49.64533992,0.078947368
TOX-32324,1,10.96020898,6.022050259,1.24917925,14.54500468,5.698962658,7.008272408,3.065076781,14.70240711,0.244516086,2.443234531,3.702599497,0.987151635,22.87410301,1,30.6862899,3.1261,25.01318338,8.022325883,10.63357721,48.37904941,0.074482759
TOX-2519,0,10.33808021,6.029683646,0.622201036,14.5633859,5.736934003,7.011545989,3.270560753,14.69977111,0.374179106,2.476015153,3.717944252,0.654947574,5.316788604,0,0.0,-0.79822,12.35973557,16.00200309,10.21669833,44.56536409,0.053101449
TOX-6576,1,10.99840454,6.006680768,1.032216343,13.62664598,5.742404342,3.509269074,4.158742965,14.7068201,0.383030576,2.478946181,3.677795446,0.76988486,0.0,0,0.0,5.2243,0.0,17.0085681,0.0,38.4105663,0.0
TOX-2564,1,10.95454595,5.058070296,1.304371248,14.55464116,5.692741593,3.037253576,3.220964448,15.58643965,0.276884483,2.436758459,3.49300668,0.774000487,40.36338125,3,37.37950732,3.7227,38.54348621,17.00110289,9.799819462,52.19721025,0.020807453
TOX-18833,0,11.03438289,6.023190128,1.135880098,14.54033374,5.773270623,7.009354219,4.019941734,14.70179197,0.305722687,2.516719336,3.704405327,0.9872569,5.316788604,0,18.25663372,1.2294,0.0,8.023360706,5.316788604,48.35054768,0.043162393
TOX-3043,0,10.3197701,6.017552817,0.298941303,14.69245875,5.699276166,7.014205923,4.043815338,14.70214585,0.345002706,2.440354234,3.768138037,0.644236439,9.820776673,0,36.39820241,2.2553,10.45576234,16.01312245,9.780484743,48.97170932,0.066545455
TOX-79383,1,10.95454075,6.018948647,1.133477769,14.54326811,5.694225467,3.527365032,4.029756002,14.70235937,0.231658224,2.440205379,3.703439065,0.987900135,55.14558654,1,37.46156607,4.0959,26.24115118,8.022688387,4.899909731,52.26530282,0.0
TOX-3511,1,10.33722787,6.028698225,0.628228244,14.54513214,5.697188861,7.00936063,3.241475783,14.70062253,0.286236522,2.433763813,3.715085263,0.660650205,10.21669833,1,37.25557254,4.1066,49.67161345,16.00200497,4.899909731,50.9760361,0.017777778
TOX-14935,0,11.03961279,6.006705023,1.163973938,14.56432182,5.761453032,6.00477685,3.273907061,14.70610218,0.369158514,2.484471439,3.679407702,1.986022491,14.95193556,0,0.0,-1.98,12.34054944,8.011947116,19.51903521,41.76789794,0.138888889
TOX-37295,1,11.02292526,6.042855887,1.277086654,14.66034709,5.754272819,7.011394418,3.179243955,14.66259358,0.386998542,2.487328388,3.738543595,0.767898483,20.57063037,0,6.9237372,0.79902,18.15842733,17.00110179,20.29365817,44.17224086,0.093801965
TOX-48551,1,10.94717063,6.007541317,1.249329615,14.54145396,5.686010995,6.002601984,3.229826159,14.70630433,0.247886497,2.430961601,3.677207437,0.99503026,42.68015281,1,37.10711152,2.74484,31.55793979,8.010535071,5.316788604,51.24173559,0.057859532
TOX-11920,1,10.94671727,5.091391866,1.299922702,14.56445552,5.6862256,6.028469105,3.178634482,15.57843527,0.376102269,2.428839129,3.49298175,0.774010781,0.0,0,17.70583867,2.77056,0.0,17.00110192,0.0,44.16580686,0.0
TOX-55606,1,10.95329598,6.02205589,1.248091504,14.64348943,5.692894723,7.008272275,3.177568411,14.70241423,0.259468732,2.438196241,3.702133612,0.988713985,10.41819613,2,44.5337643,2.81842,13.15163837,8.022266156,10.32570113,50.16618671,0.036526181
TOX-1915,1,10.95324122,5.016314205,1.258003455,14.54022477,5.692721383,6.004988455,3.177743761,14.70714934,0.256047663,2.43729873,3.67249237,0.993932995,12.2405258,1,68.12332973,2.9568,6.544756406,8.008721245,5.316788604,51.15086394,0.08041958
TOX-24004,0,10.95447148,6.028128497,1.471910734,14.76008037,5.693367898,7.008270444,3.136222326,14.70146452,0.32665753,2.43786447,3.713978613,0.987813246,10.33750304,0,31.18920547,2.4236,20.70222593,8.028771689,5.008912524,47.60846747,0.0
TOX-53651,1,10.92368131,7.004120288,1.356342737,14.59487333,5.658890666,8.001937741,3.307870248,14.65155431,0.29188149,2.399491113,3.756941027,1.893170555,10.30076712,1,12.13273414,1.9947,44.70957816,8.054564898,9.883888252,47.81503376,0.057283951
TOX-35414,1,10.9600534,6.01647581,1.190516144,14.54371916,5.699556486,3.516022071,4.019011192,14.70612218,0.251383224,2.44421452,3.690349098,0.9872569,24.06417273,2,25.22224695,2.4955,32.72378203,8.016546333,10.21669833,49.6767084,0.024603175
TOX-73290,0,11.094009,6.042732007,1.349874954,14.66012576,5.832886172,7.011003902,3.029623716,14.66260739,0.319382605,2.577395056,3.738202426,0.987185606,12.20962192,0,13.34455882,1.7898,13.08951281,8.042738998,5.008912524,44.23061293,0.0
TOX-8803,0,10.45151381,6.014513625,0.291846772,13.6422638,5.993077041,7.006601411,4.028476292,14.70457901,0.405639062,2.424985637,3.714788426,0.518749049,9.047494323,0,0.0,1.1021,20.88442069,15.0104914,0.0,47.53339238,0.0
TOX-4409,1,10.95120602,6.022073166,1.09124608,14.54453011,5.690369697,7.008269946,4.034891399,14.70250953,0.255566015,2.435660482,3.702070259,1.896019576,40.14130784,1,36.93412426,2.0925,24.59630451,8.022156203,4.899909731,51.87553791,0.0
TOX-40121,1,10.33723062,5.023879196,0.628231029,14.54493078,5.697955724,2.268806189,3.231122106,15.59135935,0.247265471,2.434812834,3.269743731,0.66065215,65.37842799,1,50.69953991,4.7736,25.03709453,16.00200399,4.899909731,55.64268914,0.0
TOX-2614,1,10.95300922,6.022014754,1.20677853,14.53781326,5.692462075,7.008293845,3.187126954,14.70092785,0.360184955,2.436901706,3.713960585,2.827129382,0.0,1,17.69618563,-0.4569,0.0,8.029003491,0.0,44.02331816,0.194920635
TOX-24771,1,10.94798338,6.022026325,1.358729192,14.54327038,5.687675301,7.008269827,3.205168233,14.70251675,0.224527286,2.43359992,3.701569784,0.9872569,43.87022254,1,44.13025726,4.53112,26.24115118,8.022094533,4.899909731,52.62272944,0.0
TOX-2280,1,10.95286303,5.012801645,1.129835424,14.54326635,5.692531491,6.00255794,4.028828765,14.70816216,0.209372099,2.438331728,3.667775743,1.824536239,35.23174507,1,56.67497846,4.3305,19.63426922,8.006109214,4.899909731,52.141781,0.01969697
TOX-34887,1,10.25020181,6.039864575,0.537816405,14.56085564,5.67610162,7.02380891,3.243640007,14.69996955,0.219196343,2.421224308,3.733412406,0.559837344,74.10223037,3,100.7058272,-4.9136,37.7468584,16.10103521,74.10223037,47.93290446,0.10951588
TOX-45211,0,10.31320957,6.02323411,0.622154605,14.54442359,5.778799058,7.009355081,4.034562804,14.70178023,0.354879494,2.51416887,3.704089331,0.653043763,10.63357721,0,24.39154867,1.0553,5.752853607,16.0048003,10.63357721,54.15515047,0.064351852
TOX-4130,1,10.9368637,6.024286384,1.247577549,14.54029066,5.676366763,7.009365393,3.293947189,14.70178007,0.260809712,2.421145893,3.70599228,0.995271704,5.316788604,0,47.73109893,2.8716,28.43919017,8.02484438,5.316788604,49.36440056,0.01908046
TOX-4467,0,11.08433933,5.004036308,1.335740214,13.62318615,5.82397958,6.002690706,2.166217257,14.70816548,0.272179949,2.569534444,3.667328286,0.987942785,6.9237372,0,6.420821623,1.1689,6.606881965,8.006054959,0.0,45.31251636,0.075396825
TOX-70026,1,10.95191548,6.028555955,1.350476162,14.54439061,5.691155464,7.009359704,3.239703872,14.7006835,0.257805194,2.435750516,3.714934832,0.987188458,23.62368148,1,62.05696266,4.0179,29.91309311,8.029268593,5.316788604,50.42671655,0.035
TOX-28180,0,10.4297265,6.028794947,0.995294436,13.64295037,5.677169137,7.008274646,4.03511477,14.70106866,0.319742275,2.410890688,3.714349407,0.151259829,90.36348251,0,114.6289508,5.9785,0.0,53.00327475,0.0,66.90994196,0.031655329
TOX-67118,1,10.9605183,7.004065101,1.185413383,17.42477361,5.699008895,8.001920818,3.239768381,13.30411838,0.286655614,2.443093776,4.009965796,0.987838911,22.25041712,1,41.8219692,0.9888,38.25085845,9.004071241,24.69028579,46.88361003,0.0
TOX-4237,0,10.98543555,6.028090247,1.359001081,13.64266949,5.725134553,7.008272852,3.060894452,14.70146463,0.179836108,2.471126773,3.713958008,0.991047878,72.77024083,0,99.48793187,8.4217,6.606881965,8.028780082,0.0,51.91498489,0.0
TOX-3509,0,11.00262803,6.022006416,1.080092252,13.64281048,5.74228961,7.008295418,4.030625639,14.70105138,0.200584023,2.488018679,3.713854241,0.993447795,20.7712116,0,104.1248118,4.4779,0.0,8.028878334,0.0,50.34190123,0.049308756
TOX-1884,1,10.93610232,6.031506224,1.13029748,14.5482554,5.675274908,7.00936754,3.277642871,14.69972374,0.237927813,2.420546334,3.718482083,0.996622763,34.14935653,1,54.86082966,4.1625,48.63850052,8.032680115,9.883888252,49.55900485,0.013141381
TOX-8535,1,10.45429713,7.004797248,0.294923959,17.42729903,5.998654448,8.004180271,4.02658765,13.30461138,0.718546354,2.42614781,4.018841032,0.518673545,0.0,0,0.0,1.7483,6.664825604,15.01166222,0.0,44.55647174,0.0
TOX-22780,1,10.95319952,6.032118154,1.345693038,14.54459586,5.692560138,7.009368555,3.239473149,14.69976983,0.234635611,2.436211459,3.718826875,0.996623258,9.799819462,2,56.61744595,3.5399,95.14108761,8.033403221,9.799819462,48.20513497,0.0
TOX-17182,0,11.02613459,6.024700547,1.537284205,14.5650205,5.762674286,7.008277035,3.082038128,14.68165495,0.497678603,2.499177281,3.728332513,0.995956841,9.679758194,0,6.9237372,0.27632,0.0,8.034362537,5.156663257,43.16498282,0.08452381
TOX-3295,0,10.96082049,6.023293827,1.238837224,14.64025504,5.699559215,7.009357912,3.236960732,14.70177848,0.266491081,2.444189767,3.704386043,0.987938178,6.9237372,0,30.6862899,3.7878,10.01782505,8.023346866,0.0,51.46561822,0.0
TOX-9475,1,10.94591048,6.01145168,1.35843989,14.54935586,5.684631777,3.514791306,3.217842196,14.70584397,0.233609231,2.428520035,3.683166424,0.987234405,24.26546827,0,69.50814168,4.8693,32.97228426,8.014160243,0.0,51.35065696,0.0
TOX-16541,1,10.95434023,6.028131268,1.248317632,14.55772266,5.693868152,7.008271035,3.227812215,14.70146429,0.285799377,2.439602267,3.714025216,0.98721736,24.04044986,0,18.90801031,3.0592,6.606881965,8.02877603,9.551078169,50.53775704,0.0
TOX-31145,1,10.99330448,6.030483095,1.136499546,14.54327878,5.732771987,7.009362717,4.028783985,14.69976942,0.267646719,2.477017073,3.717451243,0.993036163,4.899909731,1,25.33848498,0.1652,26.30327674,8.031625968,4.899909731,48.2031365,0.044444444
TOX-2057,1,10.954033,6.022013441,1.257501033,14.54350965,5.692965235,7.008291911,3.132137103,14.70143913,0.329885772,2.437963586,3.713742582,0.767070867,4.899909731,1,24.11700725,1.925,29.74942943,17.00212341,0.0,52.31054613,0.081134655
TOX-43962,1,10.9600534,6.016480123,1.190447635,14.54464958,5.699556486,6.002695082,4.019013684,14.70546094,0.268435609,2.44421452,3.69053497,0.995952951,9.799819462,2,12.13273414,1.174,45.8754204,8.016807034,9.799819462,49.25021118,0.024891775
TOX-1586,1,10.99835315,6.030463233,1.099988883,14.54327796,5.737982464,7.009361639,4.117290797,14.69976942,0.277593991,2.48358107,3.71745965,0.99338096,4.899909731,1,32.76513775,-0.3926,19.69639478,8.031626073,4.899909731,47.43955122,0.049391304
TOX-245,1,10.20157216,5.01590431,0.252297284,14.550052,5.9,2.065118867,4.043697029,15.59305032,0.39174316,2.396940627,3.291073106,0.389833948,14.01124857,0,11.80685609,0.1577,39.26853844,16.04245412,14.01124857,55.66982553,0.0
TOX-33342,1,10.95147194,6.02830261,1.096430591,14.54495653,5.690611796,7.008273428,4.034920057,14.7012324,0.26646905,2.435862616,3.714177635,0.767923347,48.03669692,1,36.81018948,2.3442,17.82758516,17.00110273,4.899909731,52.0060458,0.018455313
TOX-31849,0,10.31953914,6.021227361,0.291551423,14.54514253,5.824318523,7.014496419,4.039403645,14.70061802,0.332878902,2.441673748,3.778435864,0.540501618,5.087295063,0,12.84164325,2.1818,44.4808902,17.00110373,9.757711253,50.74859053,0.028035008
TOX-33475,0,10.3058434,6.02451079,0.603207341,14.78234818,5.737152176,7.010459867,3.270675051,14.70046835,0.399277144,2.475146264,3.714723729,0.648482295,31.03960422,0,15.99987472,-0.9445,11.50570721,16.00653576,40.62131689,43.46652278,0.043492063
TOX-39539,0,10.98555069,6.023458979,1.154830287,14.63722327,5.721406739,7.00937771,3.193962482,14.70048782,0.346150826,2.461488584,3.71502779,2.820505765,15.83556132,0,12.13273414,-2.7918,0.0,8.029910054,15.83556132,42.08128413,0.149675325
TOX-20477,0,10.95354229,6.021912524,1.282426354,14.54028766,5.692526697,7.008267626,3.063500676,14.70271305,0.370602566,2.437628022,3.70191565,0.767931402,5.316788604,0,19.05647134,2.17232,11.19679205,17.00110115,0.0,52.93456781,0.042643468
TOX-4281,1,10.91427609,5.006102232,1.258733544,14.54022194,5.653968639,6.002600301,3.192498654,14.70816286,0.251472154,2.39993363,3.667569957,0.988942795,43.42973128,1,22.40226699,2.8712,6.544756406,8.006085114,5.316788604,52.88991547,0.049329205
TOX-34694,1,10.3111582,5.006114526,0.614684629,14.54022383,5.693940833,6.002602083,3.180592883,14.70816189,0.268908065,2.439771314,3.66759452,0.646728987,45.04579393,1,62.84018142,4.953,6.544756406,16.00556596,5.316788604,57.02159879,0.036217949
TOX-17829,1,10.9091833,6.028919771,1.162883352,13.65596082,5.648713418,7.009398526,3.322713518,14.70178848,0.200039512,2.393576394,3.720231488,0.993054284,0.0,0,77.96939186,0.01472,14.21959508,8.040855493,0.0,46.95737908,0.074663403
TOX-45625,0,11.09645096,6.024402153,1.274851441,14.54415898,5.835569697,7.01043805,3.177455939,14.70177605,0.343491518,2.569913225,3.705375837,0.993951108,5.316788604,0,13.34455882,-1.4012,13.08951281,8.024533199,10.21669833,44.75041388,0.105555556
TOX-24993,1,11.07805475,6.007132007,1.160985233,13.62935739,5.817278983,6.003703041,3.17302556,14.70594315,0.34370662,2.559844394,3.681456538,1.987220187,0.0,0,0.0,-1.4942,13.21376393,8.012976708,0.0,44.1807585,0.117777778
TOX-45118,0,10.33811129,6.024521365,0.624982643,14.54451962,5.756136054,7.010444456,4.029821494,14.70178023,0.329277356,2.499804072,3.707008708,0.651793065,24.13625009,0,18.59449685,1.4482,11.50570721,16.00200212,10.63357721,50.62211299,0.058703704
TOX-47635,1,10.94677394,6.028556418,1.23193985,14.54328009,5.686369881,7.008274262,3.186718427,14.70084401,0.22446912,2.431829136,3.714458964,0.987744966,30.02274814,1,93.07318088,4.9189,41.0257874,8.029345575,4.899909731,50.8942143,0.0
TOX-43696,0,11.00747702,6.024520825,1.150092432,14.54451904,5.746925009,7.010443813,4.029820742,14.70178023,0.304647524,2.491875223,3.706999413,0.987171926,10.63357721,0,19.26246487,1.4952,0.0,8.024721179,10.63357721,47.82919844,0.06130031
TOX-29595,1,10.9588285,5.054712496,1.291029927,14.55792975,5.699272234,3.042977329,3.252690193,15.58573126,0.335083648,2.440477252,3.495468678,0.773083371,16.88812902,3,12.13273414,2.945,24.53417895,17.00212424,5.316788604,52.99972479,0.030625584
TOX-58590,1,10.92852741,6.029824407,1.183342517,14.54327389,5.667514641,7.009365891,4.01805776,14.70046776,0.235094231,2.408564849,3.715714164,0.992430929,4.899909731,1,58.83510179,5.18972,19.63426922,8.029860358,4.899909731,51.82509444,0.0
TOX-16190,1,10.94368219,5.013284466,1.110649486,14.5432706,5.683238814,6.002806534,4.029944732,14.7081616,0.226510609,2.428628924,3.668026573,0.987893033,31.39268688,1,54.98476444,3.4925,13.08951281,8.006130686,4.899909731,52.82597906,0.021825397
TOX-65350,0,10.3110524,5.045117099,0.604688022,14.54936818,5.673536407,3.041199026,3.270535763,15.58848773,0.347106483,2.409797543,3.311437844,0.653149562,16.03432411,0,12.99010427,3.15292,0.0,16.00450329,9.967957042,51.91561589,0.0
TOX-11795,0,10.30966915,6.029064265,0.296414929,14.54072144,5.693835122,7.015028474,4.042873735,14.69996966,0.366254729,2.436203651,3.767597559,0.615879989,5.316788604,1,17.69618563,-0.0861,19.40740755,17.00320653,5.316788604,49.51328252,0.094003284
TOX-65622,1,10.94629179,6.023434745,1.171221798,14.549056,5.685614643,7.009366927,4.039611771,14.70178583,0.248249622,2.431005368,3.705346376,0.988007086,9.799819462,2,18.05064018,1.1851,58.96493321,8.02379717,19.59963892,49.78381015,0.029847495
TOX-16873,1,10.93686353,6.024327197,1.243404075,14.54397408,5.676365491,7.009365484,3.294612299,14.70178006,0.254278176,2.421141963,3.70602764,0.995171834,0.0,0,47.73109893,3.2138,35.48686215,8.024849701,4.899909731,49.66587843,0.0
TOX-42877,1,10.313223,6.023237038,1.104231076,14.54442607,5.767355529,7.009356356,4.039340344,14.70178023,0.292494197,2.508098553,3.70410397,0.653460867,24.48105161,0,42.81323483,1.986,0.0,16.00441186,10.63357721,52.03232785,0.05112782
TOX-67345,1,10.32505476,6.02270273,0.407018204,14.54843537,5.721959007,7.008827253,3.07796644,14.70171822,0.274672188,2.462393038,3.71522191,0.643677729,15.20067686,1,55.76972886,2.6606,31.99400479,16.00751076,15.20067686,51.12792856,0.017777778
TOX-6129,1,10.97600104,6.037347953,1.068917484,13.65324531,5.71562605,7.008295712,4.118326342,14.69726394,0.210911273,2.460443568,3.735662321,0.993460665,19.92349451,0,93.08883735,0.838,6.606881965,8.040525787,0.0,48.42376684,0.07542517
TOX-18227,1,10.92388022,5.044860338,1.373056498,14.54854706,5.659395225,3.034124532,3.284813663,15.58912961,0.238397785,2.400303193,3.298489497,0.994941007,70.88036902,0,36.39820241,5.1976,24.3120423,7.04591665,4.983978521,52.52321527,0.018
TOX-46214,1,10.98070225,6.037648158,1.063751124,13.65237851,5.719851002,7.010666754,4.120661822,14.69729978,0.216638668,2.46158224,3.735252658,0.992405275,6.9237372,0,94.59758408,4.0529,0.0,8.039816838,0.0,50.63558469,0.028898635
TOX-15585,0,10.3375463,6.028270396,0.628366603,14.55742448,5.747991344,7.009663654,3.236203682,14.70069176,0.352214008,2.48123991,3.71448312,0.660652291,9.967957042,0,25.60935935,1.83062,12.34054944,16.00200442,14.86786677,48.48809879,0.052035887
TOX-2496,1,10.94718445,6.005854536,1.043848676,14.54453238,5.687773072,3.509645576,3.168080776,14.70681874,0.267533179,2.432550679,3.676088648,0.256011885,83.45613414,1,37.35498109,4.1167,27.24698234,35.00041797,4.899909731,56.79004231,0.0
TOX-3416,1,10.95285673,7.004058132,1.174373677,17.42477139,5.6923061,8.001918025,3.18155135,13.30412041,0.284374088,2.437732026,4.009945226,1.89299822,5.316788604,1,48.71240384,3.3265,26.48933708,9.004067344,5.316788604,50.21359969,0.022357143
TOX-30491,1,10.95354496,6.005847484,1.242292398,14.54021933,5.693240577,6.002602159,3.062578577,14.7063052,0.225507998,2.439210103,3.676841897,0.987938076,60.77146235,1,36.93412426,3.2175,19.69639478,8.01049907,5.316788604,52.26966052,0.036965812
TOX-60843,1,10.94717433,5.057447201,1.416475539,14.64244014,5.686036352,4.005310347,3.229868166,15.49345741,0.272445298,2.431021069,3.356778848,0.993804389,10.52719892,3,24.97437738,1.50664,19.52113536,7.128727046,4.899909731,48.57704546,0.084444444
TOX-85113,1,10.94609301,5.01287645,1.169433427,14.54326643,5.685744049,6.002558373,4.028961691,14.70816216,0.224199176,2.431434037,3.667789497,1.826462397,4.899909731,1,43.47888066,3.7985,19.63426922,8.006109913,4.899909731,53.57514543,0.01969697
TOX-13001,1,10.94616172,6.022018573,1.343255051,14.5432689,5.685795371,7.008269846,3.144555262,14.70249975,0.23384334,2.431709445,3.701528173,0.997569929,41.30776518,1,54.78842395,4.4474,26.74406676,8.022099246,4.899909731,53.02689053,0.0
TOX-45564,0,10.98238014,6.024522669,1.133243995,14.54451907,5.721691578,7.010443882,4.039394476,14.70178023,0.304647524,2.466269392,3.70700603,0.987190751,10.63357721,0,19.26246487,1.3511,0.0,8.024721461,10.63357721,47.82919844,0.06130031
TOX-10129,0,10.22941456,6.00810285,0.23215372,13.63212832,5.889514064,7.006596543,4.029432425,14.70569008,0.354659219,2.420121749,3.692995896,0.422591905,20.7712116,0,17.25856082,4.3538,17.25856082,16.03227832,0.0,64.76502502,0.0
TOX-23193,1,10.29030129,6.01144863,0.26829754,14.54452967,5.88765336,7.006600231,4.028488886,14.70510815,0.343031786,2.415314385,3.704114787,0.470520254,4.899909731,1,21.01908117,2.1406,39.66466155,16.01098229,4.899909731,52.63777394,0.0
TOX-78815,0,11.0658356,6.023518313,1.14820486,14.54029052,5.803607547,7.009381209,4.023987446,14.70037554,0.308081146,2.542208087,3.715985102,0.995954728,5.316788604,0,0.0,-3.8718,6.606881965,8.030709747,5.316788604,41.82524416,0.186904762
TOX-16388,1,10.8921795,6.011358373,1.233178882,14.54327779,5.631767409,3.517880316,3.337631544,14.70549059,0.242275326,2.377276394,3.685175713,0.996623291,23.09901094,1,71.29189811,4.5479,34.98394657,8.015192989,4.899909731,51.50290655,0.0
TOX-11692,1,10.17955685,6.022423484,0.239119399,14.54401384,5.882670924,7.009662489,4.029429149,14.70179303,0.439256021,2.400669259,3.704710718,0.369683837,0.0,0,11.80685609,0.8517,27.02012067,16.05252937,4.899909731,54.48200724,0.0
TOX-53251,0,10.93703266,6.023160972,1.253362835,14.54841774,5.676101367,7.009360483,3.240506782,14.70177639,0.27429363,2.421223864,3.70380385,1.984249846,10.30076712,1,23.61409167,1.2505,0.0,8.02330363,10.30076712,49.88619618,0.097596154
TOX-31091,0,10.31163944,5.044102422,0.604992136,14.55101138,5.766967151,4.005267507,3.184017655,15.58845455,0.314476617,2.504549074,3.307369433,0.653188087,16.46282394,1,6.420821623,1.3119,25.36793669,16.00450292,9.883888252,53.20861652,0.063095238
TOX-53592,0,11.08447498,6.021897349,1.334881053,14.54072588,5.823696525,7.008271135,3.037391272,14.70271026,0.299153258,2.568833492,3.702037897,0.987941257,12.2405258,1,12.96557803,0.2515,13.08951281,8.022033225,5.316788604,44.90294069,0.128461538
TOX-2670,0,10.95408959,7.014084244,1.218967604,17.43069606,5.692109317,8.007387228,4.022099679,13.30279002,0.366352713,2.435703038,4.030571501,2.752027664,5.316788604,0,30.33183534,4.1472,5.316788604,9.014089461,0.0,43.9416187,0.06034632
TOX-4114,0,11.01971744,7.014090784,1.193350434,17.43069771,5.751814643,8.007391042,4.022237299,13.30278449,0.416346486,2.481108684,4.03061072,1.979827547,0.0,0,0.0,-0.8039,6.606881965,9.014097526,9.551078169,38.92907172,0.104192547
TOX-73043,0,10.96082122,6.022246784,1.290765882,14.69417092,5.699555876,7.008277839,3.31847117,14.70269191,0.280058929,2.444084361,3.704402069,0.988573502,5.316788604,0,32.90394574,2.30472,5.316788604,8.022252683,9.36360587,50.19913011,0.026803119
TOX-39226,1,10.95146707,5.019657299,1.096712859,14.54600559,5.690606156,6.003660054,4.034909134,14.70720223,0.211265672,2.435853072,3.668987884,0.987159673,73.70781825,2,49.39678671,2.9451,38.12660734,8.007238914,9.799819462,50.73494185,0.028553922
TOX-22131,1,10.33722671,6.005015717,0.628226071,14.54581935,5.697868123,6.002697533,3.231862345,14.70630517,0.264957403,2.433975585,3.676704157,0.660641538,58.0216688,2,36.24974139,4.2053,70.53385047,17.00110465,9.799819462,53.65103636,0.016215438
TOX-6419,0,10.31912925,6.021052363,0.300336329,13.65064295,5.679216172,7.014212464,4.048403366,14.70106333,0.293539285,2.423588573,3.778569325,0.64534419,0.0,0,41.45873833,3.1086,0.0,16.01326131,0.0,49.1309304,0.041777778
TOX-47738,1,10.96082878,6.0233604,1.203149709,14.548,5.699631579,7.009359602,3.191913699,14.70178609,0.25780117,2.444459639,3.704891234,0.992759887,39.38207634,1,32.02204937,1.7751,44.16844817,8.023427708,15.11660807,49.4460378,0.020205128
TOX-1713,0,10.9596245,7.005213966,1.437071623,14.59649394,5.697545222,8.002982343,3.206030227,14.65045727,0.465806758,2.44061975,3.759802664,2.82898032,0.0,0,6.066367068,1.2086,0.0,8.056966205,0.0,31.88512976,0.054029304
TOX-38599,1,10.31294292,7.004058123,1.191770727,17.42477231,5.693061042,8.001919484,3.281495056,13.30412049,0.281764304,2.435760428,4.009946533,0.653442097,32.6500891,1,74.42329713,5.13799,19.63426922,16.00441458,14.4509879,52.67250796,0.017915787
TOX-11057,1,10.94220122,6.024259341,1.358288856,14.5445712,5.681741269,7.009363865,3.240333638,14.70177721,0.212833063,2.426640117,3.705536326,0.987144347,25.98020854,0,63.79622916,5.694,53.61238464,8.024813741,9.799819462,50.11577759,0.0
TOX-74248,0,11.05804972,6.013457091,1.145032937,14.54109066,5.795237534,6.007940495,3.196257867,14.70420495,0.275317272,2.535929241,3.695368647,1.978041447,0.0,4,6.420821623,-6.6523,13.15163837,8.022314065,0.0,42.54058461,0.21744325
TOX-53529,0,10.31208699,6.029652122,0.29426156,14.5459219,5.691979054,7.017747806,4.038970011,14.69977294,0.324534339,2.419702729,3.767836523,0.15144897,10.63357721,0,149.3926982,6.2284,45.0286167,53.00528646,0.0,68.70252537,0.042627941
TOX-26516,1,10.33722426,6.007550597,0.628234075,14.54453349,5.682077446,3.510557895,3.212744778,14.70681755,0.294817135,2.427097219,3.676528233,0.660643897,41.30776518,1,50.00028384,4.8809,27.24698234,17.00110375,4.899909731,55.90971069,0.0
TOX-2058,1,10.94717063,6.021927492,1.245403264,14.54430512,5.686008019,7.008268816,3.230406205,14.70271117,0.254448521,2.43094173,3.701904679,0.99503026,10.21669833,1,51.40844902,2.72624,18.90921699,8.022017744,4.899909731,51.13186801,0.025633528
TOX-6655,1,10.33721482,5.009698967,0.628228901,14.54389833,5.672895492,2.267394142,3.279286313,15.59209465,0.241716336,2.413960099,3.259202839,0.66065272,60.47851826,1,48.72205688,4.6787,20.13718479,16.00200387,4.899909731,56.72786237,0.0
TOX-47211,0,10.95235047,6.023485811,1.338677444,14.56113912,5.687431542,7.009377834,3.258361729,14.70177588,0.288730226,2.425753696,3.70907227,0.996961444,36.78340553,2,38.06389019,0.3396,39.77145401,8.023857755,29.73573355,47.74857864,0.039377289
TOX-42876,0,11.02898418,6.024523466,1.10423569,14.54452057,5.767347811,7.010444914,4.039340344,14.70178023,0.279952577,2.50836769,3.707016478,0.987171595,24.48105161,0,30.59536138,1.8211,0.0,8.0247255,10.63357721,48.43159732,0.053634085
TOX-3494,1,10.94371732,6.005854698,1.266710789,14.5445323,5.683391157,3.509645845,3.212121583,14.70681866,0.232413117,2.429210986,3.676086691,0.994027797,74.44992744,1,37.70943564,3.66262,27.24698234,8.010023568,4.899909731,53.27214444,0.0
TOX-48430,1,10.93694882,6.007558075,1.179319587,14.56340244,5.676020477,6.027325192,4.018033634,14.70630409,0.254582511,2.421150541,3.677254179,0.992916297,42.35019697,1,44.03084872,3.39018,13.15163837,8.010542414,10.30076712,51.28894779,0.050123457
TOX-79489,0,10.94729444,5.043374696,1.392488441,14.64219887,5.686463669,6.002805815,3.179201876,14.70815982,0.325053108,2.431272201,3.668028518,0.995949911,20.83639226,3,36.24974139,0.58332,13.08951281,8.006130458,10.74258,47.70855625,0.086513158
TOX-30531,0,10.31795157,6.024361252,0.300625491,14.55164341,5.678417405,7.020771945,4.048020075,14.69902446,0.275412203,2.422533456,3.792429536,0.643687974,9.967957042,0,119.3542912,8.3104,0.0,16.01701692,19.93591408,46.729704,0.050178571
TOX-73289,0,11.02782879,6.042731307,1.461003246,14.66037258,5.767000257,7.011003585,3.025868927,14.66260733,0.419828477,2.51223647,3.738208629,0.996971838,11.8648204,0,0.0,0.7856,13.59242839,8.042738038,5.008912524,43.63093229,0.0
TOX-64430,1,10.94898208,6.022425194,1.370793821,14.54327228,5.688636066,7.008271713,3.180093564,14.7022947,0.250382051,2.434281531,3.702441317,0.995950067,4.899909731,1,23.77220574,3.4065,39.45491511,8.022593251,4.899909731,51.13051375,0.0
TOX-27051,0,11.03600302,6.023842187,1.262164122,14.56549983,5.758101091,7.009372488,3.331221135,14.70177585,0.299124645,2.476209351,3.709292367,0.988405579,31.07197872,1,6.9237372,-0.1798,0.0,8.023857249,24.00206607,46.41860805,0.027460317
TOX-7264,1,10.99323298,6.030478083,1.145221841,14.54327736,5.732700923,7.009360503,4.027848842,14.69976942,0.262997533,2.47694941,3.717259905,0.993025556,4.899909731,1,38.18012822,1.1928,19.69639478,8.031390898,4.899909731,49.06322138,0.023055556
TOX-10435,0,10.31162076,5.034297287,0.615263558,14.54784589,5.686836969,6.002803513,3.26280052,14.70816291,0.418434991,2.428598784,3.668071442,0.647499933,4.983978521,0,6.9237372,2.31032,0.0,16.0045013,4.983978521,52.92781941,0.044191919
TOX-5234,0,11.01450345,6.02200822,1.231977301,13.64253728,5.754141806,7.008289928,3.122728361,14.70144444,0.296490553,2.499645223,3.713661598,1.946004698,13.15787137,0,12.84164325,1.8394,0.0,8.028630232,0.0,49.93005109,0.05030303
TOX-64291,1,10.95191548,6.028558418,1.350476159,14.54520784,5.691155463,7.009360106,3.239824509,14.70068345,0.251144988,2.435750439,3.714941639,0.987222972,30.1305398,1,62.18089745,4.3601,36.45784952,8.029270526,4.899909731,50.61128795,0.017356322
TOX-15058,1,10.94429366,5.033420563,1.252931821,14.54823946,5.683916559,3.039067519,3.273226234,15.58919528,0.218849754,2.429792013,3.288962683,0.993056397,67.30117183,1,55.76972886,4.1467,20.64010037,7.044763641,9.883888252,53.81659651,0.0
TOX-76498,0,10.4353455,6.025682488,1.003544478,14.54284127,5.687534997,7.011542336,3.320915315,14.70034562,0.380367109,2.416423696,3.71507333,0.151462965,15.95036581,0,67.77261188,2.0229,18.90921699,53.00226824,10.63357721,66.69721448,0.078922824
TOX-13061,1,10.95038671,5.014871151,1.095179191,14.54743897,5.689928609,6.002601514,4.040719729,14.70816117,0.245160445,2.435656677,3.667593293,1.983662262,70.46349015,2,11.12690298,1.8256,32.84771681,8.006090387,9.799819462,52.83721027,0.019504831
TOX-5796,0,11.14778078,6.006168554,1.393358201,13.62846311,5.886920196,6.00269187,2.189341952,14.70585962,0.292903977,2.627251824,3.679139238,0.988020279,0.0,0,6.9237372,0.0318,33.03440982,8.012014323,0.0,43.54548922,0.065555556
TOX-70546,1,10.44126134,6.009265153,0.282658055,13.64460507,5.797696856,7.007719791,4.043119191,14.70229246,0.312696151,2.398409578,3.717317091,0.534785052,0.0,0,12.33872767,2.0284,0.0,15.01309283,0.0,49.68267159,0.1232493
TOX-41173,0,10.93010895,6.040367233,1.243365167,14.54706634,5.669112714,7.010466815,3.282841218,14.69718478,0.242461604,2.411979679,3.73636739,0.995315507,10.21669833,1,48.39212856,3.49122,85.79749112,8.04072317,9.799819462,48.38134422,0.012263593
TOX-65085,1,10.94830214,7.004127059,1.172851829,14.5947925,5.686948615,8.001940483,4.019962722,14.65147962,0.260952268,2.431349242,3.757446506,0.995027451,5.316788604,0,32.25256914,3.6216,20.32356147,8.055168366,5.316788604,48.05768343,0.016613757
TOX-31312,1,10.94622092,6.028227203,1.252170505,14.54327147,5.685860274,7.008272085,3.194839013,14.70117303,0.239682419,2.431427078,3.714093964,0.9872569,18.74738413,1,36.34914993,3.7121,33.35094872,8.028937577,4.899909731,51.70587727,0.0
TOX-7441,0,10.93699471,6.028943912,1.174180758,14.53890943,5.676228412,7.008272741,4.035222782,14.70118885,0.289303205,2.420789811,3.714319807,2.752027627,0.0,0,30.33183534,3.419,11.46733495,8.028955742,0.0,47.6118107,0.072275862
TOX-31332,0,10.46461777,6.01146524,0.292961299,14.54326429,5.855707411,7.006600936,4.029433378,14.70510772,0.436484951,2.442327869,3.704758738,0.539866563,10.17459013,0,6.420821623,0.9328,25.57639822,17.00110154,10.17459013,50.76306859,0.100965701
TOX-10871,0,10.31795158,6.025437892,0.300625491,14.73721601,5.699401287,7.017553212,4.044536364,14.69902446,0.37620855,2.440299243,3.784142701,0.643687974,15.32718206,0,48.53093655,1.7726,0.0,16.01468291,9.780484743,40.543714,0.079016897
TOX-3448,0,11.0443262,6.022479982,1.163981469,14.55881816,5.774077043,7.008283376,3.221477838,14.70225155,0.36823828,2.502902801,3.705912138,1.986023157,4.983978521,0,6.066367068,-2.563,12.34054944,8.022919873,9.551078169,42.12671277,0.158199643
TOX-43614,0,10.98994174,6.024521853,1.128129237,14.54451906,5.729503716,7.010443878,4.034576067,14.70178023,0.304647524,2.474960095,3.70700227,0.988515804,10.63357721,0,26.18620207,1.3511,0.0,8.024721332,10.63357721,47.82919844,0.06130031
TOX-2975,0,10.25019857,5.036736995,0.537854843,14.54906428,5.709610535,6.005925096,3.262112376,14.70720045,0.323778416,2.448952686,3.672133833,0.559842856,9.967957042,0,24.97437738,2.57084,0.0,16.10101491,9.967957042,52.42790717,0.083333333
TOX-12187,1,10.94663807,6.021918976,1.299252964,14.54952717,5.68551623,7.008269475,3.234641769,14.70271098,0.349060686,2.427998546,3.701918504,0.773073587,10.30919334,0,24.26546827,3.7829,11.86154501,17.00212464,0.0,48.86951433,0.026043084
TOX-2384,0,10.31185887,6.026393123,0.302848194,14.5579669,5.790493107,7.015611202,4.042996282,14.69681785,0.37199006,2.510629821,3.781237428,0.645009451,15.45647985,0,20.7712116,-1.1725,5.733667477,16.01376688,14.60598312,44.26200563,0.107503608
TOX-3956,0,10.32586777,6.024359624,0.304861516,14.54785834,5.684438249,7.016399761,4.039536679,14.69784707,0.335337032,2.42959537,3.795248645,0.64479001,13.35014939,0,47.52510539,2.625,0.0,16.01493561,4.983978521,46.78883318,0.041527623
TOX-45514,0,10.3379783,6.024521178,0.622123603,14.54451959,5.778786757,7.010444231,4.034564846,14.70178023,0.316958436,2.514527594,3.70700888,0.654890603,17.55731441,0,18.59449685,1.6706,5.752853607,16.00200245,10.63357721,50.29279056,0.058703704
TOX-38738,1,10.94697348,7.004057199,1.18371228,17.42477173,5.686146897,8.001919118,3.215372706,13.30412094,0.252649104,2.43149609,4.009941371,0.995941333,35.33953674,1,62.20542369,4.38062,24.95105782,9.004066714,4.899909731,52.0765493,0.018633835
TOX-12537,0,11.03978259,7.004061792,1.166492093,17.4247707,5.76967852,8.001919357,3.227650812,13.30411983,0.404240893,2.494185071,4.009988859,0.993950325,0.0,0,6.9237372,-1.6852,0.0,9.004067686,9.551078169,41.13014273,0.110714286
TOX-7572,1,10.95370149,6.028130969,1.351973958,14.54366929,5.692465542,7.008272459,3.205525353,14.70123447,0.252824004,2.436229549,3.71410681,0.987162441,30.98790993,1,37.70943564,3.1028,38.10269619,8.028897092,4.899909731,48.9605832,0.045075758
TOX-43964,1,10.3381184,6.016474962,0.625045529,14.54326802,5.699556486,3.51602006,4.019011192,14.70612395,0.263165511,2.44421452,3.690344974,0.651771375,18.74738413,1,25.22224695,3.6391,31.13997643,16.00200229,4.899909731,53.14886243,0.0
TOX-2876,1,10.9297508,6.028266736,1.043841791,14.55220823,5.668835021,7.008273713,4.030008126,14.70117033,0.272846068,2.413870677,3.714175682,0.256008318,68.87222054,1,59.07889625,3.9109,27.30910789,35.00041837,14.4509879,52.97942492,0.0
TOX-17426,1,10.29110422,6.011419884,0.271834855,14.53715671,5.993790611,7.006601829,4.028476292,14.70503064,0.522211687,2.434180408,3.705133982,0.480077121,4.523747162,0,6.255769184,1.0626,13.36556672,16.0111908,0.0,54.2683632,0.152380952
TOX-1813,1,10.9518915,6.028237551,1.148776703,14.54327098,5.691572678,7.008271691,4.029863197,14.70118478,0.230210862,2.437432757,3.714142664,0.9872569,18.74738413,1,31.49460755,3.4,39.45491511,8.028947207,4.899909731,50.58496466,0.0
TOX-3449,0,11.09277761,5.005128302,1.244249057,14.54144432,5.830083497,6.003745118,3.031164716,14.70720281,0.26157125,2.571449911,3.668657837,0.987200373,10.63357721,2,12.84164325,-0.2926,26.30327674,8.007185187,10.63357721,44.35369186,0.125925926
TOX-20295,1,11.15550193,6.042731052,1.277099078,14.66037333,5.894376844,7.011003467,3.025865714,14.66260735,0.504598477,2.627899903,3.738215665,0.767901531,5.285884721,0,0.0,0.8384,19.47243183,17.00110068,5.008912524,46.57900608,0.0
TOX-4017,0,10.32651158,6.02666467,0.305638549,14.54030044,5.812962745,7.015086971,4.038026666,14.69874584,0.312298379,2.550889992,3.79127796,0.645551443,9.499874037,0,0.0,-5.3765,0.0,16.01377202,5.316788604,40.7764292,0.169590643
TOX-92220,1,10.95291045,6.028728904,1.133051708,14.54389978,5.692572408,7.008270691,4.029770229,14.70146635,0.249187883,2.438384782,3.714031627,0.987829335,31.00405305,1,12.61112347,2.8067,20.13718479,8.028783784,4.899909731,51.30219441,0.0
TOX-4815,0,10.33782615,6.0247584,0.617318743,14.54387177,5.700267451,7.010456562,4.023075676,14.70043658,0.325900348,2.445564996,3.714803163,0.659357423,5.316788604,0,25.98020854,0.6971,6.606881965,16.00200384,10.21669833,49.19790175,0.046474359
TOX-1890,1,10.94374926,6.007456461,1.106468752,14.54390392,5.683317791,3.51354644,4.02996245,14.7064607,0.226510609,2.428782978,3.678479296,0.99627457,30.14668292,1,68.45325805,3.3834,20.70222593,8.011081043,4.899909731,52.82597906,0.0
TOX-73210,0,10.98555068,6.028727041,1.164763974,14.64177586,5.72140642,7.009362141,3.188241551,14.70053722,0.356029817,2.461485154,3.715266036,2.820573928,20.2480404,0,12.13273414,-2.1947,0.0,8.02984135,10.40976992,42.33096823,0.108190476
TOX-32646,1,10.96020898,6.0220495,1.249179331,14.54500261,5.698962658,7.008271996,3.065062517,14.70240724,0.258228302,2.443234532,3.70259374,0.987151639,22.87410301,1,30.6862899,2.3459,25.01318338,8.022323923,10.63357721,48.08341012,0.081803543
TOX-56805,0,10.31145033,6.022049168,0.604914271,14.54803712,5.693817035,7.008269725,3.219806469,14.7024931,0.309692362,2.437233708,3.702046071,0.653189228,10.30076712,0,25.47729296,3.26692,13.65455395,16.00450349,10.30076712,52.73662093,0.025238095
TOX-13622,1,10.95401092,6.007452169,1.371439284,14.54084795,5.693611747,3.513541689,3.061041553,14.70646188,0.284769931,2.439006315,3.67845682,0.995528632,17.44952274,1,37.70943564,1.4571,20.70222593,8.011075151,5.316788604,50.92069053,0.038247863
TOX-4195,1,10.95210655,5.023815363,1.237612515,14.54527295,5.691806555,2.269167031,3.228872305,15.59112024,0.214221841,2.437587883,3.267333863,0.993049311,79.34983717,1,56.11453038,4.121,32.08476651,7.034256963,4.899909731,53.50819315,0.0
TOX-2307,1,10.95324004,5.015481716,1.372227678,14.53780242,5.692718142,6.003954886,3.177582489,14.70714934,0.347106483,2.437293677,3.67157902,1.892216049,0.0,1,30.66176366,0.599,6.544756406,8.007703155,0.0,48.56077028,0.153535354
TOX-40762,1,10.31746778,6.043081935,0.300672256,14.66026764,5.89244107,7.015299899,4.037987062,14.66255406,0.443606618,2.623636276,3.77878277,0.616896966,14.78575876,0,0.0,-0.1056,31.8321674,17.0011027,10.32570113,44.98378362,0.045535714
TOX-56845,0,10.9546382,6.029218453,1.352980085,14.78176989,5.693032368,7.009508323,3.144982869,14.70056476,0.338730987,2.437319086,3.717227286,0.987939454,25.94092241,0,23.76694086,1.1485,11.92367057,8.029821074,20.62413381,44.87491884,0.052587992
TOX-2659,0,10.31169661,6.022002489,0.610138719,14.5478534,5.694404074,7.008291298,3.144622781,14.70144168,0.417900112,2.437090641,3.713695094,0.650337488,4.983978521,0,12.13273414,3.0906,0.0,17.00110322,4.983978521,49.9010638,0.034138655
TOX-25373,0,10.31188815,6.010332152,0.610236817,14.55431303,5.692193498,3.516762061,3.233464514,14.70547596,0.303456096,2.435908709,3.684334788,0.650336837,9.976383254,0,12.13273414,4.5865,21.32939262,16.00450359,4.983978521,51.45852327,0.0
TOX-68495,0,10.31810426,6.018096209,0.299254887,14.55806756,5.69880022,7.014212952,4.03802446,14.70144153,0.296007434,2.442672795,3.768475596,0.615892603,15.02286199,1,48.53093655,1.6521,37.28114079,16.01333203,14.86786677,49.32918506,0.051518027
TOX-15025,0,10.2009163,6.011180912,0.259944404,14.54789594,5.733375053,3.519055311,4.02945407,14.7070504,0.530835825,2.409789348,3.696120258,0.39055904,4.983978521,0,6.066367068,3.9379,14.21959508,17.00316024,4.983978521,51.13260298,0.0
TOX-54890,1,10.95191548,6.0285381,1.321112872,14.54512911,5.691155414,7.009360454,3.239777753,14.70062412,0.249644548,2.435748904,3.715436479,0.997567659,16.2830654,1,68.09880349,4.5042,36.96076509,8.029541102,4.899909731,50.83678386,0.016666667
TOX-2952,0,10.96020828,6.022013914,1.249179482,14.54140572,5.698957687,7.008271381,3.064528864,14.70241472,0.279952577,2.443219538,3.702153868,0.988715456,10.63357721,1,24.26546827,1.3827,18.46842697,8.022265658,5.316788604,48.43159732,0.076794258
TOX-21891,1,10.94838117,6.021918116,1.313750653,14.54326722,5.688013201,7.008269331,3.136279885,14.70271672,0.200081685,2.433529861,3.701409901,0.987933929,23.95638107,1,44.3362508,5.6483,19.63426922,8.021957866,4.899909731,52.0222764,0.0
TOX-63828,0,10.44115609,6.009285434,0.280990388,14.54328915,5.692993816,7.007725807,4.157679698,14.70229246,0.342120298,2.396968852,3.718301725,0.537103156,0.0,0,30.53782887,2.2948,29.74942943,17.00212682,0.0,51.79249921,0.106315727
TOX-2509,1,10.95742696,5.012634176,1.098761123,13.62545635,5.697103489,6.004701782,4.029028172,14.7072015,0.187481594,2.442941886,3.670505608,0.991936099,32.5784503,0,93.10814343,5.7047,0.0,8.008390414,0.0,51.36171442,0.043333333
TOX-28672,1,10.98910152,6.029519194,1.060932079,13.64759205,5.728671691,7.008284208,4.120544613,14.70029384,0.197314945,2.47372839,3.71686282,0.993056761,6.9237372,0,106.7975038,2.8722,13.71667951,8.033127166,0.0,48.46911308,0.048497268
TOX-2414,0,10.45931109,6.019952827,0.294117711,14.56438321,5.761452777,7.008809333,4.037774232,14.70125913,0.38065575,2.440963554,3.739704038,0.539556228,28.09694546,0,0.0,-1.629,12.34054944,15.01519776,19.51903521,40.53645173,0.157264957
TOX-2930,0,10.95183282,6.02452429,1.157708673,14.5445192,5.69143812,7.010444045,4.03470805,14.70178023,0.341332814,2.437101115,3.707009431,0.988006675,10.63357721,0,11.98427311,0.7004,0.0,8.024722014,10.63357721,47.17474058,0.06130031
TOX-64427,1,10.94898207,6.02230671,1.197009839,14.54023476,5.688636054,7.008272788,4.017050187,14.70231325,0.239270385,2.434281523,3.702405405,0.989513195,5.316788604,1,44.54341733,3.8233,13.15163837,8.022542918,5.316788604,51.24544167,0.034920635
TOX-2171,0,10.31928373,6.022817537,0.300192667,14.54349352,5.692444112,7.014586099,4.043008064,14.69997241,0.322180705,2.432899593,3.7687718,0.642098683,0.0,0,37.10711152,2.4247,17.98942254,16.01335527,0.0,49.25585439,0.063857143
TOX-38227,1,10.95390019,6.02336984,1.254354538,14.54428762,5.693486931,7.009360253,3.139746514,14.70177785,0.230177756,2.438848657,3.70393792,0.98716244,36.30469854,1,49.3392542,3.6646,32.78590759,8.023530991,15.53348694,50.74904398,0.029963235
TOX-19130,1,10.95158863,6.028127328,1.148937022,14.54326896,5.691265072,7.008271283,4.029860101,14.70146508,0.227110451,2.437112873,3.713973376,0.987222973,25.32631981,1,44.96310115,3.7955,26.24115118,8.028775383,4.899909731,51.35742834,0.0
TOX-33334,1,10.95310612,6.028331211,1.207038751,14.54391084,5.69417741,7.008271016,3.157167205,14.70146597,0.314706191,2.436498176,3.714053067,0.773083371,11.94758171,1,38.08841643,3.7754,7.047671983,17.00212485,4.899909731,53.67350573,0.0
TOX-5184,0,10.95453822,7.014072228,1.218973302,17.43069031,5.69401367,8.007379572,4.022088394,13.30279585,0.437249806,2.439009362,4.030523963,2.777149094,0.0,0,18.19910121,2.411,0.0,9.014075478,0.0,41.21569456,0.064466089
TOX-56804,0,10.31145119,6.022048364,0.604915258,14.54805248,5.693817078,7.008269322,3.219784625,14.70249326,0.341195717,2.437233697,3.702045085,0.653190176,10.30076712,0,19.05647134,2.48672,14.15746952,16.00450327,10.30076712,51.93421645,0.028654971
TOX-38411,0,10.4353455,6.025984557,1.003538906,14.54285375,5.687534678,7.011548938,3.321025025,14.70030224,0.368213376,2.41642331,3.715577365,0.151462965,15.95036581,0,67.77261188,0.6202,32.68802206,53.00226844,10.63357721,63.75436644,0.092197485
TOX-28866,0,10.43369876,6.026957507,1.001969931,14.54148084,5.693164299,7.0115744,3.291560188,14.69977294,0.312080058,2.421608109,3.719018957,0.151446622,55.81531846,0,147.6779579,6.1344,63.48863292,53.00528577,0.0,70.87022411,0.046608947
TOX-42872,0,11.03113219,6.024519385,1.109387035,14.54451753,5.769347804,7.010442413,4.039259675,14.70178023,0.337903336,2.509894731,3.706989424,0.993045055,10.63357721,0,24.67745534,0.4048,0.0,8.02471715,10.63357721,46.81338847,0.071372549
TOX-73276,1,10.95184656,6.007539168,1.352615801,14.54326829,5.691502272,3.510554232,3.062672312,14.70681759,0.213555559,2.437175989,3.676440666,0.9872569,73.34468775,1,55.6116148,4.5825,26.24115118,8.010061319,4.899909731,53.13657345,0.0
TOX-45623,0,11.0618387,6.024405793,1.173987189,14.54417217,5.800072322,7.010439377,4.023038131,14.70177605,0.310788704,2.543063172,3.70539431,0.992059224,5.316788604,0,27.19203322,-0.6226,6.544756406,8.024537591,10.21669833,45.90841739,0.090882353
TOX-2203,1,10.93316977,6.031161962,1.137073103,14.55173599,5.671778481,7.011573113,4.024689708,14.7002212,0.216214057,2.414884876,3.717862589,0.987895114,29.38096134,1,25.84140055,4.61572,26.74406676,8.032954536,15.53348694,49.30403344,0.042763703
TOX-24696,0,11.03856188,6.028075114,1.158668671,13.64264827,5.778076378,7.008268451,4.018010476,14.70147004,0.298872833,2.522574696,3.713879414,0.992919485,13.8474744,0,11.83581209,1.3496,6.606881965,8.028753913,0.0,48.51636829,0.0
TOX-65251,0,10.31130078,6.018132248,0.296085439,14.64275411,5.698066745,7.014212837,4.04873681,14.70154178,0.319295543,2.434908781,3.76732932,0.644222976,15.84398753,10,24.26546827,-0.03179,24.43629342,16.01301385,5.425791397,45.03259475,0.155555556
TOX-65084,1,10.94830223,7.004126268,1.210501923,14.59479068,5.686948698,8.001940003,4.018041167,14.65148006,0.275026997,2.431349306,3.757429738,0.992089686,5.316788604,0,33.25840029,2.6973,20.32356147,8.055161841,5.316788604,47.1228793,0.018686869
TOX-72240,1,10.95441981,5.011665174,1.233701196,14.54326795,5.694099532,2.278572263,3.119538496,15.59251568,0.210960354,2.440072935,3.257392964,0.987939777,42.15548227,1,44.3362508,3.4936,13.08951281,7.029716666,4.899909731,52.82828428,0.0
TOX-70032,1,10.95191548,6.0285561,1.290690022,14.54439251,5.691155465,7.009359734,3.239746445,14.7006835,0.257805194,2.43575052,3.714935234,0.987214182,16.69994428,1,49.09138463,4.0163,23.36833671,8.029268632,5.316788604,50.42671655,0.035
TOX-7176,0,10.32650847,7.004059759,0.305637074,17.42477237,5.703335327,8.001804859,4.124055137,13.30411744,0.27305933,2.447857888,4.009895034,0.645545914,4.183085433,0,56.594876,1.7228,6.606881965,16.01377209,0.0,49.30949905,0.054413265
TOX-70037,1,10.95191548,6.028536354,1.350476162,14.54439227,5.691155466,7.009361107,3.239695822,14.7005706,0.2797996,2.43575053,3.715513717,0.997570493,15.37044016,1,42.16764743,2.2101,37.02289065,8.029680826,5.316788604,48.96874561,0.055802469
TOX-39018,0,10.92852133,6.024979795,1.368928216,13.64359946,5.667507437,7.009376771,3.300071409,14.70046282,0.276085579,2.408550624,3.715227988,0.99595274,0.0,0,19.05647134,3.46662,0.0,8.02966427,0.0,48.00180964,0.024819625
TOX-24955,1,10.9524895,6.022060607,1.236694442,14.54374189,5.693320863,7.008271161,3.244525636,14.70250953,0.280047331,2.434931724,3.70212003,0.773085139,17.14043553,1,43.62734169,4.7865,19.63426922,17.00212621,10.21669833,53.45073565,0.019186193
TOX-52630,1,10.94036353,6.023201019,1.321209266,14.54326697,5.679779074,7.009353953,3.275136322,14.70178973,0.26164564,2.423938309,3.703263793,0.995947787,4.899909731,1,32.85489326,2.868,19.63426922,8.023210392,4.899909731,52.19632126,0.0
TOX-44832,1,10.94645815,6.028212166,1.161150249,14.54327116,5.686136031,7.008272487,4.018029236,14.70118962,0.232259705,2.431973118,3.714092429,0.992905116,18.74738413,1,11.12690298,3.7201,39.45491511,8.028929734,4.899909731,52.06739823,0.0
TOX-60337,0,10.94533181,7.004119331,1.421945744,14.64576014,5.684140336,8.001936791,3.225827954,14.65152315,0.380521499,2.428508771,3.75803271,2.828240129,0.0,0,24.26546827,1.0405,5.733667477,8.054895325,5.425791397,41.30861996,0.134502924
TOX-7434,1,11.24807741,7.007427435,1.168676687,14.60821932,5.960670422,8.005081339,4.039409264,14.65055394,0.334798389,2.662539885,3.769776091,3.789253246,0.0,0,0.0,-1.2955,0.0,8.062419391,0.0,2.367345237,0.0
TOX-42867,0,10.31322401,6.023235613,1.104241524,14.54442456,5.75729712,7.009355507,4.039270033,14.70178023,0.319992958,2.499402316,3.70409451,0.653463419,10.63357721,0,36.89532878,1.3499,0.0,16.00441165,10.63357721,51.91411467,0.058204334
TOX-68191,1,10.45381876,6.029509425,0.289232962,14.54978563,5.674177444,7.010071435,4.05601658,14.70016619,0.213409392,2.419619715,3.720148494,0.539723696,32.23332072,2,94.01260976,5.6115,72.10472275,15.01026749,20.10058659,50.43920999,0.037589829
TOX-5567,0,10.31893242,6.017552549,0.300421149,14.5378019,5.894017008,7.01423016,4.037977975,14.70164107,0.504598477,2.615252373,3.779395506,0.64007332,0.0,1,0.0,-1.1671,12.29761001,16.01351969,0.0,44.61908643,0.247142857
TOX-46570,1,10.30552883,6.021938388,0.602966528,14.54819561,5.741003387,7.008275085,4.017046164,14.70254862,0.324139601,2.482806181,3.702179982,0.648398496,31.07197872,1,32.90394574,2.8116,12.29761001,16.00694862,10.30076712,55.38919912,0.08201825
TOX-7372,0,10.95527042,6.021912253,1.276295156,14.54027404,5.694859155,7.00826782,3.054033944,14.70271289,0.343314454,2.440718349,3.701866998,0.767902163,5.316788604,0,5.563451492,1.9317,5.880003445,17.00110124,5.316788604,53.39871818,0.038749346
TOX-66754,0,10.93284096,6.025589856,1.153984311,13.64675078,5.671753552,7.008291878,3.282784946,14.70172102,0.237848963,2.412351375,3.712447252,0.993723803,0.0,0,25.12283841,-1.4242,26.93044343,8.031611293,0.0,45.76719098,0.098765432
TOX-5295,0,11.08687645,6.042731801,1.321987865,14.66012468,5.824527167,7.011003658,3.029674351,14.66260749,0.376102269,2.567335231,3.738200317,1.826489965,5.285884721,0,19.26246487,1.1537,13.08951281,8.042738268,5.008912524,44.8212324,0.0
TOX-2759,0,11.05812251,6.022555419,1.1298698,14.54378852,5.795413775,7.008280621,4.022999802,14.70200831,0.259444074,2.535966298,3.705057412,0.995036463,10.63357721,4,20.39223081,-7.5244,26.74406676,8.026587234,10.63357721,43.05478078,0.190883191
TOX-41295,1,10.95283621,5.012798601,1.137801613,14.54326515,5.692504423,6.002557266,4.028800106,14.70816263,0.221245936,2.438303128,3.667770118,0.988936474,30.88011827,1,43.83333522,3.4062,19.63426922,8.006107294,4.899909731,51.6575241,0.023070175
TOX-4065,1,10.92301343,6.025052527,1.340643281,13.64063495,5.662064722,7.00827841,3.33214583,14.70166595,0.297225555,2.403544253,3.71024365,0.995389622,0.0,0,12.99010427,2.86482,14.21959508,8.026167154,0.0,47.07559655,0.0
TOX-79665,1,10.95400904,6.028335045,1.156561064,14.54483556,5.694337124,7.00827149,3.160104595,14.70146393,0.281647883,2.438242134,3.714055451,0.773996965,23.77122864,2,37.85789666,2.3787,39.77145401,17.00110281,9.799819462,52.01219889,0.0
TOX-2363,1,10.93309599,6.007460577,1.167346873,14.5481578,5.670063242,6.002602359,3.253705368,14.70604053,0.252167234,2.412280107,3.67869918,0.997570731,22.53884404,1,61.05113151,3.1732,20.19931035,8.011353928,9.883888252,51.76323352,0.019888889
TOX-3433,1,10.95312065,5.015784519,1.259563926,14.53780395,5.692580004,6.004914617,3.179472268,14.70714934,0.357868135,2.437035937,3.672367643,1.978312936,0.0,1,17.69618563,0.0899,6.544756406,8.008686345,0.0,46.68754472,0.183823529
TOX-38230,1,10.94865268,6.023372898,1.25435157,14.54430155,5.688198812,7.009361564,3.154272011,14.70177785,0.217314214,2.433669919,3.70395506,0.987146633,50.15217294,1,70.86842739,4.75002,19.69639478,8.023536077,15.53348694,50.89107052,0.027027027
TOX-2867,0,10.95136667,6.023402781,1.383265786,14.55745819,5.685682401,7.009379039,3.289988509,14.70068979,0.341332814,2.421529671,3.714477723,0.987924101,4.983978521,0,25.98020854,1.42302,0.0,8.029079384,9.551078169,47.17474058,0.032352941
TOX-2827,1,10.95423052,4.108952421,1.179594204,14.54085798,5.693901874,2.531130396,4.018009395,15.59409722,0.236658787,2.439865362,3.242495462,0.992314372,49.49609835,1,32.8794195,2.2271,7.047671983,7.02206858,5.316788604,52.41338217,0.033333333
TOX-3075,0,10.31194392,5.045924078,0.615363933,14.55651367,5.694955368,3.040210154,3.197902574,15.5856013,0.375254918,2.436107339,3.336901609,0.647505976,14.95193556,0,12.13273414,2.6864,0.0,16.00450173,14.95193556,48.71512534,0.033650794
TOX-11937,0,10.31795112,6.019788193,0.300616434,14.73708857,5.697970694,7.016390163,4.044586335,14.69902446,0.402580054,2.437856843,3.78356376,0.643689212,10.22850025,0,42.46456948,2.1776,5.733667477,16.01468078,0.0,44.72712392,0.100053677
TOX-54889,1,10.95191548,6.028557433,1.350476154,14.54580405,5.691155413,7.009359691,3.239746445,14.70068348,0.257805194,2.435748905,3.714934781,0.987809872,11.38315567,1,63.1867286,3.97,37.46368067,8.029268621,4.899909731,50.42671655,0.018103448
TOX-59959,0,11.01743502,7.004118282,1.442243856,14.63732147,5.755666015,8.001936318,3.137851787,14.65152374,0.445338254,2.499679852,3.758025622,1.98995013,15.26873373,0,0.0,0.54458,5.425791397,8.054890463,5.425791397,35.24067172,0.083660131
TOX-43840,0,11.01158539,6.023270175,1.253625995,14.54810197,5.746735317,7.009358361,3.220995032,14.70177873,0.32665753,2.482852244,3.704216737,0.993680551,0.0,0,25.84140055,0.1533,7.047671983,8.023336855,9.799819462,47.60846747,0.063425926
TOX-2028,0,11.05804709,6.013412436,1.145087457,14.5410971,5.79523826,6.008992282,3.198570129,14.70421905,0.271083492,2.535922838,3.695964627,1.97804119,0.0,4,6.420821623,-7.2914,13.15163837,8.023074621,0.0,42.43575309,0.220012626
TOX-18834,0,10.95326391,6.023193082,1.227416259,14.54033459,5.69294837,7.009355256,3.131923745,14.70179197,0.327218653,2.438905288,3.704417464,1.976319497,5.316788604,0,5.563451492,1.2068,0.0,8.023363997,5.316788604,49.94198471,0.035873016
TOX-42716,0,10.43534737,6.024459954,1.003549477,14.542891,5.691970833,7.010478922,3.316701212,14.7017773,0.314368086,2.419736368,3.708505867,0.151462965,15.95036581,0,67.77261188,-4.3912,30.89501312,53.00226916,5.316788604,57.87717759,0.166910867
TOX-63719,1,10.95743133,6.005851232,1.099784827,13.62808591,5.697107782,6.0047024,4.029028172,14.70613871,0.197071177,2.442945669,3.677141188,0.991943311,32.5784503,0,94.11397458,4.6935,6.606881965,8.011429181,0.0,50.81808205,0.045656566
TOX-72925,0,10.31794929,6.023461578,0.300607183,14.64174281,5.68007951,7.016934751,4.04469069,14.69902446,0.341610072,2.422212449,3.783764553,0.643690454,10.52719892,0,43.18313163,2.47444,5.425791397,16.01468225,0.0,47.49877906,0.059159483
TOX-71648,0,11.03150214,6.023201329,1.155603453,14.54078025,5.770884701,7.009370032,4.018001249,14.70068313,0.271893118,2.516394656,3.714023184,0.992909849,19.164263,1,37.51909858,1.2635,0.0,8.02902998,5.316788604,47.08821084,0.104040404
TOX-74501,0,10.95463091,6.028254715,1.147777555,13.64283397,5.694208964,7.008272314,4.029776406,14.70119008,0.220680075,2.43929823,3.71410118,0.991060551,33.77096891,0,55.00929068,5.7605,0.0,8.028930787,0.0,53.07397858,0.0
TOX-15552,1,11.03028036,6.028077099,1.133179649,13.64265141,5.769863088,7.008269029,4.019930526,14.70146923,0.262890757,2.51491167,3.713890822,1.82587708,0.0,0,24.67745534,2.2739,6.606881965,8.028757776,0.0,50.22917343,0.0
TOX-44540,1,10.97138521,5.054942389,1.343204932,14.55477543,5.709472197,4.004849142,3.268228205,15.58493886,0.259411856,2.452094252,3.328746545,0.995949618,41.78674365,1,50.07268955,2.13902,6.544756406,7.065948403,4.400694606,52.26089895,0.057142857
TOX-7165,1,10.98070203,6.036938615,1.063165968,13.65134583,5.719852143,7.008285326,4.121378936,14.69793177,0.215495035,2.461585833,3.734554108,0.99501996,13.8474744,0,92.0830062,4.2583,0.0,8.038882054,0.0,51.91282655,0.017569787
TOX-12265,1,10.95098414,7.004059932,1.147328358,17.42477298,5.691287847,8.001921058,4.029940438,13.30411968,0.259350895,2.435661312,4.009955453,0.773999223,4.899909731,1,93.70003123,5.0982,32.72378203,17.00110381,9.799819462,52.50566426,0.0
TOX-2814,0,10.31929,6.017533188,0.30021413,14.53858632,5.694690413,7.014206743,4.042857682,14.70215062,0.420321913,2.43716525,3.768470523,0.642100207,0.0,1,17.69618563,-0.2073,0.0,16.01335362,0.0,50.1512196,0.154166667
TOX-44239,0,10.94746478,6.008194229,1.247825582,14.54021692,5.68708107,3.511613584,3.23146017,14.70585894,0.278561939,2.432504198,3.678962849,1.896329074,23.53519589,1,18.05064018,1.6231,26.30327674,8.011510774,5.316788604,51.41776067,0.028540305
TOX-40081,1,10.31140359,6.023202253,0.610046395,14.54453465,5.69960915,7.009356924,4.029862353,14.70178373,0.248744802,2.444368127,3.703471977,0.650315602,22.41270664,1,42.84162884,4.5475,24.53417895,16.00450371,4.899909731,53.64190229,0.0
TOX-72583,1,10.9512606,5.012774498,1.140969703,14.54389761,5.690853379,6.002805399,4.024960132,14.70816223,0.244919299,2.436185035,3.66801676,0.9878586,24.93768598,1,44.13025726,2.7656,20.13718479,8.006127975,4.899909731,51.77505029,0.027818627
TOX-1991,0,11.14571386,6.02696044,1.369545551,14.54746584,5.87321809,7.012660534,3.058622721,14.69977294,0.292179661,2.594221787,3.720474566,0.99504056,10.63357721,3,0.0,-3.3618,72.99815162,8.034574151,25.3333064,43.04762493,0.100067613
TOX-45133,0,10.33810535,6.024519411,0.625030956,14.54451811,5.767702854,7.010443227,4.029815242,14.70178023,0.366352713,2.510889596,3.706995265,0.651806726,17.21251289,0,6.420821623,0.668,11.50570721,16.00200191,10.63357721,49.92673114,0.067824074
TOX-7787,0,10.31123583,6.022051079,0.295871552,14.54143086,5.699361287,7.018602855,4.049790295,14.69902446,0.285674274,2.436553088,3.786393447,0.642458481,10.63357721,0,48.53093655,-5.3572,23.84734114,16.01568895,0.0,46.00726048,0.167003837
TOX-76497,0,10.4353455,6.025971925,1.003543309,14.54284565,5.687535838,7.011543661,3.320923048,14.70032146,0.381683266,2.416424433,3.71535785,0.151462965,15.95036581,0,67.77261188,1.2593,32.6258965,53.0022683,10.63357721,65.03150423,0.079340659
TOX-55864,0,10.3380338,6.023249911,0.622271787,14.54333799,5.693951644,7.009372153,3.224587021,14.70063312,0.349900367,2.438507051,3.714200823,0.547186212,12.62878915,0,11.81922068,1.7393,11.50570721,16.00271356,4.899909731,52.64610358,0.07826087
TOX-31251,1,10.95486568,6.028126002,1.145720123,14.54021825,5.694486994,7.00827128,3.17685251,14.70146526,0.239797985,2.439906298,3.713977453,0.993938291,12.2405258,1,61.6115796,3.1152,19.69639478,8.028773682,5.316788604,51.83348503,0.022366522
TOX-6625,1,10.95265728,6.022249017,1.415861799,14.5433291,5.692189465,7.008269154,3.180805144,14.70235985,0.259429699,2.437024912,3.702643823,0.9872569,6.578935684,0,37.96448165,2.6709,26.80619232,8.022455886,4.899909731,50.28032763,0.0
TOX-6008,1,10.97578902,6.031052102,1.147775997,13.64567821,5.715366588,7.010445883,4.029779079,14.69972378,0.231627519,2.460458717,3.71770549,0.992079766,6.578935684,0,37.17429707,3.7113,7.109797541,8.03185004,0.0,50.95882886,0.0
TOX-3954,0,11.04626728,6.02905553,1.174633023,14.54379981,5.785708862,7.010458245,3.214730616,14.69977138,0.251477236,2.53105117,3.717192967,0.987188156,5.316788604,1,45.44866694,1.9406,6.606881965,8.031575625,10.21669833,47.82465284,0.041300366
TOX-38423,1,10.96020375,6.022117238,1.197008035,14.54710166,5.698919369,7.008272333,4.017048754,14.70240687,0.238072337,2.443091655,3.702653366,0.989555333,31.40478881,1,57.87832312,3.2929,25.09922008,8.022330398,10.63357721,49.04264146,0.052962963
TOX-50246,1,10.93811017,6.021937916,1.154281923,14.54066928,5.677810173,7.008273952,4.035045981,14.70270839,0.239740494,2.423810173,3.702094076,0.988937608,43.42973128,1,41.64020562,3.2166,6.544756406,8.022043924,5.316788604,52.77012409,0.054013378
TOX-31843,0,10.31746342,6.021225383,0.29155886,14.54514122,5.789703903,7.01449711,4.038762444,14.70061808,0.360040072,2.4415988,3.778672642,0.540501808,9.270380496,0,0.0,1.2575,44.98380578,17.00110354,9.757711253,50.59394941,0.031870748
TOX-4226,1,11.1603,5.097182305,1.4,14.56994567,5.9,3.067412225,3.158631463,15.58158058,0.321877869,2.582012134,3.367940436,1.9,29.65166476,0,0.0,-0.6684,53.96826763,7.09960212,14.95193556,45.11253556,0.0
TOX-73422,0,10.31162707,6.025752671,0.615147547,14.54387403,5.735960969,7.011557218,4.023078534,14.69977294,0.353030265,2.480586753,3.717752943,0.647430604,5.316788604,0,36.2374185,0.548,0.0,16.00488772,10.21669833,49.00377239,0.068285714
TOX-56799,0,10.31144899,6.022313439,0.604914544,14.54804194,5.692636173,7.008270805,3.23569123,14.7022846,0.30104033,2.43509818,3.702380974,0.65318453,10.30076712,0,25.47729296,3.28412,27.87414903,16.00450398,10.30076712,50.92616399,0.022888889
TOX-17830,1,10.94698613,6.022314575,1.114116372,14.54447274,5.685590573,7.008276005,4.027887843,14.70213154,0.259621641,2.428871257,3.702939708,0.99303681,10.63357721,1,52.802914,0.94252,12.36446059,8.023370273,10.21669833,47.9201627,0.088970588
TOX-4627,0,11.08840232,5.006058564,1.268094794,13.62320108,5.827820341,6.002597452,3.021852895,14.70816561,0.296639618,2.57177124,3.667547617,0.987671029,0.0,0,13.34455882,0.7772,0.0,8.006078546,0.0,44.34383928,0.092222222
TOX-2761,1,11.07888321,7.005240902,1.160163675,14.60350134,5.818241318,8.002983641,3.175960468,14.6406647,0.404668204,2.561758461,3.776246618,1.986792405,9.675177167,0,0.0,-1.0622,13.21376393,8.068573743,0.0,34.2327692,0.0
TOX-2036,0,11.09050992,6.023179916,1.251314952,14.54360199,5.826268628,7.009353343,3.177925039,14.70177638,0.334735162,2.562024984,3.703725223,0.987990945,0.0,0,12.84164325,-0.1273,6.544756406,8.023279711,4.899909731,46.32415625,0.084920635
TOX-4337,0,10.95450739,5.042235181,1.392428961,14.55330675,5.694121338,3.036450001,3.066205511,15.58726831,0.288990632,2.439992261,3.308784937,1.896086838,34.57466161,2,5.563451492,1.2308,13.08951281,7.059047613,5.316788604,51.94907898,0.035897436
TOX-1865,0,10.33782427,6.033878278,0.617316872,14.56508582,5.68964315,7.010460209,4.023085555,14.68167351,0.340649436,2.43302068,3.724598115,0.6593476,10.47345186,0,26.83757867,2.54872,0.0,17.00110453,15.37336159,48.73224078,0.039122835
TOX-1853,1,10.95442976,6.029067362,1.244324756,14.64024446,5.694126771,7.010461149,3.207159318,14.69977138,0.259063988,2.440121673,3.717261612,0.988013454,5.316788604,1,51.01211843,1.5955,19.69639478,8.03159388,15.33461365,48.71088154,0.035486111
TOX-37705,1,10.9435591,7.00405799,1.117860915,17.42477199,5.683115513,8.001919804,4.029024402,13.30412042,0.24158662,2.428506329,4.009946487,0.993452557,24.8137512,1,91.20997959,4.7186,13.08951281,9.004068094,4.899909731,52.2878009,0.017546329
TOX-10123,1,10.95368819,7.004058143,1.343090232,17.42477185,5.693061052,8.001919192,3.203534864,13.30412042,0.266022467,2.43791164,4.0099452,0.997569605,15.86618653,1,49.36378044,3.6194,44.7334893,9.004067548,4.899909731,50.94159827,0.0
TOX-12083,1,10.93520143,6.006692681,1.258946007,14.54453577,5.674876127,3.511312043,3.269735807,14.70585979,0.21484926,2.420702895,3.678684457,0.993578189,83.08840491,1,75.17100171,4.60448,40.46074626,8.011489121,4.899909731,52.24115027,0.0
TOX-47136,1,10.94501469,6.009553954,1.18388582,14.54390166,5.684471928,6.002601702,3.27854045,14.70564198,0.264913533,2.429480778,3.68143548,0.996272733,18.01394878,1,25.09831217,2.0663,20.70222593,8.012686685,4.899909731,50.97418701,0.024025974
TOX-56803,0,10.31145145,6.022034463,0.604916317,14.54798686,5.693817085,7.008273089,3.219539482,14.7024912,0.360887464,2.437233401,3.702213987,0.653192254,4.983978521,0,19.05647134,2.22602,7.109797541,16.00450317,4.983978521,51.18416246,0.058204334
TOX-3967,1,10.94511987,6.023574188,1.17357419,14.56135849,5.681386688,7.009386274,3.281458819,14.7017758,0.312681744,2.422064587,3.70955014,0.994822517,14.95193556,0,37.10711152,-1.72356,6.606881965,8.024645794,19.51903521,45.18517035,0.09837963
TOX-18587,1,10.9518915,6.02823625,1.148776828,14.54453523,5.691572678,7.00827128,4.02986121,14.70118515,0.243257822,2.437432757,3.714134448,0.994932491,4.899909731,1,32.5004387,2.6198,40.46074626,8.028944335,4.899909731,50.4760111,0.0
TOX-53560,0,10.31170942,7.004114299,0.610098568,14.59493681,5.808452785,8.001935855,3.079205434,14.65159224,0.33385008,2.525980386,3.756746961,0.650024264,25.57314436,3,14.09534397,1.3325,39.98538237,16.00488735,15.20067686,50.76631179,0.026984127
TOX-43961,1,10.9600534,6.018937642,1.190268356,14.54145239,5.699556486,3.518541281,4.020467426,14.70425971,0.253675983,2.44421452,3.693664278,0.995026681,10.63357721,2,24.26546827,3.321,26.17902562,8.019044774,10.63357721,50.31253234,0.035873016
TOX-2499,0,10.34563701,6.023218352,1.113934056,14.54028094,5.810588123,7.009367571,4.022051836,14.70068344,0.390301818,2.537492631,3.714066155,0.547039647,30.5743669,0,13.8474744,0.194,5.752853607,16.00223522,5.316788604,53.43010943,0.152639517
TOX-61296,1,10.9479516,7.005152847,1.260030644,17.4258168,5.687181863,8.00296168,3.259353146,13.30315401,0.259521959,2.432362469,4.011241143,0.996623265,9.799819462,2,41.45873833,4.8978,47.50841825,9.005167712,9.799819462,50.4154604,0.0
TOX-2040,0,10.93339209,7.004064028,1.258869832,17.42477233,5.669237088,8.001920392,3.326630424,13.30411908,0.314194509,2.407972252,4.009962637,0.993677832,4.899909731,1,20.03777625,1.544,44.7334893,9.004069785,9.467009379,47.14098298,0.022479989
TOX-35348,1,10.96732481,6.030005472,1.060653817,13.65485324,5.70701138,7.008296693,4.119344654,14.70013559,0.191047463,2.452918247,3.722159556,0.991061318,54.5421805,0,104.1248118,-2.0369,19.82064589,8.03997531,0.0,47.07026545,0.096769897
TOX-53157,1,10.9533835,6.007541984,1.249328925,14.54145658,5.692996056,6.002602162,3.22986704,14.70630432,0.294854255,2.438391597,3.677241902,0.773083371,10.63357721,1,36.75265697,3.74322,31.55793979,17.00212563,5.316788604,53.14768023,0.06159612
TOX-4087,0,10.94526132,6.022014763,1.419062179,14.5577085,5.684865179,7.008292111,3.067982231,14.70143987,0.324785008,2.430655831,3.713719642,1.991569487,4.983978521,0,17.20292309,2.0292,0.0,8.028643014,9.551078169,48.84384587,0.029847495
TOX-42550,1,10.94224748,5.024003952,1.30389651,14.54605371,5.68240621,2.244819893,3.230614828,15.59128525,0.254582511,2.427401907,3.494623333,0.773071803,58.16490966,2,55.40562127,5.2528,51.21612015,17.00212594,9.799819462,54.60966099,0.0
TOX-56764,0,10.33808575,6.022011304,0.622310817,14.54027914,5.694101104,7.008268335,3.203389383,14.70249399,0.345055162,2.438757157,3.701975074,0.65493144,5.316788604,0,6.066367068,1.9469,12.86265115,16.00200209,5.316788604,53.25533718,0.034166667
TOX-38782,1,10.94389503,5.016616401,1.146212027,14.5432773,5.683574054,2.284692082,4.030226057,15.59251435,0.198095373,2.42954666,3.258728131,0.989910342,86.33479201,1,57.82927064,4.867,13.08951281,7.029895461,4.899909731,54.5109664,0.0
TOX-17793,0,11.05805023,6.01818321,1.145058267,14.54225591,5.795238309,6.012219999,3.204589787,14.70419686,0.243731365,2.53593651,3.706559997,1.977944529,0.0,5,12.84164325,-10.0083,26.3654023,8.031692883,0.0,42.88320065,0.195512821
TOX-3961,1,10.94375753,6.023358168,1.36700972,14.56111501,5.680050465,7.008271502,3.246133136,14.70162939,0.300093117,2.420602069,3.708137654,0.996623291,9.967957042,0,18.19910121,1.7846,51.03219791,8.024867184,14.86786677,46.80347901,0.038730159
TOX-69100,0,10.98230691,6.023500553,1.392996192,14.54830515,5.717657507,7.009355479,3.149052362,14.70177809,0.313196744,2.456859913,3.704038955,0.996620233,15.61755573,0,12.13273414,-0.166,40.52287182,8.023809426,15.61755573,46.31387412,0.055757576
TOX-55803,0,10.33782288,6.053200846,0.617316181,14.54424713,5.693902504,7.011543534,4.023088195,14.69393426,0.305960806,2.439597443,3.760665321,0.659353304,5.316788604,1,26.33466309,0.83152,0.0,16.00200477,10.21669833,47.97660285,0.052589286
TOX-73468,1,10.94797669,5.042504262,1.374969101,14.55724265,5.686827403,3.036770887,3.231570981,15.58605416,0.255973837,2.431774483,3.321953843,0.987219307,47.67255755,3,23.96854623,2.1825,18.40630142,7.068483293,5.316788604,50.85764137,0.052777778
TOX-4769,1,10.33723108,5.023814097,0.628232037,14.54527201,5.69795414,2.268947051,3.230961509,15.59112026,0.249275242,2.434809932,3.267845797,0.660648915,79.34983717,1,44.27871829,4.487,32.08476651,16.00200388,4.899909731,55.54732494,0.0
TOX-7454,0,11.05549831,6.021929075,1.002225159,14.53787128,5.799988782,7.008270744,4.023923271,14.70271141,0.36545781,2.535303542,3.702067118,0.256018243,15.9299439,0,12.84164325,1.4254,0.0,35.00041758,0.0,55.57432248,0.097643098
TOX-72803,1,10.98502726,6.033313355,1.04864087,13.64847828,5.724649709,7.010456701,4.158192033,14.69976934,0.231126514,2.470094664,3.720881654,0.993443685,19.92349451,0,32.10410811,2.1706,19.82064589,8.034651383,0.0,49.09650103,0.015990991
TOX-4027,1,10.95210655,5.023676473,1.350644545,14.54376594,5.691806555,2.532648405,3.228636343,15.59210615,0.226562128,2.437593171,3.264805767,0.995956689,58.74763488,1,56.11453038,3.5328,25.03709453,7.030746113,5.316788604,53.55108388,0.020952381
TOX-3121,1,10.93481809,6.028740554,1.065357847,14.54963467,5.674177437,7.009379493,4.055421123,14.70043308,0.21902858,2.419619721,3.715681922,0.987219212,26.91653212,2,74.24722931,2.7324,58.89095883,8.030328429,14.78379798,50.24069796,0.052518629
TOX-3023,0,11.09827968,4.0112209,1.336058269,14.54263347,5.836043526,4.005944851,2.202389008,15.5935973,0.232276767,2.578645805,3.240528067,1.837437597,10.63357721,4,64.95182493,-0.3566,39.26853844,7.022247308,10.63357721,43.73372441,0.154285714
TOX-42879,0,11.03053856,6.024520363,1.10719082,14.54451829,5.768807762,7.010443027,4.039272953,14.70178023,0.319946029,2.509523868,3.706996009,0.987872785,10.63357721,0,24.67745534,0.7949,0.0,8.024719222,10.63357721,47.39273347,0.065972222
TOX-38410,0,10.4353455,6.026002873,1.003541214,14.5448874,5.687532262,7.011544233,3.32185001,14.70032145,0.367319683,2.416409752,3.71538003,0.151462965,10.63357721,0,67.77261188,1.6015,39.67356848,53.00226837,10.21669833,65.23697496,0.058783069
TOX-8541,1,10.22811243,6.008101982,0.232308453,13.63212677,5.997812041,7.006595949,4.029418146,14.70569055,0.452571386,2.419904249,3.69299337,0.417580782,0.0,0,18.76730755,3.1835,18.76730755,16.03248441,0.0,70.19082385,0.0
TOX-34271,0,10.4353455,6.025693794,1.003540785,14.54284974,5.68753416,7.011548181,3.321083108,14.70032496,0.367319683,2.416420968,3.715285154,0.151462965,15.95036581,0,74.69634908,1.3822,12.36446059,53.00226837,10.63357721,65.23697496,0.091848545
TOX-5878,1,10.33574553,6.030310183,0.622850283,14.5571131,5.80988634,7.0082702,4.018031775,14.69626046,0.370317067,2.537146209,3.717603072,0.630894293,15.31008991,0,20.10324358,1.4698,13.30344117,16.00221175,5.316788604,49.51170894,0.047435897
TOX-3895,0,10.94857681,6.030359173,1.218909059,13.64493044,5.688129335,7.009360582,3.222794927,14.69976977,0.20422045,2.433053014,3.716917618,0.98714361,27.6949488,0,36.81018948,6.433,13.21376393,8.031105188,0.0,50.8051555,0.0
TOX-35407,1,10.9600534,6.016476759,1.190448575,14.54500039,5.699556486,3.516019401,4.019012051,14.70612255,0.268364183,2.44421452,3.69034718,0.995394842,16.84749144,2,19.18040612,1.8115,39.77145401,8.016545259,9.799819462,50.06849305,0.0
TOX-73052,1,10.95376773,6.028553864,1.255829036,14.54328072,5.693216094,7.008273878,3.183057542,14.70084421,0.229862528,2.437456611,3.714447376,0.987756368,30.88011827,1,75.17100171,4.6025,41.0257874,8.029341543,4.899909731,50.51339296,0.0
TOX-8173,0,11.14819676,6.043008855,1.457351059,14.66016401,5.884935733,7.011391524,3.124510053,14.66258345,0.403231523,2.623021328,3.738812819,0.987231599,10.02274767,0,13.8474744,1.1462,13.15163837,8.043034053,5.008912524,41.34666896,0.0
TOX-27768,1,10.92823335,6.022103514,1.304040243,14.55769145,5.664146393,7.00827818,3.320730259,14.70271121,0.298654533,2.402060163,3.702937865,0.773997653,28.54633186,1,57.39275734,3.1548,20.64010037,17.00110281,14.4509879,51.90925628,0.0
TOX-20796,1,11.06533016,5.017031346,1.16332475,14.54327912,5.80497409,6.003750584,4.023850295,14.70720339,0.193422563,2.550610669,3.668854911,0.987185119,18.74738413,1,26.43407163,4.7527,26.30327674,8.007210547,4.899909731,47.51648089,0.038724638
TOX-3415,1,11.00994443,6.034705835,1.17017889,14.55538922,5.749614622,7.019264329,3.239224518,14.70177761,0.193013572,2.495501217,3.721017966,0.987131671,21.26715442,0,100.7214837,3.269,55.87846028,8.035665077,55.56652253,47.52711564,0.031111111
TOX-22019,1,10.93309657,6.007543618,1.162286005,14.54816007,5.670063929,6.002603221,3.25376157,14.70632959,0.222524912,2.412281973,3.676713441,0.987178791,36.72146692,1,73.38985918,4.8135,19.69639478,8.01039534,9.883888252,51.78398267,0.016666667
TOX-72474,1,10.96565142,6.029394221,1.153272361,14.53784282,5.70534921,7.009411073,4.019071263,14.69977133,0.20241735,2.451333658,3.720686613,0.992759126,0.0,1,33.10993927,0.7117,0.0,8.036522581,0.0,47.88952856,0.101111111
TOX-37656,1,10.9600534,6.016976617,1.190557558,14.54326976,5.699556486,3.517071608,4.0190126,14.70490479,0.267148465,2.44421452,3.691121374,0.995953011,4.899909731,1,12.13273414,1.9129,46.06179708,8.017517247,4.899909731,49.29730406,0.0
TOX-6535,1,10.95443545,6.01008469,1.45847642,14.54934635,5.693538733,3.511079072,3.186483306,14.70681808,0.303565357,2.438110356,3.677005262,2.75194126,4.992404733,0,24.26546827,3.5429,0.0,8.010113115,0.0,49.94145615,0.0
TOX-11322,0,11.04171134,6.022012064,1.1408811,14.55316904,5.781096378,7.008291351,4.036870439,14.69649774,0.301858758,2.524988505,3.713802753,0.991079582,0.0,0,34.11577042,1.3393,0.0,8.028796961,5.063217725,46.18221495,0.081025641
TOX-23673,1,10.98473052,6.033368061,1.048305645,13.6484356,5.724305468,7.010455212,4.158256353,14.69976921,0.233462802,2.469422515,3.720730151,0.988280554,0.0,0,18.41474778,1.6927,13.21376393,8.034598701,0.0,48.26904537,0.017914439
TOX-17696,0,10.9416894,6.025719572,1.108993544,14.54474653,5.681161754,7.011553265,4.034152323,14.70178046,0.280018311,2.425576285,3.708663182,0.99305547,0.0,1,31.64306857,-0.9744,14.09534397,8.027217295,4.899909731,46.83633333,0.097368421
TOX-3875,0,10.31186685,6.030087643,0.610219971,14.5579798,5.736933598,7.011549627,3.270967882,14.69655862,0.361279523,2.476014319,3.718592468,0.650205241,20.29406844,0,0.0,-0.6225,25.20320059,16.00488932,15.20067686,45.37675713,0.078039216
TOX-37326,0,11.04446357,6.023631339,1.163981334,14.55886931,5.774413148,7.009375627,3.221739322,14.70175409,0.211999773,2.503316602,3.707078238,0.987927582,17.22450432,0,12.48718869,5.6152,11.92367057,8.02445768,9.551078169,48.38622388,0.049545455
TOX-17184,0,10.95438848,6.028123481,1.388853967,14.54471999,5.693155397,7.008270214,3.136185054,14.70146543,0.309456383,2.437591502,3.713958689,0.994942383,0.0,1,38.36081224,0.9872,32.98064981,8.028767273,4.899909731,48.71434893,0.065359477
TOX-70030,1,10.95191548,6.028532349,1.350476163,14.54448352,5.691155466,7.009358481,3.239680002,14.70062446,0.281894289,2.435750519,3.715411311,0.995527862,21.43680723,1,49.21531942,2.8476,30.91892426,8.029532491,5.316788604,49.52609176,0.04
TOX-1845,0,10.31977243,6.022505991,0.298943017,14.54416843,5.700664908,7.014571775,4.0438044,14.70106958,0.401658524,2.44106807,3.768279889,0.644230713,5.316788604,0,30.6862899,1.7379,6.544756406,17.00110343,10.03888347,50.98888318,0.067197405
TOX-40084,1,10.95454073,6.02320181,1.154425222,14.54453488,5.694225489,7.00935782,4.029849783,14.7017835,0.231093743,2.440205493,3.703512403,0.987911825,29.165378,1,43.8823877,4.0959,24.53417895,8.02326108,4.899909731,52.31096762,0.0
TOX-2311,1,10.94826098,6.021940215,1.255829141,14.54067272,5.687649982,7.008276317,3.206069684,14.70244089,0.263257474,2.432258843,3.702281615,0.993932581,24.37325994,1,43.02501757,2.1354,6.544756406,8.022241448,5.316788604,50.52072541,0.091235632
TOX-44348,1,10.9600534,6.016473207,1.190451836,14.54326696,5.699556486,3.516016377,4.019009163,14.70612475,0.260150871,2.44421452,3.690330664,0.9872569,18.74738413,1,25.22224695,2.9059,19.63426922,8.016540699,4.899909731,50.6340075,0.0
TOX-65087,1,10.94830209,7.004128031,1.201634593,14.59479382,5.686948564,8.001940931,4.024041272,14.65147934,0.261757529,2.431349205,3.757463294,0.995027451,5.316788604,0,26.33466309,3.8341,20.32356147,8.055173726,5.316788604,48.12020795,0.015457563
TOX-2231,0,10.95484749,6.022030932,1.501593648,13.64253728,5.69446565,7.008289957,3.134212237,14.70144469,0.365885162,2.439861746,3.713691811,2.734398792,0.0,0,12.13273414,1.3848,0.0,8.028630759,0.0,48.61777747,0.057037037
TOX-17725,1,10.91095404,6.027375582,1.162884756,13.65246525,5.650486787,7.009391833,3.310360102,14.70178848,0.207617634,2.395365342,3.716232835,0.993054383,0.0,0,64.12191746,-0.1747,14.21959508,8.037294722,0.0,46.92745951,0.077272727
TOX-15381,0,10.96007953,5.016552255,1.51778706,14.54454213,5.698776228,6.002803929,3.128060247,14.70816317,0.327247991,2.442846622,3.668003832,0.994950828,0.0,0,24.26546827,1.4582,18.9952537,8.006124083,0.0,50.58756116,0.046969697
TOX-3425,0,11.01537504,6.023725507,1.270254724,14.55774112,5.748474545,7.009374496,3.21839368,14.70177584,0.359323724,2.479091296,3.709364051,0.995950723,4.983978521,0,12.99975731,-0.70908,6.606881965,8.024266383,9.551078169,45.04132352,0.071296296
TOX-2312,0,10.94630635,6.02203656,1.414397469,14.54024522,5.685104704,7.008292009,3.230645558,14.70144089,0.283893229,2.429782438,3.713735141,0.994825204,5.316788604,0,43.17347859,3.74524,5.316788604,8.028643619,0.0,51.48876257,0.050740741
TOX-11906,1,10.94015447,6.028766772,1.406670026,14.54092193,5.679788784,7.008270624,3.230407431,14.70146231,0.299715416,2.425336504,3.714639408,0.994748595,5.316788604,0,49.59430021,2.33006,7.047671983,8.028860602,5.316788604,50.16502615,0.035873016
TOX-66194,0,10.95416155,6.008997663,1.244381632,14.54022253,5.693575701,6.002694073,3.180606035,14.70549059,0.272398137,2.438214182,3.682107529,0.987848876,5.316788604,1,24.11700725,1.5643,20.82647705,8.013078138,5.316788604,48.81934751,0.058823529
TOX-35409,1,10.9552703,6.016476088,1.190517627,14.54021783,5.694859367,3.516024372,4.019012201,14.70612382,0.26164564,2.440720826,3.690347831,0.99595504,29.58225688,1,17.69618563,3.3539,6.544756406,8.01654527,5.316788604,52.19632126,0.023650794
TOX-17168,0,11.06643084,6.028777483,1.159584912,13.64466268,5.806088316,7.008277361,3.175356748,14.7005183,0.208148775,2.551661,3.715139502,0.987929023,6.9237372,0,6.420821623,1.9984,66.06881965,8.030528465,0.0,46.42319131,0.047150997
TOX-31837,0,10.31746392,6.02122282,0.291559476,14.54514018,5.85540944,7.014496527,4.038547864,14.70061822,0.376232964,2.441671654,3.778664508,0.540504104,9.270380496,0,12.84164325,1.0115,44.98380578,17.00110344,9.757711253,50.4667839,0.034172932
TOX-2327,1,10.98910167,6.029289794,1.060932092,13.64742314,5.728671832,7.008284794,4.120542866,14.70029943,0.199298036,2.473728515,3.716726719,0.993056763,6.9237372,0,106.7975038,2.2181,6.606881965,8.032962401,0.0,48.39182382,0.058539493
TOX-10150,1,10.94296121,6.031085131,1.09453944,14.5439112,5.682477844,7.009361578,4.034944879,14.69976902,0.263304293,2.427610104,3.717413239,0.995030775,24.08996889,1,44.1399103,1.9886,13.59242839,8.031456853,4.899909731,49.91430259,0.0
TOX-2960,0,10.96397258,6.023153854,1.075902393,13.63866409,5.703491676,7.00936178,4.118270591,14.70178905,0.232683639,2.448181794,3.704007465,0.995024331,6.9237372,0,56.09196042,1.5576,6.606881965,8.02393157,0.0,50.64288284,0.0566313
TOX-42438,1,10.31139935,6.028337783,0.609958853,14.54390251,5.692292299,7.008272465,4.033828899,14.70120883,0.283757427,2.437528735,3.714466536,0.650324936,4.899909731,1,37.88050147,2.6214,20.13718479,16.00450319,4.899909731,53.13383963,0.022041063
TOX-30403,0,10.9533759,6.02193661,1.197019445,14.54430777,5.692192421,7.008275963,4.017041648,14.70243331,0.29605326,2.436426065,3.702723239,0.989918228,10.63357721,1,38.46739723,1.3043,11.86154501,8.022294535,5.316788604,47.10280893,0.140210526
TOX-2184,1,10.33722945,5.023993527,0.628229096,14.54604968,5.697870248,2.263241547,3.231628105,15.59128525,0.268566527,2.433980807,3.492995393,0.660643908,58.14560359,2,50.34508535,4.5802,51.21612015,17.00110404,9.799819462,55.34900076,0.0
TOX-15246,1,10.95178546,6.02823491,1.147601778,14.54327017,5.691451644,7.008272387,4.02986202,14.70103734,0.250722891,2.437289254,3.714169068,0.988015141,4.899909731,1,38.41834475,1.5922,46.06179708,8.029054202,4.899909731,49.62673756,0.02294686
TOX-39629,0,10.33782249,6.028230316,0.617315545,14.54838787,5.693944134,7.013724881,4.023089761,14.70019926,0.315612001,2.4396643,3.716833613,0.659354778,15.95036581,0,19.41092589,-0.9726,13.08951281,16.002005,25.75018527,46.4634273,0.065737874
TOX-41713,1,10.92368138,7.004118901,1.290607901,14.59486406,5.658890647,8.001936692,3.307851457,14.65159187,0.276740929,2.399490901,3.756853807,0.988937474,29.46503013,1,25.09831217,4.0962,18.40630142,8.054448128,10.30076712,49.71337904,0.03891358
TOX-2408,0,10.43534755,6.023216832,1.004055646,14.54029145,5.693179562,7.009369867,3.284749457,14.70068346,0.454181613,2.421639047,3.714070315,0.151461879,27.90765923,0,73.83897895,3.157,5.316788604,53.00226765,0.0,74.46059113,0.058134921
TOX-11287,0,10.31928412,6.0225583,0.300191922,14.54354013,5.688484477,7.014577385,4.04299757,14.70106345,0.350396572,2.429697375,3.768609615,0.642092328,0.0,0,30.53782887,2.2759,0.0,17.00110384,4.899909731,52.11548279,0.051562654
TOX-18194,0,10.88352322,4.343497582,1.318499802,11.65238658,5.623223218,2.270303723,3.344006024,20.20274949,0.188391992,2.369223218,3.138086577,0.995020034,75.36851522,0,69.77891136,6.07146,0.0,6.392086577,0.0,55.94882464,0.0
TOX-65244,0,10.9603686,7.004117561,1.200811999,14.59505124,5.698346808,8.001935829,4.023146174,14.65159103,0.346009745,2.442104451,3.756829212,0.992936008,9.984809465,5,25.98020854,0.7803,4.899909731,8.054442285,0.0,43.93946111,0.105568268
TOX-9916,1,11.03001359,6.023191056,1.133664381,14.54033414,5.769076168,7.009354558,4.019951444,14.70179197,0.302982904,2.513055161,3.704410462,1.825901551,5.316788604,0,18.25663372,1.3735,0.0,8.023362194,5.316788604,49.38541853,0.039194139
TOX-4212,1,10.93664891,5.012276759,1.359878611,14.54798224,5.675651495,6.002805012,3.241084735,14.70816182,0.326087392,2.420327514,3.66801739,1.892226702,4.983978521,1,36.72813073,1.3747,6.544756406,8.006126923,4.983978521,50.03216245,0.122473605
TOX-65089,1,10.94830209,7.004128646,1.199556739,14.59479631,5.686948564,8.001941241,4.024176481,14.65147911,0.288311115,2.431349195,3.757507478,0.773085137,5.316788604,0,38.46739723,5.1409,20.32356147,17.00212877,5.316788604,48.6520422,0.015323565
TOX-73696,0,10.95245995,4.175755234,1.299564233,14.53781671,5.692150781,4.005243869,3.177507618,15.5961,0.371802392,2.435398115,3.492942203,0.774006748,0.0,0,24.61992283,2.23062,5.733667477,17.00110152,0.0,55.13424565,0.094660895
TOX-25693,1,10.96724529,6.0292472,1.252527177,14.5450494,5.704673274,7.010445106,3.305488553,14.7004282,0.312608867,2.444979334,3.715747313,0.995520237,0.0,0,6.9237372,-0.5922,39.89570513,8.030050373,9.799819462,46.21728506,0.049507246
TOX-3512,0,11.05813284,6.022573397,1.144659748,14.54300523,5.79541939,7.008281852,3.199638522,14.70199874,0.260761035,2.536000385,3.70541559,1.890184642,5.316788604,4,19.38639965,-8.4242,19.69639478,8.027226278,5.316788604,42.65501443,0.208523392
TOX-2982,0,10.95442974,6.02906323,1.178478109,14.54380257,5.694126751,7.010461109,3.214860516,14.69977138,0.247883203,2.440121639,3.717237755,0.987899913,5.316788604,1,57.43294005,2.3832,6.606881965,8.031589136,10.21669833,49.58009809,0.034652778
TOX-5198,0,10.94650097,6.022032718,1.182561017,13.64254124,5.686141564,7.008290822,4.022089026,14.70144363,0.272820614,2.431705077,3.713706122,0.989924835,20.7712116,0,23.1111761,2.6823,0.0,8.028635607,0.0,51.8024908,0.036996337
TOX-57379,1,10.33599973,7.004063877,0.627734148,17.42477503,5.692903573,8.001923718,3.142276221,13.30411727,0.270071275,2.437865409,4.009978304,0.626948571,10.21669833,1,73.58719612,4.5986,48.36493419,17.00212973,5.316788604,52.62316853,0.038945201
TOX-2646,0,10.95410237,7.014093966,1.218961816,17.43069987,5.692121656,8.007390646,4.022104719,13.30278456,0.321973259,2.43572835,4.030612099,1.895998764,5.316788604,0,30.33183534,3.6147,31.74431646,9.014101375,0.0,46.39019848,0.047278912
TOX-42913,0,11.02951916,6.024522486,1.106170589,14.54451981,5.767846593,7.0104443,4.039326831,14.70178023,0.2914538,2.508733436,3.70700984,0.987739832,17.55731441,0,24.17453976,1.431,0.0,8.024723421,10.63357721,48.16612657,0.057222222
TOX-42892,0,11.01889401,6.024520358,1.106452626,14.54451829,5.757577576,7.010443027,4.039256756,14.70178023,0.319946029,2.49977633,3.706996009,0.993048218,10.63357721,0,24.67745534,0.7949,0.0,8.024719226,10.63357721,47.39273347,0.065972222
TOX-5841,1,10.94685414,6.029061942,1.181648094,14.54452689,5.686167851,7.009360302,3.221618519,14.70056953,0.248933307,2.43084376,3.714882371,0.9872569,4.899909731,1,43.52793314,2.423,40.39862071,8.029663727,9.799819462,49.22331519,0.0
TOX-54894,1,10.95191548,6.028755166,1.294516675,14.5458051,5.691155411,7.009360133,3.239796964,14.70068347,0.251144988,2.435748873,3.714996882,0.988431324,11.38315567,1,70.1104658,4.3585,30.85679871,8.029278861,4.899909731,50.61128795,0.017356322
TOX-15402,1,10.94343794,6.030862888,1.117883456,14.54514003,5.683105288,7.009365316,4.034789664,14.69976957,0.21458673,2.428878794,3.717079194,0.996024615,36.02789756,2,107.4811034,5.4486,14.09534397,8.031160273,9.799819462,52.09973639,0.0
TOX-42883,0,11.0309482,6.024520108,1.116066954,14.54451829,5.76946783,7.010443027,4.03464097,14.70178023,0.319946029,2.510883234,3.706994453,0.988936617,10.63357721,0,24.67745534,0.7949,0.0,8.024719161,10.63357721,47.39273347,0.065972222
TOX-18601,1,10.95368475,6.022113225,1.438127905,14.54332779,5.693004877,7.008269415,3.185137162,14.70241607,0.282327723,2.437070571,3.702141159,0.987223007,0.0,0,38.9703128,2.2729,19.69639478,8.022259493,4.899909731,49.33658207,0.031045752
TOX-13008,1,10.94617774,6.028339662,1.180355305,14.54327078,5.685810549,7.008272956,4.033830967,14.70120838,0.244878144,2.431333715,3.71447266,0.988010113,11.82364693,1,37.05805904,2.95,19.63426922,8.029000811,4.899909731,51.86229043,0.019538462
TOX-18276,0,10.33723512,7.004119774,0.628333506,14.59505665,5.699339954,8.001937069,4.023155082,14.65158985,0.325373939,2.437705936,3.75686131,0.660647707,9.984809465,5,50.24567681,2.9315,4.899909731,16.00200451,0.0,48.43067459,0.074871795
TOX-20633,0,10.25020275,6.025652501,0.53784116,14.54377609,5.781922837,7.011551423,4.024502028,14.7017773,0.268584378,2.524960213,3.708396662,0.559824076,21.26715442,0,0.0,-1.6284,50.89849677,16.10101763,21.26715442,48.29911588,0.114478114
TOX-39239,1,10.95146707,5.019350396,1.096713504,14.54605035,5.690606161,6.002603166,4.034905996,14.70815925,0.206137168,2.435853089,3.667602749,0.987159673,73.70781825,2,49.39678671,3.5842,38.12660734,8.006095134,9.799819462,51.29888165,0.015017921
TOX-10249,1,10.95103172,7.004059387,1.147370381,17.42477263,5.691296026,8.001920749,4.029934583,13.30411994,0.268180724,2.435753403,4.009952796,0.773993825,4.899909731,1,80.85838799,4.564,33.72961318,17.00110361,9.799819462,52.24242937,0.0
TOX-78257,0,10.95352281,6.021920329,1.246955921,14.64181035,5.691753399,7.008269375,3.175167718,14.70270894,0.311531351,2.435681348,3.701930071,0.993936209,15.51117744,0,17.69618563,1.7324,0.0,8.022020978,14.97686957,48.47945066,0.02622807
TOX-16572,1,10.95210655,6.021944469,1.154480561,14.54621147,5.691806555,7.00827601,4.029734554,14.7027052,0.216669535,2.437593002,3.702136179,1.82648837,63.23066574,2,87.8396577,4.1192,44.16844817,8.022053585,9.799819462,51.91902487,0.026955267
TOX-9828,0,11.2330872,6.022013755,1.650498974,14.53788796,5.960839891,7.008293585,3.033613757,14.70143655,0.656265789,2.666347597,3.714433829,2.987823383,5.733667477,0,0.0,-0.3769,0.0,8.028732542,0.0,32.0969048,0.378571429
TOX-2801,0,10.94769407,6.023191032,1.227699799,13.64295406,5.687381126,7.009369126,3.163293996,14.70068895,0.256292153,2.433285574,3.714011951,0.993948003,0.0,0,37.31310505,2.7864,0.0,8.029021588,0.0,51.57464817,0.027777778
TOX-35757,1,10.9437785,5.04225877,1.15429175,14.54934793,5.683308019,3.036121457,4.034810382,15.58850861,0.218893291,2.429063877,3.293484894,0.988004684,67.58740788,0,23.96854623,4.2274,6.544756406,7.048727456,0.0,54.95083574,0.0
TOX-24086,1,10.94530184,6.010151309,1.183138049,14.55330413,5.684767949,3.510270463,4.029116157,14.7068123,0.293085668,2.42889794,3.677708387,0.773998821,22.44192747,2,37.6100271,4.2307,6.544756406,17.0011027,5.316788604,52.8951908,0.023057102
TOX-13891,1,10.9531161,5.019103885,1.258897915,14.54136781,5.692577816,6.008098831,3.18386151,14.70714934,0.253393805,2.437036752,3.676506828,1.820098977,10.63357721,2,61.32352731,2.0156,26.17902562,8.012136844,10.63357721,48.54050915,0.122105263
TOX-9358,0,10.31322494,6.023233639,1.125438342,14.54442302,5.768512794,7.009354729,4.034561578,14.70178023,0.340934858,2.509155238,3.704082708,0.653462653,10.63357721,0,24.55660111,0.9598,0.0,16.00441143,10.63357721,51.27409303,0.06745098
TOX-39931,1,10.95324293,6.008625586,1.25758264,14.53780477,5.692720435,6.002600075,3.204306078,14.70553293,0.314476617,2.437295327,3.680547949,0.996623367,0.0,1,18.19910121,0.6959,20.76435149,8.012744222,0.0,47.93716154,0.104621849
TOX-9962,1,10.94790198,6.021927755,1.246021251,14.54327039,5.687518091,7.008268021,3.183107284,14.70271751,0.2349895,2.433010703,3.701423255,0.987848817,18.74738413,1,39.27571488,3.44222,13.08951281,8.021955246,4.899909731,52.36514936,0.0
TOX-6425,0,11.03620339,5.006597943,1.128148717,13.62430684,5.775700352,6.003697957,4.022942177,14.7072031,0.249225913,2.520267415,3.668912421,0.988246935,0.0,0,5.917906046,1.0218,6.606881965,8.007206029,0.0,45.8847292,0.092222222
TOX-12891,1,10.93686041,6.022417578,1.250234803,14.53781623,5.676358992,7.008280822,3.293807677,14.70222386,0.273629831,2.421134567,3.704109552,0.996623265,0.0,1,47.73109893,2.3912,21.32939262,8.023016659,0.0,49.35989728,0.061
TOX-2921,1,10.33599545,6.032692074,0.627730982,14.54998093,5.676101623,7.014846085,4.017097562,14.69976411,0.250698116,2.421224325,3.721295768,0.626950098,31.56792154,0,56.39392606,1.5202,18.5533792,16.00221586,31.56792154,48.70627513,0.0835097
TOX-45565,0,10.99739902,6.024521529,1.139340353,14.54451906,5.7365359,7.010443864,4.034597535,14.70178023,0.304647524,2.480439956,3.707003613,0.987152009,10.63357721,0,12.33872767,1.3511,0.0,8.024721349,10.63357721,47.82919844,0.06130031
TOX-22023,1,10.92368128,7.00411928,1.325384995,14.59487082,5.658890565,8.001936848,3.307858511,14.65159172,0.268309982,2.399490837,3.756858384,0.994933135,29.29602082,1,45.61447775,4.44,32.50164538,8.05444962,9.883888252,50.03216245,0.019278253
TOX-63519,0,10.98899968,5.012559493,1.142314571,13.62541829,5.728621293,6.004720991,4.021955522,14.70720174,0.25279294,2.474076834,3.670251233,0.992929867,0.0,0,44.60094984,0.837,6.606881965,8.008339612,0.0,48.15888653,0.099579832
TOX-24769,1,10.94856485,6.022026707,1.358918772,14.54327077,5.688255497,7.008270032,3.205167731,14.70251666,0.219122578,2.434165166,3.70157235,0.987212881,49.9365896,1,49.19079318,4.7851,26.24115118,8.022095371,4.899909731,52.61953306,0.0
TOX-26178,0,10.3179473,6.024448516,0.300607246,14.57588382,5.681635281,7.020807465,4.048152623,14.69902446,0.288618383,2.423841961,3.793203037,0.643687983,61.80460275,0,96.05604194,7.0866,31.90073162,16.01702236,29.90387113,44.57358845,0.087115022
TOX-25897,1,10.95377207,6.023366787,1.296743289,14.54549464,5.69315549,7.009358137,3.231330708,14.70177807,0.285522253,2.436143942,3.703860919,0.774000544,5.316788604,1,31.31314026,2.8829,45.21249373,17.00110342,9.799819462,50.91487904,0.018947924
TOX-6455,1,10.97806044,6.028859182,1.291290578,13.64308137,5.717529794,7.008270409,3.177308967,14.70090809,0.378857322,2.46193618,3.714446079,1.987451476,0.0,0,6.076020107,-0.2979,6.606881965,8.029158106,0.0,42.98494289,0.056565657
TOX-45620,0,11.09400856,6.024405859,1.348372139,14.5443822,5.832879966,7.010437516,3.125340046,14.70177777,0.29768831,2.576921575,3.705325878,0.987938255,10.63357721,0,12.84164325,-0.3587,26.17902562,8.024530442,15.53348694,46.32415625,0.059444444
TOX-3486,0,10.95437041,6.022031654,1.495638521,14.53781859,5.693134818,7.008290322,3.134601885,14.70144294,0.405600369,2.437550313,3.71369884,2.811426476,0.0,0,24.26546827,0.967,5.733667477,8.02863317,0.0,46.92143833,0.136923077
TOX-5863,0,11.04403808,5.005149729,1.137905037,13.62429662,5.783598952,6.003743567,4.019890434,14.70720339,0.26223827,2.528605673,3.668782747,0.9872569,0.0,0,12.84164325,0.7774,13.21376393,8.00719064,0.0,45.38698252,0.103703704
TOX-15020,0,10.43368675,6.028251808,1.001390376,14.54414748,5.687543171,7.013754022,3.329161971,14.69977294,0.310724785,2.416484963,3.719480728,0.151448969,21.26715442,0,148.386867,7.1278,24.72892117,53.00528602,10.63357721,70.28999054,0.061896799
TOX-74866,1,10.93984908,6.024323101,1.364898355,14.54468899,5.679452184,7.008270139,3.200608048,14.70162873,0.263671585,2.424836321,3.708123697,1.893581693,29.165378,1,17.69618563,3.3908,26.17902562,8.02437199,9.799819462,51.5397698,0.0
TOX-25015,1,10.9446348,6.005854544,1.266166455,14.54389896,5.684233738,3.509644715,3.21317854,14.70681882,0.246833051,2.429950144,3.676085057,0.996964614,60.47851826,1,23.73802646,3.238,20.19931035,8.010022931,4.899909731,53.47554719,0.0
TOX-75061,0,10.99730639,6.02886178,1.282422225,14.55457665,5.733313367,7.009359378,3.249503176,14.70068568,0.337100494,2.46984843,3.71522244,0.77400003,19.85184529,1,19.18040612,1.568,38.12660734,17.00110336,24.75175502,46.0888538,0.0
TOX-33812,0,10.94688792,6.02357187,1.194176476,13.64326729,5.686702833,7.009371691,4.023020111,14.70061484,0.293953897,2.430856325,3.714638836,0.773998639,0.0,0,62.37841095,3.813,0.0,17.00110284,0.0,50.64048841,0.024807077
TOX-47945,0,10.99762861,6.022238741,1.380783584,14.560019,5.72690804,7.008276991,3.284146802,14.70269531,0.320249374,2.455227386,3.704244225,0.987920546,4.983978521,0,25.47729296,1.56532,0.0,8.022243952,9.384673127,50.37825413,0.0
TOX-51154,1,10.94807743,5.037141926,1.258222782,14.55771049,5.687751526,6.002601788,3.130441366,14.70816131,0.253129736,2.433637894,3.667590205,1.895248587,41.38218093,0,29.53199772,3.4019,0.0,8.006089604,9.551078169,52.62748293,0.020487484
TOX-2346,1,10.95092423,6.021939792,1.155783096,14.54833661,5.690279362,7.008274458,4.03474433,14.70270731,0.234547568,2.435593244,3.702103743,0.987188753,37.57883705,1,51.81195605,3.3619,6.544756406,8.022046257,9.883888252,51.62959837,0.03545679
TOX-32304,1,10.96020898,6.022051946,1.232911097,14.54501116,5.698962653,7.00827297,3.066406673,14.70240691,0.237477184,2.443234473,3.702611537,1.824517484,15.95036581,1,49.94875477,3.8028,18.46842697,8.022329087,10.63357721,49.52813056,0.065625
TOX-70024,1,10.95191548,6.028561813,1.350476161,14.54439485,5.691155461,7.00936161,3.23981077,14.70068327,0.250587147,2.435750419,3.714960262,0.988013999,16.69994428,1,54.65483613,4.8081,23.36833671,8.029276147,5.316788604,51.0099644,0.029963235
TOX-4336,0,11.15341341,6.042773661,1.378771839,14.66012682,5.88638927,7.011003781,3.029674351,14.66259484,0.4375,2.618563407,3.738250199,1.894448948,5.285884721,0,0.0,0.0,26.30327674,8.042791544,5.008912524,41.49965122,0.0
TOX-2099,1,10.94664806,6.007554799,1.194522081,14.54023224,5.686253039,6.004744944,4.017045215,14.70612768,0.251714723,2.431600404,3.678049943,0.989910854,5.316788604,1,32.40103016,0.6348,13.15163837,8.011634015,5.316788604,49.07363545,0.085780886
TOX-2349,1,10.95210655,5.023810616,1.350277504,14.54527207,5.691806555,2.269107581,3.228677735,15.59112026,0.220057948,2.437593169,3.267172076,0.994935051,72.42609997,1,63.16220236,3.875,32.08476651,7.034245831,4.899909731,53.54234058,0.0
TOX-32746,0,10.46461245,6.015909182,0.291610811,14.54515337,5.854181286,7.006602628,4.034307171,14.5994027,0.412327171,2.441647344,3.769481513,0.540508322,9.974866016,0,0.0,1.6997,31.45640167,17.00212386,9.757711253,50.16909191,0.079431217
TOX-6432,0,10.31977333,6.022471181,0.298944568,14.54022034,5.699276177,7.014570538,4.043801402,14.70107602,0.418623304,2.440357637,3.768246362,0.644236396,0.0,0,24.26546827,0.0936,5.733667477,16.0131215,4.722094864,48.37481983,0.11302521
TOX-3973,1,10.3192859,6.022684048,0.300209317,14.54405316,5.693526471,7.014579086,4.042874573,14.70101886,0.309676032,2.43489148,3.768653794,0.642094058,17.14043553,1,44.13025726,0.5567,26.74406676,16.013355,10.21669833,49.3765504,0.068896321
TOX-62755,0,10.31205067,5.169794478,0.605196608,14.69093767,5.846381011,4.005266734,3.075478817,15.44417338,0.447021936,2.552373783,3.390638878,0.653189944,10.19736362,0,6.420821623,0.6827,5.733667477,16.00450237,10.19736362,51.07787318,0.116666667
TOX-3888,1,10.92893674,6.025402696,1.158409902,14.53782594,5.668287605,7.010462815,4.024021332,14.70178906,0.255753269,2.411906289,3.707766767,0.993519902,0.0,1,19.91384147,1.0289,7.109797541,8.027676334,0.0,47.53104991,0.083492823
TOX-52937,1,10.95381904,7.008749755,1.147750135,17.42901037,5.692134612,8.006151518,4.029777663,13.30309566,0.374645279,2.434906966,4.017076145,0.771226743,0.0,0,17.40891662,5.0165,0.0,17.00320525,0.0,44.68125761,0.0
TOX-20341,1,10.95382183,7.004120851,1.350425861,14.59482872,5.692525879,8.00193764,3.232118405,14.65155418,0.29844445,2.436270007,3.756986988,0.994936037,0.0,1,45.2600232,3.299,32.08476651,8.054611816,4.899909731,47.98121643,0.0
TOX-35805,0,10.9094532,6.03154959,1.137073197,14.54378058,5.648722561,7.011574397,4.024125666,14.70019271,0.216621256,2.393025422,3.718644075,0.9872569,5.316788604,0,33.77096891,5.29572,32.12298092,8.03400574,4.899909731,48.85939516,0.046478745
TOX-35732,1,10.94262563,6.009369159,1.051832657,14.54327986,5.682127427,6.003753662,4.122372981,14.70565109,0.207491914,2.427191166,3.681765556,0.988534435,31.7374884,1,94.72151886,4.8039,20.19931035,8.013253428,4.899909731,51.60562429,0.026975547
TOX-51735,0,10.33796082,6.023447539,0.622250823,14.55698035,5.770326221,7.009356599,3.193343281,14.69713923,0.256384739,2.507854685,3.703869144,0.654761782,19.00318713,0,31.4361401,3.8751,12.35973557,16.0020029,0.0,51.62013049,0.0
TOX-2369,1,10.92893886,6.025410547,1.157963081,14.53782725,5.668289729,7.010465712,4.024035005,14.70178883,0.257593827,2.411908439,3.70833225,0.993724785,0.0,1,12.99010427,0.0013,13.71667951,8.028246509,0.0,46.86802701,0.095336306
TOX-2718,1,10.95231087,7.004057307,1.160981881,17.4247717,5.692633581,8.001919451,4.024003773,13.3041207,0.279296209,2.436997913,4.009945478,0.774002152,4.899909731,1,67.76887518,4.4256,19.63426922,17.00110322,4.899909731,52.57084568,0.020132953
TOX-3562,0,10.25024926,6.021997525,0.536804491,13.64253793,5.811945458,7.008290165,3.037726847,14.70144413,0.334735162,2.552604218,3.713652759,0.561229818,0.0,0,19.26246487,2.7851,5.752853607,16.10101259,0.0,57.20395559,0.044017094
TOX-15059,0,10.46461633,6.011482684,0.291617444,14.54513115,5.890268323,7.006600977,4.034246294,14.70510719,0.430368421,2.442036094,3.704856833,0.540509044,5.087295063,0,0.0,1.4939,38.00115807,17.0021232,9.757711253,53.2409488,0.047828362
TOX-47631,1,10.94631589,6.028733999,1.231974724,14.54328231,5.685838733,7.008274599,3.201491984,14.70073768,0.229004111,2.430787803,3.714641971,0.987775273,23.95638107,1,86.65235925,4.5374,48.13558494,8.029590355,4.899909731,50.26782424,0.0
TOX-2740,1,10.97046949,6.021929983,1.266777467,14.69417267,5.705236705,7.008267964,3.287272512,14.70271721,0.273852179,2.44488801,3.701431344,0.987169681,18.94615621,0,18.05064018,3.2964,0.0,8.021955563,9.614079702,51.45262668,0.0
TOX-4049,0,10.25020181,6.030712636,0.537816404,14.54545778,5.819777319,7.015956262,3.133103866,14.69977294,0.308995997,2.55673676,3.725529917,0.559837344,21.26715442,2,12.84164325,-3.8768,24.59522003,16.10101874,21.26715442,44.99642912,0.162307692
TOX-30588,0,10.9548898,6.023213273,1.347932918,14.54027644,5.694399261,7.009368885,3.13581036,14.7006836,0.324588847,2.439742684,3.714008882,1.856744432,5.316788604,0,18.55355576,1.2812,6.544756406,8.029024082,5.316788604,48.68087067,0.068235294
TOX-2870,1,10.91306851,5.042241806,1.371655157,14.55330972,5.652744076,3.03645766,3.239261736,15.58726718,0.262221593,2.398710869,3.3088884,1.896086838,52.77376282,2,16.33589992,2.384,13.08951281,7.05906485,5.316788604,52.92521966,0.026470588
TOX-9956,1,10.9336625,4.256246799,1.3515799,14.53780331,5.673310912,4.00485302,3.258634444,15.59610003,0.220764375,2.419250085,3.221595136,0.988004537,55.45467375,1,28.69393367,3.8572,6.544756406,7.012139941,0.0,54.81868199,0.042222222
TOX-5132,1,10.45290206,7.001908527,0.293380076,17.42455304,5.778041522,8.001593095,4.02813968,13.3046991,0.332838642,2.425533891,4.009270197,0.518710106,0.0,0,12.33872767,3.23,6.664825604,15.01107746,0.0,49.10990117,0.0
TOX-30482,1,10.96003533,6.009809519,1.197009336,14.54023272,5.699532216,6.002602137,4.017044241,14.70583761,0.244524883,2.444123275,3.682251405,0.989907338,26.0880002,1,45.74558898,2.3722,26.3654023,8.013574234,5.316788604,49.20116124,0.044057971
TOX-38418,0,10.95391849,6.022014587,1.249179337,14.54139857,5.693531968,7.008271996,3.061822169,14.70241451,0.252824004,2.438945007,3.70215625,0.988712184,10.63357721,1,30.53782887,1.493,19.69639478,8.022268378,10.63357721,48.9605832,0.064909091
TOX-11796,0,10.31783731,6.024855639,0.300585138,14.64175238,5.655121308,7.019202539,4.046402775,14.69902446,0.346775268,2.398742649,3.787919838,0.643687221,10.52719892,0,35.90493987,1.992,5.425791397,16.01584354,0.0,43.54409278,0.068180708
TOX-62775,1,10.95441743,6.023225721,1.233704454,14.55287661,5.693037586,7.009359354,3.246679895,14.70177808,0.249028341,2.437229043,3.703715424,0.9872569,33.94806099,2,56.74138074,3.5083,42.94048036,8.023297872,14.78379798,50.17673088,0.016061828
TOX-7733,1,10.94363855,6.022000856,1.151489394,14.5432751,5.683301809,7.008269709,4.034776511,14.70251628,0.223449827,2.429076686,3.701505346,0.987886524,36.0891152,1,24.47146181,4.0626,26.30327674,8.022085681,4.899909731,52.91579561,0.0
TOX-4162,1,10.95400846,6.007978305,1.23929774,14.54022577,5.693622008,6.002601657,3.061786242,14.70588692,0.23712479,2.439024175,3.67859816,0.988934989,31.29699714,1,42.87655654,2.3934,26.3654023,8.011863779,5.316788604,49.98043223,0.043560606
TOX-13471,0,10.93507808,6.025721061,1.110914864,14.54474656,5.674585141,7.011553594,4.034152565,14.70178046,0.284939553,2.419244582,3.708667338,0.994936587,6.578935684,1,31.29826706,-1.0647,14.09534397,8.027217792,4.899909731,46.3772691,0.097368421
TOX-10356,1,10.95368821,7.00405696,1.343105908,17.42477159,5.69306107,8.001918817,3.137774026,13.30412094,0.277510137,2.43791165,4.009939728,1.857044728,14.78379798,1,49.36378044,3.0058,37.62369176,9.004066135,9.883888252,50.55700528,0.0
TOX-21981,0,10.33723186,5.081505654,0.628330308,14.57031183,5.699310152,4.008804925,4.024745949,15.5798053,0.264922311,2.437638461,3.35877525,0.660641331,19.96961893,10,76.22588535,2.2088,9.799819462,16.00200526,0.0,49.26790753,0.103276669
TOX-72674,0,10.2573133,6.011444966,0.250965125,13.63718906,5.887653369,7.006598757,4.029432425,14.70511005,0.360836116,2.430251759,3.704164377,0.450853128,0.0,0,6.9237372,3.6372,18.11258918,16.02174398,0.0,59.18284135,0.0
TOX-6031,0,10.95443878,7.004115714,1.475690657,14.5947364,5.693314226,8.001935628,3.147560711,14.6515552,0.434984971,2.437766063,3.756944043,2.777134205,0.0,0,6.066367068,1.293,0.0,8.054631389,0.0,38.72707241,0.052991453
TOX-38233,1,10.95389309,6.023375876,1.254352962,14.5462056,5.693485428,7.009361881,3.140294875,14.70177785,0.24332038,2.43805924,3.703987386,0.773990931,34.40480585,2,61.85096913,3.6137,52.92309238,17.00110419,20.43339667,51.29366642,0.027756892
TOX-72938,0,10.94032766,6.030170329,1.143491863,13.64738189,5.679869729,7.008279724,3.260457241,14.70030502,0.229454645,2.424787229,3.716904722,0.996623265,0.0,0,40.95582275,2.9944,41.33609886,8.032982195,0.0,47.95748379,0.024305556
TOX-30116,0,10.95433887,6.022034575,1.249179504,14.54066957,5.693743745,7.008274159,3.134737228,14.70241286,0.2914538,2.438493103,3.702265955,0.988941989,5.316788604,1,24.26546827,0.5232,13.15163837,8.022277443,5.316788604,48.16612657,0.104040404
TOX-14044,0,10.925469,6.025821889,1.389403214,13.64832913,5.665076551,7.011585813,3.262844581,14.69977294,0.271892034,2.410426693,3.720353938,2.79141021,0.0,0,58.69062053,2.446,0.0,8.034452674,0.0,42.80219046,0.086469534
TOX-37343,1,10.95319951,6.032121456,1.23940303,14.54523901,5.692560128,7.009369103,3.239750894,14.69976983,0.228053291,2.436211398,3.718852141,0.987200373,23.64729386,2,51.20245549,4.1728,83.05740595,8.03340928,9.799819462,48.21860869,0.0
TOX-1811,0,10.33782071,6.030282597,0.617314646,14.54388118,5.688587416,7.011553035,4.023092037,14.69977119,0.275979113,2.434039072,3.718244454,0.659353856,5.316788604,0,61.93302788,2.4962,0.0,16.00200505,10.21669833,50.37671001,0.03037323
TOX-36516,1,10.9432909,6.009838361,1.069001445,14.86030525,5.682783247,6.027394799,4.1210259,14.70617839,0.297794376,2.427755282,3.678385359,0.996964046,22.45834835,1,50.90553344,1.68648,13.59242839,8.011123637,4.899909731,48.0582925,0.043269231
TOX-12603,0,10.97368475,6.004929131,1.365957003,14.54784868,5.709521501,6.003804972,3.257267619,14.7059083,0.334023609,2.44939969,3.678454773,0.995523872,4.983978521,0,6.9237372,0.73432,7.109797541,8.011655686,4.983978521,47.42038044,0.081025641
TOX-44542,1,10.97138517,5.054992776,1.341182204,14.55484664,5.709472152,2.290864547,3.268259106,15.58490236,0.23842904,2.452094183,3.328860654,0.994028244,60.78199735,1,64.16803351,2.74192,20.64010037,7.06601802,9.300604337,52.27545311,0.0
TOX-35416,0,10.95950593,6.016707485,1.190448795,14.54349662,5.698029489,4.005255529,4.019012288,14.705109,0.289303205,2.441579687,3.690682384,0.995954487,4.899909731,1,12.13273414,1.4785,38.58170062,8.016978754,4.899909731,48.78856126,0.053634085
TOX-90510,1,10.94645831,6.028208493,1.252262767,14.54326999,5.686136215,7.008271836,3.194073646,14.70119015,0.252159926,2.431973499,3.714076807,1.893177916,4.899909731,1,11.12690298,2.6939,39.45491511,8.028925124,4.899909731,51.69428392,0.0
TOX-5574,1,10.4608217,6.022033929,0.293509221,13.65190325,5.887651839,7.007678734,4.035652711,14.70210385,0.314707129,2.445573031,3.732850995,0.540999329,0.0,0,27.6949488,3.3652,26.42752786,15.01312204,0.0,47.77950655,0.0
TOX-52327,0,10.33760343,6.027091304,0.622146438,14.78241363,5.693212917,7.01265653,3.271799135,14.70024647,0.318710097,2.438255336,3.716452968,0.654581747,31.14300773,0,40.61979755,-0.08558,11.50570721,16.00305062,40.72472039,45.86614949,0.065602837
TOX-3975,0,11.03978305,7.004060249,1.261581944,17.42476995,5.769683458,8.001918109,3.218192448,13.30412129,0.4301892,2.494204041,4.009978146,1.856351575,0.0,0,12.84164325,-0.0153,6.606881965,9.004064913,9.551078169,42.48890996,0.046734694
TOX-7490,0,10.919482,6.024807774,1.368110658,13.64379106,5.658883008,7.009381022,3.292476482,14.7004328,0.26813013,2.402752265,3.714973974,2.752027108,0.0,0,35.89528683,3.9686,0.0,8.029817947,0.0,45.64081979,0.040987654
TOX-8476,0,11.0360087,6.024937796,1.39651067,14.56527674,5.758122296,7.010465317,3.33117893,14.70045084,0.394396188,2.476223164,3.715352854,0.996026452,4.983978521,0,0.0,-1.4817,0.0,8.029621551,18.68527746,40.82843514,0.037472767
TOX-3942,1,10.96606918,6.02926422,1.117003237,14.54465056,5.70369644,7.010446296,4.03465723,14.70042998,0.323236245,2.444377527,3.715701053,0.995520595,5.316788604,1,6.9237372,-1.6512,20.26143591,8.030031517,10.21669833,45.13391551,0.107998084
TOX-42539,1,11.15242766,5.011318208,1.275765055,14.54455301,5.88149083,2.061748645,3.032167458,15.59159376,0.30335416,2.6071963,3.495862747,0.76707063,9.799819462,2,0.0,2.5456,62.78855222,17.00416464,9.799819462,56.19924029,0.0
TOX-16717,1,10.94798436,6.028517904,1.410377071,14.54373777,5.686757125,7.009355964,3.242843522,14.70063176,0.278224709,2.431215506,3.714852424,0.9872569,5.316788604,1,31.64306857,2.06192,32.06085536,8.029446558,4.899909731,49.04721362,0.026428571
TOX-1773,0,10.94469455,6.022154699,1.402373051,14.69232314,5.682035944,7.008292645,3.270551315,14.70114105,0.308965762,2.425192744,3.714219849,1.991069715,5.098681808,0,17.69618563,2.548,6.606881965,8.028904192,9.780484743,48.325357,0.024891775
TOX-9108,0,11.09645234,6.021973362,1.348545397,14.54395349,5.835622189,7.008265973,3.12297884,14.70271363,0.372828664,2.577053557,3.701884595,0.996970794,0.0,0,6.420821623,0.2386,13.59242839,8.022009322,4.899909731,47.19934796,0.0
TOX-20785,0,11.06665473,4.009998223,1.252840107,14.54063885,5.805987206,4.004847269,3.021914632,15.59408255,0.21953316,2.551390933,3.237259559,0.988914378,19.164263,2,44.81464013,1.7511,19.63426922,7.020114517,5.316788604,45.7940839,0.093333333
TOX-55183,1,10.95365474,6.030074948,1.172180815,14.54887028,5.693229437,7.014912356,3.223864923,14.70177764,0.22429533,2.438394859,3.717951993,0.987667501,33.50768022,0,62.22994992,-3.0908,19.69639478,8.03556085,36.38376248,46.83497713,0.099270456
TOX-26048,1,10.96017042,6.010144698,1.367420743,14.6909878,5.698773915,3.51122733,3.231475623,14.70681143,0.28835234,2.442519205,3.677500195,0.996022171,38.01113186,1,19.18040612,2.102,50.07418905,8.010162031,15.09727335,48.84497906,0.0
TOX-44520,1,10.96736814,6.029473704,1.059787749,13.65061605,5.707049314,7.009403523,4.119279488,14.69972475,0.200520607,2.452906788,3.720726338,0.994890432,26.84723171,0,98.70982135,0.6174,26.93044343,8.036313271,0.0,47.82277615,0.082141019
TOX-6564,0,11.04557676,5.033220514,1.777310734,14.69078237,5.780056999,3.063598075,2.302,15.44420708,0.482816804,2.520364766,3.384468127,2.781687226,10.19736362,0,6.066367068,0.4097,0.0,7.170234185,10.19736362,45.11253556,0.093333333
TOX-2181,0,10.96639764,6.02873226,1.143883766,13.64555819,5.706064097,7.009381525,3.200747256,14.69977134,0.223395833,2.451830825,3.717053598,0.987604141,12.99975731,0,43.09220311,2.4404,0.0,8.031646967,0.0,48.8935823,0.068104575
TOX-4454,0,11.24106059,7.004119192,1.601718436,14.67179752,5.939244688,8.001935359,3.131557507,14.65105489,0.488524737,2.629285432,3.75857504,0.99697383,10.38729225,3,0.0,-0.894,7.047671983,8.054978726,5.008912524,28.80557187,0.138333333
TOX-26120,1,10.9056135,6.029767067,1.16273388,13.64595477,5.645205051,7.008277059,3.327811857,14.70038092,0.243985056,2.390471469,3.716091932,0.996622473,0.0,0,35.21514398,3.0491,41.83901444,8.031694108,0.0,47.40740477,0.015405983
TOX-58216,1,10.96719982,6.029271492,1.061246134,13.64702815,5.706896436,7.010482967,4.119208258,14.69977074,0.194415397,2.452870926,3.719410027,0.991832669,47.6184433,0,110.5456334,7.4253,0.0,8.033244512,0.0,51.20719883,0.02452381
TOX-4025,0,11.03737805,6.022010563,1.127425774,13.64266355,5.776715872,7.00829127,4.02391275,14.701218,0.264013833,2.519990357,3.713766204,0.987989908,0.0,0,19.26246487,1.7924,0.0,8.028745423,0.0,47.93189043,0.076923077
TOX-67629,0,10.95897615,6.022101109,1.424124786,14.56421056,5.693811172,7.008280223,3.2199308,14.70269329,0.32906532,2.432084562,3.704082698,0.995953443,9.967957042,0,25.12283841,1.8697,0.0,8.022243581,14.36865165,45.47651426,0.02622807
TOX-16401,0,11.06075482,6.024587703,1.229084909,14.54634609,5.798785637,7.010444048,3.207471884,14.70178022,0.279952577,2.537769828,3.707056329,0.987937987,5.316788604,0,19.26246487,2.2039,0.0,8.024727524,10.21669833,48.43159732,0.028157895
TOX-56330,0,10.95379392,6.028212871,1.228881832,14.55834196,5.693368597,7.013757703,3.143040372,14.70018841,0.243007564,2.438648709,3.717158468,0.988602064,31.90073162,4,61.78456686,-1.02603,13.08951281,8.032135459,31.90073162,47.08552194,0.117435897
TOX-12957,1,10.33722233,6.028579652,0.62822276,14.54590278,5.692573432,7.008276057,3.239524421,14.7008443,0.26211294,2.433978322,3.714575126,0.660633793,58.0216688,2,49.38830668,5.8316,72.10472275,17.00110568,9.799819462,52.20727455,0.0
TOX-2845,1,10.33721439,5.009699639,0.628222248,14.54389876,5.685696208,2.266774651,3.230988128,15.59209446,0.229240179,2.42529644,3.25917718,0.660651886,60.47851826,1,62.03243642,5.015,20.13718479,16.00200397,4.899909731,56.74841467,0.0
TOX-29347,0,10.99330249,6.023487546,1.432713975,14.56002842,5.724411835,7.009378577,3.298001919,14.7006796,0.385111642,2.454257477,3.714619788,0.995953161,4.983978521,0,19.05647134,0.70112,0.0,8.029091881,9.384673127,43.77084575,0.037916667
TOX-54540,1,10.33728593,6.023098104,0.626200473,14.5478506,5.709762701,7.009354801,3.257362499,14.70179025,0.348945469,2.448648185,3.703345172,0.6553862,4.983978521,0,12.48718869,2.65502,0.0,16.00304565,4.983978521,54.24015728,0.030506823
TOX-27021,1,10.9595773,6.022557002,1.352975559,14.54462473,5.698187087,7.008272576,3.213781027,14.70222435,0.223502882,2.441669762,3.702994616,0.987157388,25.67112133,1,69.75601124,5.4167,57.50646321,8.022880998,4.899909731,50.08145612,0.0
TOX-3468,1,10.95312215,5.015789857,1.258763254,14.54022304,5.692583872,6.004916255,3.179520856,14.70714934,0.298153102,2.437041885,3.67238559,0.988944997,5.316788604,1,17.69618563,1.1292,6.544756406,8.008692181,5.316788604,48.31507635,0.122105263
TOX-48171,1,11.00419961,6.028991418,1.166620927,13.64427257,5.743801891,7.01044997,3.179482026,14.70035332,0.215179652,2.48910029,3.715427308,0.987761566,18.58433735,0,25.18037091,3.3786,7.109797541,8.030306988,0.0,49.1292608,0.036040044
TOX-10477,0,10.96397255,6.029739257,1.075901756,13.64686553,5.703491652,7.011556551,4.118284432,14.69977112,0.233379975,2.448181791,3.71859299,0.995024331,6.9237372,0,56.09196042,1.9733,6.606881965,8.032944054,0.0,49.31459509,0.048821549
TOX-5834,1,11.0110489,6.022000368,1.314098567,13.64254637,5.750748885,7.008291947,3.037410869,14.70144179,0.195426604,2.49674878,3.713677391,0.987935161,19.07577741,0,32.10410811,6.1085,0.0,8.028640992,0.0,49.62021365,0.022698413
TOX-13140,0,10.33767192,6.023299269,0.626680735,14.64025871,5.699559215,7.009360167,3.23707756,14.70177848,0.274538225,2.443324494,3.704416814,0.656190155,0.0,0,48.57187764,4.78,15.77067865,16.00200393,0.0,52.70796908,0.0
TOX-23988,1,10.94904208,6.022119685,1.276729971,14.5469687,5.688562835,7.008270934,3.243176197,14.70250821,0.243015369,2.433965677,3.70209528,0.988008938,10.21669833,1,63.1867286,4.1377,38.10269619,8.022157505,9.799819462,51.41327035,0.017159278
TOX-3883,0,11.01342971,6.023451499,1.253223388,14.54335649,5.752202594,7.009369815,3.216713207,14.70057736,0.383527693,2.494801241,3.714369228,1.984657914,0.0,0,6.076020107,-1.0956,6.606881965,8.02937907,4.899909731,42.4364187,0.087797619
TOX-12967,0,10.95392151,7.004123241,1.173304089,14.59478897,5.692877482,8.001940548,3.1630471,14.65148012,0.35454611,2.437798267,3.757402002,0.767911975,5.316788604,0,17.69618563,1.3247,6.606881965,17.00320486,5.316788604,44.98639605,0.070758377
TOX-28633,0,10.94716399,6.023262979,1.304718089,14.54334411,5.685947208,7.009372515,3.254118092,14.70068314,0.284374088,2.430706266,3.714075974,0.77399711,0.0,0,55.66066728,4.46844,11.44466614,17.00110302,0.0,52.16404375,0.021642857
TOX-54895,1,10.95191548,6.028556821,1.350476162,14.54587902,5.691155463,7.009359283,3.239796623,14.70068357,0.265087579,2.435750415,3.714931923,0.987810162,11.38315567,1,63.1867286,3.5799,37.46368067,8.029267166,4.899909731,50.19444235,0.018915344
TOX-13957,0,10.94855973,6.028554087,1.218909888,13.64480446,5.688109391,7.00937237,3.22237498,14.69977133,0.248898359,2.433012307,3.716629509,0.987172098,13.8474744,0,24.47146181,3.758,6.606881965,8.030962248,0.0,50.33612449,0.026349206
TOX-2914,0,10.93472978,5.009715587,1.417386893,14.54389507,5.67418577,4.061713501,3.057006996,15.59209601,0.257862771,2.41987595,3.259680249,0.996967897,22.95307819,1,12.61112347,1.7516,13.59242839,7.031464769,4.899909731,54.03549751,0.0
TOX-11181,1,10.93481814,6.033554431,1.065192849,14.54922369,5.674177697,7.011722507,4.055471716,14.69967889,0.219993858,2.419620224,3.722640418,0.987219212,20.85016505,2,74.24722931,3.5175,58.95308438,8.035808858,14.78379798,49.76263534,0.026402116
TOX-2591,1,10.95440303,6.022018063,1.381850635,14.5465624,5.692906924,7.008269598,3.252694576,14.70270976,0.262620935,2.436830584,3.701973957,0.994278751,15.86618653,1,38.36081224,2.9763,44.03234822,8.022023955,4.899909731,51.45596852,0.0
TOX-18192,0,11.14577791,6.042950721,1.43566205,14.66037924,5.881258341,7.011388974,3.046531358,14.66257881,0.403231523,2.607800117,3.738456882,0.987939279,10.02274767,0,6.9237372,0.1627,20.19931035,8.042978433,5.008912524,41.34666896,0.0
TOX-9807,1,10.33723055,5.023885597,0.628231362,14.54457799,5.697955604,2.268848727,3.231108785,15.59159037,0.241393253,2.434812643,3.269072711,0.660648784,79.10196761,1,44.27871829,5.0196,24.53417895,16.00200398,4.899909731,55.47820299,0.0
TOX-113362,0,10.32463783,6.023480469,0.408098305,14.64026125,5.699559215,7.010058013,3.237244294,14.70177848,0.283095327,2.443002203,3.714759677,0.648011338,0.0,0,42.81902403,3.7955,15.77067865,16.00751137,0.0,51.64367292,0.0
TOX-56479,1,10.94839514,6.02337664,1.351973879,14.54519637,5.687334399,7.009358534,3.245445208,14.70179192,0.255135166,2.431746532,3.704685467,0.987162441,30.98790993,1,37.70943564,2.8364,38.04057063,8.023390497,9.799819462,49.85617186,0.021618357
TOX-30580,0,10.43168906,6.022082299,0.282857987,14.54962703,5.685579045,7.008799244,4.027579656,14.70243655,0.319502315,2.385195343,3.7022662,0.49332674,4.992404733,0,31.52875241,4.1042,31.06016216,17.00110348,0.0,53.35275276,0.0
TOX-34590,1,11.04168637,6.02807672,1.148228207,13.6426492,5.781282829,7.008268451,4.018968276,14.70147004,0.298872833,2.526487441,3.713906929,0.987815433,13.8474744,0,6.420821623,1.3496,6.606881965,8.028755603,0.0,48.51636829,0.0
TOX-4437,0,11.23800651,6.014692602,1.814777885,14.5445806,5.958909344,7.008810405,3.022017555,14.70271491,0.432667893,2.662520361,3.701313935,0.99495404,0.0,0,0.0,-0.2956,14.09534397,8.021943637,4.899909731,43.01133003,0.0
TOX-33902,0,10.46530137,6.008172827,0.289685386,14.56934267,5.755422781,7.006602318,4.03913133,14.70567987,0.327458708,2.432112384,3.693977828,0.540742942,19.71484675,0,0.0,0.0024,45.17427932,15.01004492,28.85986759,46.77972099,0.02483531
TOX-1311,0,10.93672116,6.022011249,1.35889073,14.54803681,5.675734949,7.00827008,3.241158815,14.70249301,0.302521778,2.420475836,3.70207965,0.995525407,10.30076712,0,30.18337432,1.8551,13.65455395,8.022166559,10.30076712,49.8214899,0.056553148
TOX-8509,1,10.94554341,6.028771235,1.299667161,14.54092234,5.685776568,7.008270598,3.197120476,14.70146237,0.359807595,2.429935777,3.714672084,0.774000188,5.316788604,0,37.10711152,2.67504,7.047671983,17.00110204,5.316788604,51.45079146,0.039138322
TOX-15632,0,10.44158457,6.009256096,0.285351449,13.64458089,5.997776658,7.00771665,4.033694033,14.70229246,0.436558747,2.402999948,3.717211166,0.529342889,0.0,0,0.0,-0.7007,5.902998432,15.01308995,0.0,44.40097665,0.266666667
TOX-2461,0,11.04106699,6.024516149,1.151078263,14.54451596,5.778930633,7.010441203,4.029808184,14.70178023,0.364541584,2.518216787,3.70697092,0.9872569,10.63357721,0,12.84164325,0.1588,0.0,8.024712645,10.63357721,45.20955901,0.085128205
TOX-30487,1,10.95354492,6.005847834,1.242289409,14.54021977,5.693240527,6.002602428,3.062788032,14.70630518,0.219931373,2.439210053,3.676845422,0.988908342,67.69519955,1,36.43120868,3.4635,19.69639478,8.010500165,5.316788604,52.26026959,0.035358025
TOX-4098,0,10.93327273,6.024506031,1.254031457,14.54816701,5.670148653,7.010463216,3.241577684,14.70046612,0.320248422,2.412077935,3.714728585,0.77400439,10.30076712,0,35.89528683,2.6072,0.0,17.00110325,10.30076712,47.84067229,0.059492232
TOX-70040,1,10.94267312,6.028555051,1.434113403,14.54448458,5.682123187,7.009358987,3.239915087,14.70068362,0.279158388,2.427782661,3.714926661,0.987927038,10.63357721,1,43.29741337,3.6229,30.41600869,8.029265421,5.316788604,49.66168529,0.038186813
TOX-2018,0,10.43534752,6.0220122,1.00403796,14.53782106,5.692506368,7.008291388,3.275314253,14.70144164,0.376580905,2.421479479,3.713692275,0.151461878,67.77261188,0,92.24407369,3.7359,5.733667477,53.00226771,0.0,80.31645435,0.070630252
TOX-73596,0,11.0747409,6.025430337,1.152451585,13.6662597,5.813414167,6.023982922,3.223726519,14.70419331,0.210988236,2.552053426,3.728943995,1.985271316,0.0,0,0.0,-15.2306,46.24817375,8.050998537,0.0,42.43416791,0.16038961
TOX-55462,1,10.94433671,5.055119096,1.24832149,14.55800544,5.683986269,4.005311436,3.23804548,15.58564651,0.263713388,2.429906071,3.326308264,1.986557548,58.42325101,3,29.17754317,2.4668,11.44466614,7.070784789,0.0,51.68029826,0.044110276
TOX-8687,0,10.95391924,7.004115704,1.201185424,14.5947705,5.692871994,8.001935631,3.161063351,14.651558,0.364794918,2.437789551,3.756867857,1.98594742,0.0,1,17.69618563,-0.0522,6.606881965,8.05454284,0.0,44.4766164,0.138479532
TOX-21255,1,10.95306583,6.021915366,1.249215445,14.54131382,5.691853541,7.008271142,3.1317893,14.70270963,0.264913533,2.436754427,3.701983342,0.995953454,5.316788604,0,48.2340145,2.661,11.46733495,8.022030561,5.316788604,51.1936114,0.094932845
TOX-29348,0,11.04053474,6.0221873,1.250799079,14.55752495,5.770223195,7.008276981,3.251456355,14.70269577,0.331611445,2.495092252,3.704108322,0.993938638,11.90771572,0,19.76538045,1.1406,0.0,8.022238165,9.551078169,49.45226262,0.0
TOX-76899,0,10.32257136,6.009080822,0.409698174,14.55650274,5.693291074,7.006718901,3.216681827,14.70505656,0.350232368,2.434690613,3.714391658,0.623400818,14.95193556,0,24.26546827,2.3709,13.36556672,16.00771976,14.95193556,49.8839646,0.026190476
TOX-30067,0,10.95472683,6.022013844,1.249179416,14.54139721,5.694230643,7.008271584,3.061945023,14.70241465,0.269831805,2.439495609,3.702151292,0.988714322,10.63357721,1,17.69618563,1.0604,13.15163837,8.022266452,10.63357721,48.6444489,0.072391304
TOX-45500,0,10.31320955,6.023234766,0.625012186,14.54442434,5.77290377,7.009355491,4.034567776,14.70178023,0.336513241,2.511440707,3.704093735,0.651360524,10.63357721,0,23.8886331,1.3029,11.50570721,16.00480036,10.63357721,54.13500172,0.059855521
TOX-52208,1,10.95881427,5.06664058,1.290996554,14.56086925,5.699144694,4.005282084,3.263284682,15.58403863,0.377462252,2.440024417,3.495525827,0.773083371,4.983978521,0,19.05647134,3.06972,5.733667477,17.00212386,9.551078169,50.68585131,0.067226891
TOX-77761,0,10.32586808,6.025987627,0.304859247,13.6600579,5.742337539,7.016953899,4.040588377,14.69784722,0.245780419,2.488107216,3.795518941,0.644789584,20.7712116,0,104.1248118,4.1321,0.0,16.01493733,0.0,50.00110683,0.048290598
TOX-45621,0,11.09645224,6.024405179,1.290830931,14.54438311,5.835620231,7.010436946,3.125385769,14.70177777,0.310788704,2.576944665,3.705321385,0.988941722,10.63357721,0,20.26829602,-0.7504,19.63426922,8.024528478,15.53348694,45.90841739,0.06377709
TOX-1662,1,10.97119843,6.028743867,1.132936586,14.54327542,5.710801289,7.008270424,4.029905448,14.70146715,0.292166853,2.456254714,3.714111766,1.837085739,17.05194994,1,19.38639965,1.405,6.544756406,8.028784505,4.899909731,51.12385506,0.0
TOX-76620,0,10.47855557,6.004352509,0.401323603,14.54506185,5.854206198,6.002599822,3.119193742,14.7068187,0.401945082,2.475675048,3.674556039,0.548567116,5.087295063,0,0.0,1.3212,31.45640167,17.00212334,9.757711253,53.26416033,0.081292517
TOX-41737,0,11.06969906,6.030489527,1.314082429,13.6452147,5.809310833,7.009360514,3.042876387,14.69976983,0.195711399,2.554449233,3.716953132,0.98714361,13.8474744,0,12.84164325,6.3708,26.42752786,8.031363364,0.0,48.33197782,0.0
TOX-43133,0,11.09645224,6.024394936,1.348372766,14.5441523,5.835620235,7.010437432,3.125319183,14.70177605,0.364276027,2.576951499,3.705355978,1.857177362,5.316788604,0,6.420821623,-1.7897,19.63426922,8.024530304,10.21669833,43.9165552,0.114705882
TOX-21219,1,10.94696364,7.004061667,1.304301453,17.42477221,5.685301698,8.001919254,3.244582931,13.30412058,0.287595319,2.428216937,4.009949481,0.773996265,23.73978886,1,43.42134815,4.0049,37.62369176,17.00110332,4.899909731,51.71465734,0.0
TOX-4174,0,10.33742629,6.024395538,0.624891284,14.54028243,5.8321775,7.010449347,3.125319775,14.70047271,0.410417289,2.568532598,3.714410251,0.651685642,5.316788604,0,6.420821623,-0.0475,17.25856082,16.0030442,5.316788604,51.56938503,0.078431373
TOX-5790,0,11.093872,6.005003077,1.352933991,13.62699492,5.83348367,6.00269142,2.184326842,14.70630617,0.278212705,2.578790273,3.676582697,0.987941778,6.9237372,0,6.420821623,0.7954,19.82064589,8.010457225,0.0,44.75332667,0.065740741
TOX-53155,1,10.95333198,6.010083409,1.248851233,14.5402273,5.69283979,6.002602844,3.180747125,14.70549059,0.248301833,2.437615456,3.683248744,0.993589327,12.2405258,1,43.17347859,2.6643,27.37123345,8.014148468,5.316788604,50.49886621,0.039901235
TOX-36485,1,10.95868504,6.007551068,1.197009577,14.54022961,5.699917609,6.002600456,4.017039968,14.70630461,0.310939069,2.441693295,3.6772745,0.773072282,5.316788604,1,32.90394574,3.1212,13.15163837,17.00212427,5.316788604,53.43335326,0.058359788
TOX-71644,0,10.94564293,7.004066133,1.241146197,17.42477221,5.683542392,8.001920198,3.295427891,13.30411958,0.290345143,2.426590844,4.009959161,0.99358355,12.2405258,1,38.31893621,1.79812,35.97884509,9.004068951,5.316788604,48.69834874,0.041248038
TOX-7310,0,10.31139086,6.022152099,0.60483183,14.55775168,5.75403297,7.008277623,3.264991697,14.7025353,0.348170943,2.486615161,3.704613747,0.653176015,9.967957042,0,13.8474744,0.48194,12.34054944,16.0045049,14.53505669,49.56294783,0.078947368
TOX-3060,0,10.31186601,6.024090828,0.290619416,14.75106095,5.805189633,7.015026258,4.128497818,14.69997187,0.400947054,2.533415939,3.767341522,0.642963563,10.3120669,0,6.9237372,-1.5232,0.0,16.01301172,19.89377957,43.72366857,0.032619048
TOX-42899,0,10.31322351,6.023236264,1.107011676,14.54442531,5.768582275,7.009355916,4.039275356,14.70178023,0.305268213,2.509091455,3.704099025,0.653462852,17.55731441,0,43.3161504,1.74,0.0,16.00441176,10.63357721,51.99467587,0.054444444
TOX-72477,0,10.97301051,6.031392638,1.132811128,14.54457302,5.712630765,7.010689157,4.023034701,14.70015159,0.19923323,2.458035656,3.719748936,0.987502436,0.0,1,73.54959936,1.8335,34.92182101,8.036623021,4.899909731,47.4052192,0.04419535
TOX-12363,1,10.94306804,5.009385358,1.160772826,14.54453111,5.682764259,2.281658564,4.030083496,15.59167451,0.212648738,2.428759379,3.261800686,0.994937779,85.74459753,1,43.75127647,3.9512,20.64010037,7.03332012,4.899909731,54.97145201,0.0
TOX-3203,0,10.95397579,6.022003294,1.291473433,14.54024673,5.692605398,7.008291963,3.230778923,14.7014408,0.352225781,2.436439767,3.713713818,0.773083371,5.316788604,0,23.7625527,4.3641,5.316788604,17.00212467,0.0,50.68834513,0.054660461
TOX-40082,1,10.95454072,6.023203643,1.153922249,14.54453567,5.69422548,7.009357492,4.029863391,14.70178373,0.225771758,2.44020549,3.703474973,0.987219299,29.165378,1,36.9586505,4.486,24.53417895,8.023256576,4.899909731,52.36185365,0.0
TOX-4160,0,10.33782269,6.036910499,0.617315956,14.54424649,5.693902498,7.011538084,4.023085931,14.69894187,0.294024816,2.439597437,3.728771826,0.659351225,10.05365156,1,26.33466309,1.2958,6.606881965,16.00200476,10.21669833,48.5503853,0.052589286
TOX-9084,0,10.346624,6.028088094,1.192699637,14.53780797,5.846813333,7.008268518,3.12289209,14.70146843,0.402310877,2.574228474,3.713916153,0.5472056,17.3656521,1,6.9237372,-0.1934,12.35973557,16.00121099,0.0,50.11041654,0.161111111
TOX-13085,1,10.94224748,5.023822966,1.30389651,14.54527528,5.68240621,2.244818466,3.230527339,15.59112024,0.266491081,2.427401907,3.494578119,0.773071803,48.17993778,1,62.45329325,5.567,32.08476651,17.00212516,4.899909731,55.28378171,0.0
TOX-4078,0,10.94327635,6.022076153,1.071432066,14.5432757,5.682770845,7.008271068,4.121027239,14.70233184,0.267807199,2.427731669,3.702174356,1.89527481,11.47884541,1,30.89228343,1.3014,13.08951281,8.022459704,4.899909731,50.38905496,0.041880342
TOX-34270,0,10.4353455,6.025710521,1.003545604,14.54488296,5.687531754,7.011542596,3.321829442,14.70034559,0.380367109,2.416407753,3.715090401,0.151462965,10.63357721,0,67.77261188,1.975,25.95688898,53.00226824,10.21669833,66.69721448,0.061306122
TOX-66176,0,10.94679808,6.024843246,1.349813767,14.56003895,5.686227891,7.010468854,3.285004405,14.70040527,0.271669291,2.430377073,3.715008661,0.987847939,4.983978521,0,37.96448165,3.1514,0.0,8.030013529,9.384673127,48.59958526,0.034799609
TOX-2844,0,10.31169133,6.019709946,0.29510115,14.53710254,5.687533368,7.016338678,4.045289943,14.70023786,0.379613929,2.426682041,3.771047689,0.63967014,0.0,0,36.9586505,0.36232,5.752853607,16.01434764,0.0,52.21233799,0.066873065
TOX-109483,1,10.9603596,6.028211615,1.385152895,14.54453791,5.698283059,7.008272126,3.194061783,14.70145803,0.254020192,2.441981125,3.714582591,0.9872569,18.74738413,1,37.35498109,4.3031,31.14106091,8.028857106,4.899909731,51.48977552,0.0
TOX-38225,1,10.95390021,6.023369423,1.254355478,14.54428556,5.693486948,7.00935977,3.139748356,14.70177785,0.239397954,2.438848669,3.703933686,0.987935557,15.53348694,1,62.18089745,3.0285,32.78590759,8.023529473,15.53348694,50.8762236,0.031085044
TOX-39260,1,10.92906856,6.025072431,1.15841006,14.53782422,5.668439353,7.010461177,4.024018311,14.70178906,0.258773317,2.412188055,3.70719229,0.993596632,0.0,1,13.8474744,1.0203,0.0,8.027030259,0.0,47.80621278,0.086111111
TOX-6157,1,10.29257705,6.014563368,0.271890922,13.64185748,5.887652472,7.006601551,4.029434968,14.70468294,0.330396742,2.441083243,3.71407728,0.4864671,6.9237372,0,30.9820528,3.6538,30.47232475,16.01112616,0.0,56.26244414,0.0
TOX-42885,0,11.03789501,6.024517982,1.126091833,14.54451676,5.775926949,7.010441756,4.034567867,14.70178023,0.35927629,2.515760702,3.706980759,0.993936491,10.63357721,0,18.75954929,0.1588,0.0,8.024714978,10.63357721,46.02140531,0.077678571
TOX-2430,0,10.9102823,6.024586388,1.365599324,14.54338914,5.649742149,7.010455279,3.294565201,14.70046626,0.332627554,2.395122658,3.714633605,1.991658693,0.0,0,17.51895835,1.5204,6.544756406,8.029536911,4.899909731,44.07394395,0.029122807
TOX-31244,0,11.03968399,6.021978774,1.145582219,14.54332609,5.779087426,7.008269346,3.177401611,14.70255214,0.228279477,2.524581756,3.701969669,0.987821744,13.8474744,0,49.35491068,2.6797,19.69639478,8.022105181,4.899909731,49.35480171,0.025087719
TOX-6184,0,11.05734708,6.013545817,1.114400364,14.56015181,5.794650385,6.01008823,4.028778141,14.70419145,0.270595874,2.534419459,3.697150991,0.993600924,15.95036581,7,13.97140918,-7.94836,20.26143591,8.023912587,15.95036581,42.0848709,0.20877193
TOX-45531,0,10.3379777,6.024522152,0.622123114,14.54452034,5.778786627,7.010444845,4.034565864,14.70178023,0.303613058,2.514527798,3.707015537,0.654889915,17.55731441,0,18.59449685,2.0607,5.752853607,16.00200256,10.63357721,50.42231356,0.05497076
TOX-11239,1,10.3362939,6.022134911,0.621015749,13.6427065,5.693844689,7.00829245,3.134715544,14.70117255,0.334807889,2.438671449,3.713851252,0.251438449,31.8598878,0,24.26546827,4.3884,34.52562208,35.0014262,0.0,61.86856287,0.024603175
TOX-11961,1,10.95440508,6.022017452,1.304363391,14.54589145,5.692955773,7.008269582,3.231350328,14.70270977,0.298654533,2.43687155,3.701981748,0.773997845,10.21669833,1,44.42717931,3.6054,37.40155511,17.00110281,4.899909731,51.90925628,0.022633164
TOX-2112,1,11.15402489,5.009682317,1.276504251,14.54389406,5.889257479,2.128074213,3.025752007,15.59209681,0.359893574,2.617858414,3.493019643,0.767070867,4.899909731,1,7.047671983,1.3958,31.89719168,17.00212121,4.899909731,55.41307877,0.0
TOX-6038,1,10.20091627,7.004118101,0.259944832,14.59474056,5.691708829,8.00193535,4.029453446,14.65153901,0.409727,2.409595603,3.756995591,0.39055915,0.0,0,19.05647134,2.79932,14.21959508,16.04247279,0.0,50.1807148,0.0
TOX-20649,0,10.99330309,6.028618128,1.432543109,14.56003012,5.724416697,7.009364321,3.298076354,14.70068728,0.341332814,2.454279943,3.71489045,0.987929348,4.983978521,0,25.98020854,1.17962,6.606881965,8.029235151,9.384673127,47.17474058,0.0
TOX-1683,0,10.34662403,6.023195913,1.192260189,14.54028049,5.846703707,7.00936713,3.123379212,14.70068342,0.443767729,2.573029345,3.714049854,0.547205818,17.94557775,0,0.0,-0.4945,5.752853607,16.00121113,5.316788604,48.65860873,0.160769231
TOX-18024,0,10.3118899,5.053493792,0.610238719,14.554302,5.692195799,3.053208647,3.144260941,15.58688133,0.290145271,2.437061847,3.321111065,0.650343529,22.10911739,0,5.563451492,4.5607,0.0,16.00450286,4.983978521,53.16148252,0.0
TOX-21889,1,10.94623145,6.022151184,1.178665703,14.54488516,5.685839353,7.008270318,4.03475344,14.70248398,0.246437232,2.431385688,3.702489409,0.987810581,5.316788604,1,32.14598415,2.6445,33.79173874,8.022271794,10.21669833,51.60129515,0.019888889
TOX-33285,0,10.31746328,6.021366244,0.291559264,14.54514037,5.847562135,7.014496563,4.038567582,14.7006183,0.376232964,2.441668931,3.778694154,0.540503307,5.087295063,0,13.34455882,1.0099,38.37692381,17.00110345,9.757711253,50.4667839,0.034172932
TOX-40202,1,10.96736828,6.02894598,1.059787872,13.6474938,5.707049458,7.009392751,4.119247712,14.69972528,0.202300999,2.452906972,3.718621994,0.994890432,26.84723171,0,98.70982135,2.7932,20.32356147,8.033448171,0.0,48.91149523,0.065596146
TOX-4081,0,10.98816426,7.004131496,1.392984264,14.60165123,5.723637485,8.001936307,3.13581036,14.64234985,0.406718044,2.46327579,3.77215281,1.896461651,15.13835571,0,12.13273414,0.0197,13.15163837,8.064861647,10.30076712,41.02972147,0.042777778
TOX-24001,0,10.99837841,7.004052591,1.513748042,14.76009586,5.732451657,8.001915855,3.073605703,14.69670417,0.379550308,2.470744136,3.681859773,0.994950827,10.33750304,0,6.066367068,0.8803,14.09534397,8.01227153,5.008912524,44.52685965,0.0
TOX-31296,1,10.93081705,6.038778095,1.197011244,14.54023257,5.670143307,7.008284259,4.017046089,14.69791967,0.265462292,2.41343656,3.735068047,0.989516685,5.316788604,1,45.39113443,2.22922,13.15163837,8.038971579,5.316788604,49.7679586,0.046464646
TOX-67474,0,11.03600844,6.023851274,1.244461496,14.5672269,5.7581249,7.009376832,3.33786708,14.70177583,0.271372707,2.476234074,3.709452452,0.987200394,29.04815126,1,19.51033443,-0.0417,31.55793979,8.024030207,23.5851872,46.14501731,0.041483516
TOX-8441,1,10.96733602,6.022234713,1.061362579,13.64313158,5.707019595,7.009682404,4.119201057,14.70063816,0.190732318,2.452895377,3.71416601,0.99190351,40.69470611,0,103.6218962,6.4126,0.0,8.029183718,0.0,51.5881199,0.027233115
TOX-1918,1,10.95820107,6.023526716,1.231140268,14.5608369,5.694691498,7.009371519,3.284090984,14.70173061,0.28641577,2.43417733,3.707548113,0.774001312,14.86786677,1,56.13905662,3.3532,19.63426922,17.00110362,24.00206607,50.22164665,0.033789683
TOX-4036,0,10.30204124,5.016635129,1.166831649,14.54327357,5.880099705,2.07937047,3.122677198,15.59251591,0.359893574,2.575604523,3.265532067,0.551721651,26.47626355,0,13.8474744,1.5429,13.08951281,16.00648518,4.899909731,60.20920585,0.057407407
TOX-13307,0,10.31977155,6.017801027,0.298942346,14.55900696,5.700840178,7.014206694,4.043808541,14.70161452,0.375964016,2.442874252,3.768211931,0.644236818,14.69005191,0,12.13273414,0.6485,17.93585879,16.01312225,9.967957042,47.1479085,0.056969697
TOX-48556,1,10.96037309,7.004119152,1.249329631,14.59481721,5.698388666,8.001936895,3.137341835,14.65155573,0.293982808,2.442268542,3.756927375,1.895215631,10.63357721,1,18.19910121,2.0362,31.55793979,8.054570202,5.316788604,48.06256398,0.064197531
TOX-57455,0,10.33821136,6.023278562,0.625116404,14.543325,5.68802305,7.009369091,3.228111899,14.70068353,0.37014218,2.432845862,3.714103253,0.651800966,0.0,0,12.13273414,1.5313,18.1743984,16.00200193,4.899909731,50.68015512,0.034436275
TOX-38407,0,10.4353455,6.025686594,1.003544917,14.54284462,5.687533971,7.011542873,3.320993134,14.70034556,0.380367109,2.416421086,3.715099546,0.151462965,15.95036581,0,74.69634908,2.0213,12.36446059,53.00226824,10.63357721,66.69721448,0.078922824
TOX-74970,0,10.95873464,7.004116555,1.442956377,14.59503676,5.69378778,8.001935396,3.19742466,14.65159159,0.404668204,2.434164409,3.756820539,2.828932245,15.28474565,3,6.066367068,0.77647,5.316788604,8.054438448,9.967957042,38.74514009,0.153769841
TOX-26336,0,10.98291613,5.012299077,1.058580101,14.54327449,5.7225112,6.00365633,4.049681322,14.70720222,0.215416094,2.467823047,3.668986992,0.987918337,25.32631981,1,66.88776208,2.821,13.08951281,8.007228409,4.899909731,51.82179899,0.035358025
TOX-7887,1,11.07642111,5.009916471,1.160664089,14.54135635,5.814796719,6.005838047,3.171609588,14.70714648,0.326715929,2.55506082,3.67389775,0.767070712,10.63357721,2,0.0,-1.9132,37.93903251,17.00212329,10.63357721,47.77335514,0.172751323
TOX-19691,0,11.02926724,5.182121844,1.43818769,14.69536975,5.760158364,3.070920406,3.250904756,15.44193825,0.297367118,2.491480969,3.424239105,0.9872569,33.81402298,0,20.7712116,1.27892,17.98942254,7.188353386,19.58203674,47.27171693,0.0
TOX-36397,0,11.03606356,6.02927945,1.367117856,14.5668973,5.758494812,7.010456583,3.319274834,14.70044755,0.320395014,2.477076121,3.71622796,0.987870699,9.967957042,0,6.9237372,-0.7612,37.68581732,8.029871136,24.00206607,44.3179002,0.025111111
TOX-15016,0,10.95341422,5.006100076,1.254422503,14.54022115,5.693906635,6.0025994,3.201707616,14.70816336,0.306731722,2.437948881,3.667574327,0.774002584,5.316788604,1,6.066367068,2.3714,6.544756406,17.00110202,5.316788604,53.24296695,0.066539116
TOX-4154,0,11.04335981,6.022008512,1.203945407,14.53780251,5.782625984,7.008290085,3.122829353,14.70144268,0.307729587,2.526827257,3.713666702,1.881637592,0.0,1,38.14594894,0.8361,6.544756406,8.028632449,0.0,47.00729349,0.123376623
TOX-21153,1,10.98910086,6.033344621,1.060931906,13.65448093,5.728671031,7.00939507,4.120576862,14.6997695,0.196607026,2.473727733,3.723994591,0.993056768,6.9237372,0,106.7975038,0.6131,13.21376393,8.040029228,0.0,47.51362778,0.064646465
TOX-42889,0,11.02922499,6.024521696,1.105482617,14.54451906,5.767521034,7.01044373,4.039394972,14.70178023,0.304647524,2.508347387,3.707003772,0.992564793,24.48105161,0,23.67162418,0.8968,0.0,8.024721379,10.63357721,47.82919844,0.06130031
TOX-69834,0,10.93670166,6.021932049,1.225320938,14.55663781,5.675727674,7.008268861,3.277891724,14.70271562,0.279271254,2.420531836,3.701436431,0.996961674,16.03432411,0,25.32883194,2.8892,0.0,8.021959062,14.53505669,50.87083832,0.022438672
TOX-7581,0,10.46188931,6.011517596,0.297781036,14.54797972,5.709369786,7.006635147,4.027549654,14.70366631,0.391578114,2.448221756,3.723384652,0.540224133,9.507725683,1,6.9237372,0.16362,0.0,15.0111741,4.983978521,45.89778586,0.161210317
TOX-37929,1,10.95341422,5.006101243,1.197017716,14.54022706,5.693906555,6.002599673,4.017037123,14.7081632,0.290672539,2.437948424,3.667576589,0.773998464,26.0880002,1,26.83757867,2.7615,6.544756406,17.00110211,5.316788604,53.1899104,0.061587302
TOX-6589,0,10.93702391,4.268448398,1.263651586,14.54798137,5.676092862,4.00456162,3.240152793,15.58938045,0.272820614,2.4212192,3.293457861,0.993932101,23.18307973,1,24.97437738,2.0576,0.0,7.044972546,4.983978521,52.16527359,0.086538462
TOX-3923,0,10.4353455,6.024445476,1.003528404,14.54262207,5.68753237,7.010460041,3.321114567,14.70177756,0.33755754,2.416422908,3.70656887,0.151462965,15.95036581,0,74.69634908,-1.0143,31.74431646,53.00226863,10.63357721,62.95227653,0.125755248
TOX-2163,1,10.9461418,7.005149846,1.231114823,17.42581683,5.685640409,8.002963191,3.281671701,13.30315401,0.25048916,2.431171791,4.011231283,1.855980242,9.883888252,1,79.75314829,5.857,19.63426922,9.005165066,14.4509879,51.26715722,0.014953982
TOX-10031,1,10.95364787,6.023274867,1.26666546,14.54146316,5.693074918,7.009393543,3.215869439,14.69977294,0.295480657,2.438000926,3.716649352,1.895321098,10.63357721,2,12.13273414,1.2286,13.08951281,8.031271723,10.63357721,47.11779768,0.113942308
TOX-70036,1,10.95191548,6.028752892,1.294516673,14.54439079,5.691155463,7.009359734,3.239746026,14.70068355,0.257805194,2.43575049,3.714992004,0.987206253,16.69994428,1,62.55987824,4.0163,23.30621115,8.029277138,5.316788604,50.42671655,0.035
TOX-70039,1,10.95191548,6.028559132,1.350476155,14.54433974,5.691155413,7.009361915,3.239711637,14.70063279,0.264343145,2.4357489,3.715032342,0.988014447,10.63357721,1,49.09138463,2.9903,36.51997508,8.029416769,5.316788604,49.60272056,0.051293103
TOX-41294,1,10.95308978,5.012778266,1.160638009,14.54326594,5.692759728,6.002557803,4.023995114,14.70816232,0.209606492,2.438569507,3.66776712,0.988906924,30.88011827,1,56.67497846,4.1864,19.63426922,8.006108168,4.899909731,51.56362945,0.020707071
TOX-72310,0,10.43534549,6.024452208,1.003554639,14.54180147,5.687590323,7.010454706,3.320758736,14.70046963,0.422649604,2.416493119,3.714525277,0.151462965,10.63357721,0,67.77261188,2.5166,12.36446059,53.00226791,5.316788604,70.13725458,0.072639752
TOX-17778,1,10.96730889,6.033655805,1.059585551,13.6588163,5.70698911,7.010530255,4.119373509,14.69976245,0.193156306,2.452849802,3.729275353,0.991647407,26.84723171,0,92.79191531,-1.3211,26.42752786,8.044450951,0.0,47.10964411,0.089433132
TOX-39144,1,10.94329091,6.009840069,1.06899,14.8603068,5.682783276,6.027395642,4.121029585,14.70617836,0.28538387,2.427755366,3.678396498,1.893144171,21.98961205,1,43.85786146,2.24268,13.08951281,8.011126992,4.899909731,48.74582256,0.039285714
TOX-2715,0,10.31977098,6.018026171,0.298941891,14.55900823,5.700840178,7.014205577,4.043809464,14.70155904,0.358125426,2.442874247,3.768228511,0.644234832,14.69005191,0,12.13273414,1.3026,25.04565633,16.01312237,9.967957042,48.09597579,0.027994228
TOX-1292,0,11.07574497,6.028488737,1.164793415,13.64377329,5.814582919,7.009664522,3.187846769,14.70054682,0.363483742,2.554339968,3.715189093,2.82149694,4.736862954,0,0.0,-2.8066,0.0,8.02982394,0.0,40.12934154,0.156666667
TOX-6740,0,11.09814775,3.013359809,1.337562613,14.53886844,5.835895092,4.005936147,2.166217257,15.59514604,0.293625052,2.579113794,3.22273827,1.835895092,0.0,2,25.93115606,-0.316,13.08951281,7.013359809,0.0,41.40670363,0.213333333
TOX-4267,0,10.94949143,6.02224233,1.231747647,14.69238028,5.688484612,7.008279572,3.279493903,14.70269085,0.243126298,2.433366855,3.704374944,0.996961239,41.3117318,1,44.10573102,3.7009,20.13718479,8.022257018,14.68039447,52.22564214,0.017616334
TOX-2769,1,10.95250364,6.022508555,1.183385605,14.55817421,5.693657965,7.008273946,4.025136407,14.70220896,0.284329764,2.436145166,3.702698738,0.773085137,9.883888252,0,36.39820241,4.2058,44.29269928,17.00212806,14.4509879,50.69530672,0.0
TOX-56573,0,10.31178039,6.024936351,0.607530661,14.6902058,5.737151711,7.01046313,3.271007027,14.69664286,0.379985579,2.475061641,3.715086954,0.649716069,25.04340493,0,17.10559114,0.4582,24.34917223,16.00764943,24.78760193,46.51379044,0.071180556
TOX-28628,0,10.95402715,6.02344415,1.304718342,14.54334499,5.694189078,7.009372747,3.186410011,14.70061924,0.301840503,2.437885734,3.714216643,0.774000665,0.0,0,54.95175817,3.8602,18.55446368,17.00110304,0.0,50.54565229,0.022920635
TOX-2146,1,10.95273959,6.007551976,1.1970097,14.54022993,5.692340434,6.002601232,4.017042863,14.70630452,0.227690814,2.437656555,3.67720522,0.989908659,38.22073434,1,51.16057945,3.472,13.15163837,8.010531989,5.316788604,50.78330738,0.04278813
TOX-2083,1,10.95276148,6.022011902,1.142983953,14.54355311,5.692419891,7.008268415,4.035591706,14.70271109,0.254448521,2.438279685,3.701939497,0.9872569,12.13273414,1,38.29440997,1.7714,19.63426922,8.022019365,4.899909731,51.13186801,0.048703704
TOX-70027,1,10.95191548,6.028556736,1.350476152,14.54439158,5.691155464,7.009360116,3.239711637,14.70068344,0.251144988,2.435750515,3.714939717,0.987188039,23.62368148,1,62.05696266,4.408,29.91309311,8.029270287,5.316788604,50.61128795,0.033592881
TOX-35023,0,11.00360832,6.021917156,1.086662771,14.53781219,5.743177353,7.008269514,4.030633884,14.70255827,0.221652031,2.488694585,3.701455012,0.995019991,13.8474744,1,74.03236601,2.8963,0.0,8.02204377,0.0,50.79039978,0.058545455
TOX-19221,0,10.93168706,6.02812816,1.406698259,14.69114554,5.669811073,7.008271474,3.239098191,14.70145643,0.353546556,2.413537488,3.71455849,0.988019965,21.04894641,0,6.9237372,1.7028,12.03267336,8.028852772,15.62315501,45.65723823,0.061506708
TOX-15054,1,10.95145711,6.023226742,1.120121784,14.54368968,5.691095573,7.009360858,4.034631268,14.70179197,0.241539227,2.436901976,3.704511882,1.887726531,34.48216661,1,49.39678671,3.2732,13.08951281,8.023385966,10.21669833,52.30285868,0.017372134
TOX-32843,1,10.95753968,5.012925206,1.098751068,13.62559423,5.697234175,6.00473613,4.029184721,14.70716767,0.187481594,2.443196407,3.671456586,0.991943447,32.5784503,0,106.7975038,5.7047,0.0,8.008582054,0.0,51.36171442,0.043333333
TOX-35166,1,10.95310029,6.028206395,1.176543146,14.54326991,5.692785635,7.008271685,3.190201818,14.70119013,0.235539023,2.438676721,3.714071134,1.824526887,17.03264387,1,24.32300078,3.2259,39.45491511,8.02892456,4.899909731,51.01915517,0.0
TOX-43717,1,10.95257434,5.169243989,1.299331925,14.69163503,5.692077472,3.16813555,3.25235083,15.44420627,0.344040446,2.434702366,3.49587878,0.773076322,20.17374687,0,18.19910121,3.3201,0.0,17.00212508,19.74844179,44.19700385,0.0
TOX-56771,0,10.94852135,6.02452229,1.248231555,14.5437976,5.688006421,7.010475097,3.196219178,14.69977294,0.262440839,2.433712989,3.716995979,0.993944637,5.316788604,1,36.45573492,2.0886,0.0,8.031458734,10.21669833,49.684091,0.05040404
TOX-60944,0,11.08685352,5.009994118,1.321199149,14.54352393,5.824302896,4.00484551,3.029562248,15.59227507,0.26223827,2.566458619,3.256982052,1.826462124,4.899909731,2,25.93115606,0.431,26.17902562,7.029896869,4.899909731,46.04242057,0.088888889
TOX-44349,1,10.95454077,6.016478691,1.190451689,14.54390094,5.694225469,3.51602669,4.019014854,14.70612327,0.244324904,2.440205395,3.69035852,0.995393935,42.27941706,1,31.16467923,3.7386,20.13718479,8.016548221,4.899909731,52.4997459,0.0
TOX-30266,0,10.96019543,6.023999491,1.349257672,14.56143421,5.698894371,7.00937636,3.281020981,14.70177583,0.267058467,2.44301454,3.709421664,0.996026454,21.18297513,1,25.09831217,0.7168,56.59503431,8.024112082,14.03410903,48.31058996,0.01908867
TOX-65773,0,10.93177347,6.036656207,1.131793786,14.55061526,5.671222645,7.016111111,4.02476341,14.69999934,0.221137531,2.416095439,3.733824872,0.773958786,37.21752023,3,123.932458,-0.3097,13.65455395,17.00111188,37.21752023,46.87980985,0.107876835
TOX-78483,1,10.94830193,7.004126253,1.240426032,14.59483323,5.686948375,8.001940783,3.284630318,14.65151152,0.254855493,2.431348752,3.757305658,0.995027451,22.34943247,1,44.36077703,4.2104,20.19931035,8.054955773,10.21669833,49.34271846,0.014651494
TOX-20721,1,10.29254115,6.019020207,0.271888075,13.64745031,5.889486091,7.014488932,4.039146195,14.7008052,0.377329129,2.441072374,3.767141033,0.486462412,9.047494323,0,11.3817248,1.5552,31.4781559,16.01356745,0.0,53.78465972,0.0
TOX-1744,0,11.07934471,6.021996694,1.324171681,14.53780172,5.818423336,7.008289775,3.037389387,14.70144323,0.331187786,2.561557339,3.713642586,1.826268074,0.0,1,19.38639965,0.5901,6.544756406,8.028628871,0.0,44.62694945,0.153703704
TOX-64414,0,10.33767157,7.004062716,0.626575263,17.42477202,5.669570686,8.001920119,3.324006463,13.30411978,0.339751855,2.406955145,4.009956859,0.656192249,4.899909731,1,13.11403905,1.6963,43.87946094,16.0020037,9.467009379,49.29025604,0.022893773
TOX-19606,1,11.0874161,6.028209393,1.038020408,14.55780329,5.830007956,7.008270268,3.274030113,14.70146045,0.443068759,2.542356324,3.714673185,0.254950128,52.77381021,0,54.21065332,3.9554,6.606881965,35.0024352,9.551078169,60.27406171,0.0
TOX-39156,1,10.96003527,6.011458972,1.249283566,14.5414596,5.699532134,6.003662201,3.1818955,14.70584367,0.242256094,2.444123054,3.684775148,0.987234405,10.63357721,2,38.11294267,1.8428,52.60655348,8.015658622,10.63357721,48.86011839,0.063194444
TOX-43123,0,11.0299992,6.024619095,1.105048999,14.54677643,5.768287182,7.010443504,4.039348614,14.70178022,0.2914538,2.509024806,3.707079108,0.987200437,5.316788604,0,24.67745534,1.5272,7.047671983,8.024727223,10.21669833,48.16612657,0.030116959
TOX-57467,0,10.43558586,6.022057049,1.004913282,14.543738,5.692760258,7.008270721,3.270590285,14.70240266,0.30413825,2.431209817,3.702212822,0.152397244,17.14043553,1,60.65476082,2.2195,26.74406676,53.00025789,10.21669833,57.59187584,0.046613428
TOX-50862,0,10.94963086,6.023321134,1.374307805,14.54784942,5.686522666,6.00280473,3.291950629,14.70181427,0.345131174,2.42805369,3.711056281,0.987930156,4.983978521,0,13.8474744,2.24052,6.606881965,8.026918872,4.983978521,47.85092308,0.03952381
TOX-22273,0,11.05677268,6.022302438,1.131584806,14.55232624,5.79573317,7.008298943,3.210583997,14.70053506,0.299384703,2.536535594,3.714686037,0.993946358,5.316788604,3,13.34455882,-4.32803,0.0,8.03001604,5.316788604,42.48712696,0.197649573
TOX-74528,1,10.95437617,5.009379552,1.195375989,14.54452839,5.694196571,2.278532619,3.129548273,15.59167585,0.292028185,2.439874381,3.492047932,0.772318456,17.03264387,1,19.65879546,2.5281,20.64010037,17.0011014,4.899909731,55.0896554,0.0
TOX-7177,1,10.954865,6.028871362,1.051276518,14.5432905,5.694486202,7.008280052,4.048642604,14.70051046,0.225317658,2.439904132,3.715314627,0.987774152,11.82364693,1,31.01621821,0.0773,48.13558494,8.030544283,4.899909731,48.82245476,0.050008247
TOX-29803,0,11.01831453,6.023426965,1.250690517,14.55766697,5.749768653,7.009364836,3.279238955,14.70176957,0.345646364,2.477866501,3.705860325,0.9939379,4.983978521,0,19.76538045,0.2395,0.0,8.023489441,9.551078169,46.92903959,0.068496732
TOX-27458,0,11.09138873,6.023246079,1.258142108,14.53780998,5.827589714,7.009382509,3.121796813,14.6997729,0.442945555,2.561961861,3.716242939,1.985025808,0.0,1,0.0,-1.127,0.0,8.030810237,0.0,39.05049303,0.241595442
TOX-1746,1,10.93275239,5.009386444,1.350644545,14.54453151,5.672449057,2.268208565,3.234320056,15.59167434,0.207041634,2.41844483,3.261802593,0.994935668,73.60221035,1,61.18471933,4.1686,20.64010037,7.033322002,4.899909731,54.94087009,0.0
TOX-4329,0,10.95329643,6.007549593,1.250026859,13.62758259,5.692895171,6.00375482,3.177158238,14.70619437,0.28901899,2.438196617,3.677665186,0.995950582,0.0,0,18.55355576,0.72702,13.21376393,8.011032344,0.0,49.45964752,0.076923077
TOX-7196,1,10.95295339,6.028336932,1.13636517,14.5432703,5.69261017,7.008272598,4.033698644,14.70120855,0.235539023,2.438299521,3.714461432,0.988009099,11.82364693,1,44.3362508,3.0919,19.63426922,8.02899874,4.899909731,51.01915517,0.0205
TOX-38409,0,10.4353455,6.025964556,1.003542432,14.54205927,5.687504486,7.011545867,3.320840885,14.70032136,0.381683266,2.416384115,3.715311971,0.151462965,10.63357721,0,67.77261188,1.3887,25.57822452,53.0022683,5.316788604,65.03150423,0.095976604
TOX-52406,1,10.95345583,6.03115794,1.273761632,14.54085486,5.69296735,7.009357743,3.182397606,14.69975887,0.258488224,2.437734497,3.717399542,0.987169661,5.316788604,1,37.70943564,2.5713,13.59242839,8.031218975,5.316788604,49.48074126,0.024242424
TOX-15564,0,10.46188848,6.022330638,0.29778217,13.64792501,5.693741973,7.008832207,4.027567322,14.70012007,0.405750903,2.43762147,3.724566791,0.540226451,4.523747162,0,12.13273414,0.8563,0.0,15.01117385,0.0,43.40494093,0.12605042
TOX-6260,0,10.31118464,6.026447971,0.295765115,14.54142609,5.694107277,7.022889285,4.051740289,14.69902446,0.292951546,2.436548824,3.793843793,0.642440237,10.63357721,0,59.65783953,3.8094,10.63357721,16.01806997,0.0,49.70304194,0.068661851
TOX-20781,1,10.92368132,7.004119052,1.356366006,14.59486887,5.658890676,8.00193668,3.307855819,14.6515919,0.276740929,2.39949112,3.756854579,0.9872569,29.04815126,1,25.22224695,4.0499,31.49581423,8.054448265,9.883888252,49.71337904,0.020205128
TOX-3094,0,10.3197771,6.02251585,0.298925315,14.54883424,5.692431727,7.014576163,4.043937824,14.70106896,0.320635866,2.437330468,3.768323221,0.644232792,15.61755573,0,44.5337643,2.52992,5.316788604,16.01312272,15.02286199,49.73004455,0.063734568
TOX-1443,1,10.9454261,6.015919662,1.241951356,14.54514178,5.684619082,3.520736421,3.289187041,14.70466047,0.225743896,2.428488041,3.693292721,0.996020951,66.35973291,2,110.0604574,6.8739,48.19739417,8.019421398,9.799819462,51.19517197,0.0
TOX-53248,0,10.93703259,6.028500434,1.253359974,14.5482123,5.676102237,7.009359332,3.240518917,14.70063071,0.270745537,2.421225406,3.714908823,0.99757116,10.30076712,1,23.61409167,1.9382,7.109797541,8.029463161,10.30076712,50.06677751,0.068339307
TOX-17959,1,10.95983023,5.016760157,1.304483313,14.54378247,5.699459569,2.519924693,3.133573021,15.59211481,0.318189833,2.442550722,3.492933803,0.77400702,16.2830654,1,18.19910121,1.7496,31.07893535,17.00110191,5.316788604,53.55802275,0.036734694
TOX-48571,1,10.96066864,6.007540269,1.249329702,14.54145225,5.699673045,6.002601472,3.055835403,14.70630438,0.264583137,2.444598957,3.677199964,1.89521563,10.63357721,1,24.26546827,2.128,31.55793979,8.010532864,5.316788604,51.00474795,0.063888889
TOX-28632,0,10.94716382,6.023263396,1.299477905,14.54334412,5.685947008,7.009372512,3.256329142,14.70068314,0.284374088,2.430695647,3.714077313,0.773999417,0.0,0,43.52793314,4.46844,11.44466614,17.00110302,0.0,52.16404375,0.021642857
TOX-1837,0,10.95392124,7.004118153,1.173304941,14.59478005,5.692877143,8.001937349,3.162827177,14.65153808,0.395731636,2.437797599,3.756999609,0.767916517,5.316788604,0,17.69618563,0.909,6.606881965,17.0032034,5.316788604,46.17224525,0.091335404
TOX-75649,1,10.92644419,6.022340684,1.197011265,14.55175984,5.664400433,7.008279702,4.017046324,14.70239777,0.266852829,2.406752016,3.70440529,0.989562417,5.316788604,1,26.83757867,1.6663,13.15163837,8.022489289,9.883888252,49.75789329,0.045075758
TOX-72860,0,11.08090816,5.012683865,1.320608164,14.55660607,5.820608164,6.003461531,3.041616159,14.69678352,0.28753228,2.566608164,3.679670697,1.820608164,4.899909731,3,25.93115606,1.20857,19.63426922,8.012039999,10.38000633,45.69444021,0.103365385
TOX-4384,1,10.95288322,6.028729662,1.131147559,14.54390574,5.69254262,7.008270911,4.029791201,14.70146608,0.240963459,2.438350598,3.714035981,0.987762053,37.92779025,1,19.53486067,3.1952,13.59242839,8.028785099,4.899909731,51.33716609,0.0
TOX-2345,0,11.08726705,6.026968,1.325375879,14.55698525,5.825331965,7.012641692,3.128323211,14.69596848,0.244144326,2.563673248,3.712130194,0.995942557,10.63357721,1,57.91132939,0.9221,39.26853844,8.029335019,25.82323038,45.15522334,0.094165738
TOX-9209,0,10.31794309,6.022033015,0.300606976,14.73709218,5.65477808,7.01856424,4.046332868,14.69902446,0.346775268,2.397698372,3.787854043,0.643688821,10.22850025,0,35.71805956,3.8541,0.0,16.0158434,0.0,43.54409278,0.068180708
TOX-31254,1,10.95400925,6.028126927,1.145720105,14.54021904,5.694337438,7.008271466,3.176937104,14.70146506,0.263637771,2.438243629,3.713995174,0.773999877,12.2405258,1,73.74431373,3.7686,19.69639478,17.0011028,5.316788604,53.13007014,0.022567288
TOX-8558,0,11.23483242,6.042845259,1.623914442,14.6605088,5.954458272,7.011391035,3.121161522,14.66259576,0.526621548,2.654377286,3.73849989,0.996974497,11.0195522,0,0.0,-0.3217,7.047671983,8.042852277,5.008912524,33.91750926,0.175661376
TOX-19569,1,11.06378691,6.022000106,1.304148103,13.64254628,5.803471714,7.008291894,3.037410354,14.70144178,0.190755413,2.54931314,3.713676394,0.987934574,6.9237372,0,6.420821623,6.3325,0.0,8.028640854,0.0,48.83001241,0.022698413
TOX-12476,0,10.91218996,6.022035207,1.149027109,13.64254634,5.65188486,7.008291602,4.029975476,14.70144232,0.242098129,2.397848342,3.713715183,0.9872569,0.0,0,29.17754317,3.9822,0.0,8.028641793,0.0,53.1968781,0.025536062
TOX-42887,0,10.3132245,6.023235879,1.085247334,14.54442383,5.758181688,7.009355134,4.12064265,14.70178023,0.337164076,2.499954956,3.704092357,0.65346204,10.63357721,0,36.3924132,0.9598,0.0,16.00441154,10.63357721,51.76736194,0.0625
TOX-6147,0,10.31808094,6.017551578,0.300373201,13.65040533,5.998741509,7.014229387,4.037973285,14.70164409,0.666666667,2.625022799,3.779389392,0.148967012,0.0,0,0.0,0.2667,3.759584386,53.00025755,0.0,76.91916136,0.112471655
TOX-2926,1,10.33722871,5.024126915,0.628228112,14.54581127,5.697870248,6.002696298,3.231645763,14.70815978,0.277932861,2.433980806,3.667398754,0.660645016,51.0979316,2,43.29741337,3.9427,57.32008654,17.00110425,9.799819462,54.38841505,0.018146888
TOX-43229,0,10.31322451,6.023234431,1.151181253,14.54442381,5.746931512,7.009355213,4.029815739,14.70178023,0.337164076,2.491834492,3.704086638,0.65346408,10.63357721,0,31.48033831,1.27,0.0,16.00441154,10.63357721,51.76736194,0.0625
TOX-13831,0,10.32506563,6.008269235,0.407010575,13.63157904,5.851475894,7.006714902,3.041107691,14.70569036,0.298598507,2.580516201,3.714055316,0.643637994,13.8474744,0,12.84164325,1.5551,11.50570721,16.00750814,0.0,52.57337793,0.0
TOX-2016,0,10.43535129,6.023244158,1.004082434,14.54357486,5.697967805,7.009371312,3.285726135,14.70068296,0.383443741,2.424916848,3.714064782,0.151461879,67.77261188,0,73.83897895,3.1562,17.17833361,53.00226791,0.0,74.22364687,0.067639752
TOX-2554,0,10.94336485,6.024005276,1.145789459,13.64546876,5.683003104,7.009393583,4.030931772,14.69977221,0.216331055,2.428574822,3.717470039,0.987200397,0.0,0,74.92313215,6.201,0.0,8.031611165,0.0,51.17151393,0.029738562
TOX-35037,1,10.92946354,6.028666892,1.345859961,14.54453769,5.668964815,7.008273327,3.315769908,14.70062417,0.265292824,2.413984704,3.714965288,0.987810873,0.0,1,33.1518153,4.0437,20.70222593,8.029439808,4.899909731,50.53313657,0.020717949
TOX-37293,1,10.31158778,6.035956765,0.609736068,14.56805101,5.741075602,7.016073582,3.249560952,14.70001093,0.236926879,2.474642608,3.729170943,0.649555318,67.12139135,4,59.66794569,-8.25298,58.21596984,16.00558537,67.12139135,45.50229661,0.142156473
TOX-73230,0,10.95378438,5.012495501,1.259128754,14.54021583,5.693350608,6.003762247,3.129503317,14.70720151,0.273125648,2.438523009,3.669181837,0.987940003,12.2405258,1,30.66176366,1.8153,13.08951281,8.007239038,5.316788604,49.77072842,0.088148148
TOX-1975,1,10.94795165,7.00514494,1.260032049,17.42581472,5.687181922,8.002959935,3.192665716,13.30315401,0.236119945,2.432362583,4.011207325,1.893572464,34.08459381,2,40.95582275,5.3852,32.72378203,9.005159473,9.799819462,52.4809443,0.0
TOX-30709,1,10.95218429,6.02227864,1.338814635,14.54326983,5.691526412,7.008269297,3.251747259,14.7022898,0.258488224,2.43507224,3.701925333,0.996623372,4.899909731,1,38.89673409,2.7711,40.96366184,8.022496867,4.899909731,49.48074126,0.0
TOX-5595,0,11.10884516,6.004921432,1.27003404,13.62779027,5.847989094,6.002597917,3.0219022,14.70601926,0.324698735,2.589909825,3.678529123,0.993722731,4.736862954,0,6.9237372,0.0136,13.71667951,8.011400465,0.0,42.77199663,0.093650794
TOX-25765,1,11.06166458,6.024819899,1.228093176,14.55729216,5.799846913,7.011686846,3.133523512,14.70177763,0.252635654,2.541792349,3.706824864,0.987131671,21.26715442,3,37.51909858,0.01507,6.544756406,8.025778437,21.26715442,45.94269826,0.11015015
TOX-31420,0,10.94612525,6.023593639,1.220451318,13.64342929,5.685594382,7.009371989,3.222893149,14.70056569,0.246521437,2.429998489,3.714328912,0.996623374,0.0,0,30.38936785,3.799,14.21959508,8.029448702,0.0,49.96337462,0.023611111
TOX-52715,0,10.33744017,6.0261733,0.622016986,14.78238004,5.73714939,7.011564818,4.03007169,14.69977294,0.355470484,2.475131252,3.718242679,0.651562478,20.8422406,1,15.99987472,-1.84,30.12121197,16.00409196,30.42395327,46.66675608,0.088383838
TOX-13955,1,10.93610072,6.028235917,1.156070577,14.54823727,5.67527332,7.008272552,3.276451935,14.70111704,0.259255919,2.420544705,3.714699484,0.993726094,41.07309373,1,31.39519901,3.1788,20.19931035,8.029223112,9.883888252,51.0047202,0.019230769
TOX-40999,1,10.94798952,6.00754999,1.336939637,14.54085101,5.687636907,3.510542414,3.179127255,14.70681801,0.232413117,2.433264615,3.676442409,0.99595658,47.78135808,1,43.62734169,3.6558,20.19931035,8.010059658,5.316788604,53.27214444,0.021825397
TOX-23479,1,10.94963578,6.023280797,1.344952763,14.55157217,5.689157323,7.009397363,3.282413691,14.69977295,0.232048008,2.434836752,3.716470275,0.987219155,49.79563998,0,122.1899277,7.64744,0.0,8.030900956,19.93591408,51.07675244,0.044444444
TOX-45123,0,10.33795733,6.024520816,0.622154919,14.54451888,5.754781326,7.010443886,4.034568264,14.70178023,0.346357304,2.497721932,3.707004217,0.654772598,17.21251289,0,12.17367523,1.0565,5.752853607,16.00200239,10.63357721,50.33967255,0.062951496
TOX-38235,1,10.95389314,6.023375142,1.254353161,14.54620436,5.693485478,7.009361468,3.140287459,14.70177785,0.248400227,2.438059266,3.703982532,0.773991563,34.40480585,2,55.43014751,3.2236,52.92309238,17.00110409,20.43339667,51.21721986,0.028703806
TOX-17514,0,10.43368675,6.028243821,1.001390376,14.54414133,5.687542994,7.01374904,3.329102061,14.69977294,0.339074321,2.416484584,3.719424084,0.151448969,21.26715442,0,148.386867,5.5674,24.72892117,53.0052855,10.63357721,69.76052219,0.068679138
TOX-79008,1,10.95286883,6.008999385,1.242585312,14.53781133,5.692397354,4.004565099,3.180703265,14.70549059,0.25463986,2.437338641,3.681848321,0.996623291,12.13273414,1,36.10128037,2.8163,14.21959508,8.012687119,0.0,52.09973639,0.045151515
TOX-4877,0,10.96082135,6.022189054,1.512113565,14.69235859,5.69955924,7.008277287,3.214294649,14.70269365,0.34220208,2.444111894,3.704310151,0.995951878,5.098681808,0,19.05647134,1.47402,0.0,8.022245328,9.780484743,49.52513511,0.037179487
TOX-45499,0,10.33809032,6.024520213,0.625012752,14.54451883,5.772894927,7.010443616,4.034567776,14.70178023,0.332308323,2.511748694,3.707002162,0.651671551,10.63357721,0,11.67075965,1.138,11.50570721,16.00200205,10.63357721,50.11116711,0.062951496
TOX-16433,0,11.07832427,6.030513743,1.294105622,13.64490904,5.817532313,7.00935499,3.048567408,14.69976967,0.252200811,2.559347468,3.716733219,0.98717732,0.0,0,40.53659204,2.45,0.0,8.031077808,0.0,47.38956539,0.0
TOX-4453,1,10.9302604,6.021978079,1.338814635,14.54450019,5.66953505,7.00826773,3.12462878,14.70271163,0.278658002,2.415006692,3.701903531,1.838814635,16.74077837,1,32.35197768,0.708,32.72378203,8.022015725,9.799819462,50.28167327,0.0
TOX-71140,1,10.31976778,6.022802851,0.297581844,14.54322392,5.693318859,7.014577116,4.048688333,14.70103422,0.28386845,2.436160349,3.768466737,0.644914471,11.38315567,1,55.99059559,2.5947,19.63426922,16.01312355,9.622004595,51.63299938,0.018883415
TOX-47550,0,10.94150254,6.025726202,1.105024227,14.54474843,5.680946247,7.011557792,4.034822063,14.70178046,0.282123125,2.425172753,3.708964149,0.994033879,0.0,1,32.64889973,-1.8704,14.09534397,8.027617917,4.899909731,46.05753296,0.110833333
TOX-3459,0,11.1561248,5.004035886,1.396421833,14.53779915,5.891783149,6.002690531,2.11109901,14.70816485,0.431028855,2.629540482,3.667332697,1.892658251,0.0,1,0.0,-1.0626,13.15163837,8.006054738,0.0,37.67339374,0.296428571
TOX-56761,0,10.33795929,6.022021838,0.619582985,14.54027931,5.694209566,7.008268255,3.138588143,14.70249398,0.345055162,2.439006844,3.701995216,0.658074498,5.316788604,0,24.61992283,1.9453,7.109797541,16.00200244,5.316788604,53.25533718,0.034166667
TOX-50914,0,10.25019857,5.036431079,0.537854843,14.54954696,5.709462247,6.003867873,3.262112376,14.70720077,0.314763628,2.4487479,3.669536229,0.559842856,9.967957042,2,24.97437738,2.50364,0.0,16.10101486,9.967957042,52.7269702,0.110555556
TOX-3894,0,11.14726903,6.022073683,1.367531044,14.54830434,5.879230595,7.00826794,3.161527103,14.70270528,0.274680948,2.603589102,3.702459122,0.9872569,11.94758171,1,20.89514638,0.6956,46.31621042,8.022081124,14.69972919,46.08134158,0.0
TOX-4177,1,10.94272413,6.021955971,1.19852132,14.69265403,5.679991241,7.008270274,3.276388411,14.70270899,0.260347998,2.423192019,3.70197692,0.996023451,22.36305213,1,38.79732554,2.3184,7.047671983,8.022025265,19.99718308,50.39024281,0.020954106
TOX-3992,0,10.3380923,4.216608908,0.626855732,14.55218413,5.894011355,5.013253705,3.037385507,15.58786924,0.405639062,2.601916788,3.302335606,0.656195782,0.0,3,0.0,-0.42823,12.29761001,16.00200189,0.0,48.79634869,0.253968254
TOX-1861,1,10.9455896,5.012781968,1.168218955,14.54453252,5.685657838,6.002557902,4.029088704,14.70816252,0.267533179,2.430418207,3.667798642,0.774000266,4.899909731,1,32.14598415,3.5276,20.64010037,17.00110259,4.899909731,54.43167341,0.02345805
TOX-24202,1,10.95360615,7.00521918,1.4,14.59665196,5.690813135,8.002985421,3.239882042,14.65045727,0.409719992,2.433340261,3.759921549,1.9,0.0,0,6.066367068,0.4219,17.98942254,8.057047116,0.0,37.30932787,0.070185185
TOX-7239,1,10.93686325,6.02387631,1.247577916,14.54029022,5.67636629,7.009366738,3.293925106,14.70178023,0.267905345,2.421145409,3.705709911,0.995319367,5.316788604,0,47.73109893,2.5686,21.32939262,8.024673276,5.316788604,48.99240858,0.038571429
TOX-11828,1,10.94648554,6.028767048,1.270117906,14.5409223,5.686109387,7.008270837,3.135914986,14.70146204,0.284334886,2.431583443,3.714642943,0.988550186,25.23063007,0,36.10128037,2.83662,7.047671983,8.028861868,5.316788604,50.38787495,0.033055556
TOX-4140,0,10.45257208,6.008922628,0.291242295,13.64182479,5.851343717,7.006630497,4.032437776,14.70395765,0.447021936,2.424548154,3.71392996,0.538000462,4.736862954,0,6.9237372,-0.0911,0.0,15.01085689,0.0,46.16935511,0.151666667
TOX-24105,1,10.96082828,5.033613016,1.321160976,14.54863928,5.699626539,3.039074081,3.131393401,15.58911997,0.227926405,2.444436757,3.290896854,1.82646235,57.24836746,1,50.19662433,3.5741,31.07893535,7.045443597,9.883888252,52.46022037,0.0
TOX-69833,1,10.95191548,6.02855319,1.350476163,14.54415828,5.691155463,7.009358698,3.239675093,14.70068367,0.281894289,2.435750376,3.714919323,0.98801649,5.316788604,1,49.09138463,2.977,23.36833671,8.029263391,0.0,49.52609176,0.057857143
TOX-2503,1,10.95254104,6.00755108,1.197010734,14.5402292,5.692848454,6.002600495,4.017039968,14.7063046,0.279347345,2.436713316,3.677254597,0.773993932,26.0880002,1,45.39113443,2.77622,13.15163837,17.00110242,5.316788604,51.88401825,0.054550265
TOX-73266,1,10.94817379,6.005012289,1.260058522,14.54465443,5.687615168,6.00269609,3.192241932,14.70630544,0.239591647,2.433281577,3.676661469,1.892514206,70.46349015,2,11.12690298,2.4025,52.54442792,8.010479331,9.799819462,51.67891466,0.018974359
TOX-52545,1,10.95298497,6.022059458,1.198282451,14.54440035,5.692400513,7.008271251,3.215555422,14.7024927,0.271344807,2.43468205,3.702124503,0.77399492,46.72269241,1,24.97437738,3.7831,26.01901453,17.0011033,10.21669833,51.92125838,0.036319406
TOX-2027,0,10.98680843,6.035376868,1.132340701,14.5445684,5.726473963,7.011725041,4.023038511,14.69976935,0.203922523,2.472232469,3.724613597,0.987865104,0.0,1,65.96483253,3.0134,21.20514151,8.038729185,4.899909731,47.64559594,0.029762578
TOX-6417,1,10.9891958,6.028109003,1.06725343,13.64293714,5.728780441,7.008274472,4.118273919,14.70106828,0.212174199,2.473934145,3.714200517,0.995019956,13.8474744,0,92.44711379,3.6043,6.606881965,8.029020789,0.0,51.2141206,0.035419327
TOX-80739,0,10.95523284,5.004054822,1.431197692,13.62318782,5.694917362,6.00269155,3.053430326,14.70816517,0.317945555,2.440811651,3.667350908,1.990912063,0.0,0,5.563451492,1.1789,0.0,8.006057292,0.0,52.79630451,0.055092593
TOX-39966,1,10.33722699,6.00501524,0.628226977,14.54581684,5.697954139,6.002697316,3.231079831,14.70630519,0.247789202,2.434809885,3.676686227,0.660648686,70.15440294,2,30.18337432,3.5519,70.53385047,16.00200491,9.799819462,52.83646439,0.016129032
TOX-2088,0,11.07492816,5.009899098,1.035733828,13.62684327,5.815694149,6.00583147,3.17156262,14.70714648,0.377227504,2.5549948,3.673793758,0.251446674,31.8598878,0,0.0,-0.7802,10.66017929,35.00142549,0.0,57.48519127,0.166666667
TOX-48549,1,10.9534615,6.007540792,1.249329659,14.54145311,5.692302971,6.002601728,3.177218102,14.70630436,0.255766354,2.437244478,3.677203693,0.995946319,29.69004854,1,30.6862899,2.43642,31.55793979,8.010533967,5.316788604,51.14335455,0.060727273
TOX-18562,0,10.33723141,6.02211543,0.628231414,14.54393033,5.691376307,7.008292621,3.232427841,14.70115504,0.302730581,2.430509953,3.713833477,0.66064987,4.899909731,0,42.81902403,4.1158,19.05737925,16.00200406,0.0,52.50671572,0.023254282
TOX-2199,1,10.93580479,6.03182366,1.13029748,14.54825832,5.674926882,7.00936863,3.27814323,14.69972364,0.236674001,2.419862295,3.718821524,0.996622732,15.95025532,1,60.92719673,4.1711,55.74829806,8.033102874,9.883888252,49.19634146,0.012777778
TOX-35922,0,10.99843564,6.023483841,1.372957023,14.69318153,5.731938079,7.009374542,3.272426233,14.70066597,0.395047533,2.467983043,3.71431797,1.896062228,5.098681808,0,12.13273414,-0.0293,0.0,8.029066014,14.18117935,43.0695508,0.039583333
TOX-2124,1,10.94280367,5.024127728,1.347242746,14.54581035,5.682503673,6.00269645,3.229050975,14.70815969,0.232259705,2.428503673,3.667389658,1.857421147,75.38270595,2,36.22521515,3.3085,57.32008654,8.006071674,9.799819462,52.24077106,0.016887125
TOX-16703,0,10.31915483,6.020146993,0.297456727,14.54353565,5.700505281,7.016344632,4.049201302,14.70023356,0.362293884,2.437215923,3.771789446,0.641915077,0.0,0,37.96448165,1.177,20.19931035,17.00110515,4.305215991,51.72884183,0.052356108
TOX-62956,0,10.94262639,6.007539229,1.385144498,14.54326809,5.682297524,3.510554357,3.063318309,14.7068177,0.224199176,2.428094109,3.676444824,0.9872569,55.16489262,1,36.34914993,4.5776,26.24115118,8.010061047,4.899909731,53.57514543,0.0
TOX-47770,0,10.95347214,6.011520608,1.362262197,14.54390052,5.692988623,3.517037321,3.180770411,14.70612343,0.252475669,2.437821632,3.689717274,0.996962971,54.41215119,1,43.14895235,3.1323,26.9301271,8.016470771,4.899909731,52.38154207,0.0
TOX-77319,1,10.94716984,6.021955075,1.154745221,14.54581246,5.68600679,7.00827159,4.02971555,14.7025502,0.229637131,2.430938443,3.702008762,0.993802595,15.11660807,2,64.75300784,2.94164,32.50164538,8.022114787,9.799819462,50.18112851,0.034567901
TOX-35699,0,10.95329768,4.053468066,1.249043783,14.53780032,5.69297433,4.004846322,3.129032819,15.59610148,0.263421536,2.43894612,3.221112991,0.993937947,19.05647134,1,18.02611394,1.7488,6.544756406,7.012117568,0.0,52.68289711,0.073333333
TOX-2341,1,10.3372314,5.023813662,0.628231628,14.5452727,5.697870248,2.263220571,3.23154634,15.59112027,0.285045343,2.433980814,3.492972618,0.660643927,60.29336584,1,57.39275734,4.8944,32.08476651,17.00110364,4.899909731,56.31638375,0.0
TOX-76731,0,10.95410236,7.014088683,1.218963216,17.43069816,5.69212164,8.007388355,4.022103047,13.30278851,0.307338239,2.435728289,4.030586498,0.987938404,5.316788604,0,36.75265697,5.4059,11.92367057,9.014094251,0.0,48.49986267,0.024793651
TOX-59877,1,10.95099622,5.174489404,1.280135381,14.69276924,5.69124203,5.013272803,3.257162321,15.443144,0.345406832,2.432427715,3.498181467,0.772906014,10.08266033,0,19.91384147,2.89447,5.733667477,17.00213909,14.76446326,49.89749666,0.07874231
TOX-3437,1,10.94812687,6.005854078,1.269241783,14.5445319,5.687797455,3.50964522,3.167865859,14.70681882,0.240286926,2.433594525,3.676083424,0.994938469,67.52619024,1,25.22224695,3.3542,27.24698234,8.01002284,4.899909731,53.27552991,0.0
TOX-1956,1,10.94030553,6.029815378,1.143491903,13.64718763,5.679844076,7.008279135,3.259873821,14.70031093,0.240505968,2.424737467,3.71667844,0.993608185,0.0,0,47.87955995,1.3386,34.22630132,8.032786361,0.0,46.86257308,0.042486772
TOX-64426,1,10.94898205,6.022306273,1.271218706,14.54328407,5.688636034,7.008272068,3.180577354,14.70237606,0.22170288,2.434281503,3.70230765,0.987188753,32.59485853,1,57.88797616,5.5832,13.15163837,8.022401788,4.899909731,52.16259996,0.0
TOX-1721,1,10.93566264,6.029332686,1.30471602,14.55097608,5.674807007,7.010461522,3.321965744,14.69973792,0.299765892,2.419633318,3.718635918,0.773996407,0.0,0,54.95175817,3.47052,13.71667951,17.00110357,4.567099648,48.16207534,0.019868637
TOX-47942,0,10.9930466,6.022240961,1.414307502,14.56002818,5.722888833,7.008277003,3.304049075,14.70269531,0.320249374,2.451643082,3.704253759,0.994829293,4.983978521,0,32.90394574,1.61976,0.0,8.022244245,9.384673127,50.37825413,0.0
TOX-39303,1,11.07551932,6.042971605,1.15396343,14.66027567,5.814047233,7.011399679,3.185372921,14.66253839,0.3563098,2.553464245,3.738816432,0.767897655,10.60267332,0,0.0,-1.6278,26.0793138,17.00110214,10.32570113,42.96838508,0.119256236
TOX-41513,0,10.30562177,6.025793867,0.599212939,14.69086869,5.727567888,7.011552272,3.27162092,14.70034623,0.389595359,2.457355473,3.715419401,0.650515457,15.51415222,0,12.49684173,1.84592,11.50570721,17.00213342,24.9811616,47.34074286,0.036718202
TOX-17109,1,10.44478586,7.004116856,0.285532302,14.59473854,5.698986309,8.001935975,4.029451499,14.65155661,0.357894455,2.40621401,3.756939712,0.531873656,0.0,0,12.13273414,3.2915,12.32382005,15.00994343,0.0,49.78564953,0.0
TOX-2776,0,10.3466255,6.022007093,1.192711578,14.53780723,5.846610079,7.008289278,3.121093542,14.70144366,0.504598477,2.573914765,3.713670947,0.547207777,12.62878915,1,0.0,-0.6719,5.752853607,16.00121078,0.0,49.39534109,0.25974026
TOX-29345,0,11.01826958,6.028615173,1.250689978,14.55753381,5.750227695,7.009364088,3.279347182,14.70068727,0.316526396,2.478506984,3.714865826,0.987902691,4.983978521,0,26.68911765,1.3173,6.606881965,8.029233836,9.551078169,48.01208846,0.0
TOX-46216,0,10.95441731,5.006588458,1.1813005,14.54022707,5.69408253,6.003699928,4.017993258,14.70720252,0.273125648,2.439927864,3.668797178,0.99292478,5.316788604,1,19.41092589,1.0805,13.15163837,8.00720013,5.316788604,49.77072842,0.088148148
TOX-30490,1,10.95354493,6.00584854,1.242263913,14.54326909,5.693240543,6.002602342,3.063081069,14.70630518,0.224527286,2.439210068,3.676847527,1.838814635,53.43084628,1,49.89970229,3.3137,26.24115118,8.010500392,4.899909731,52.62272944,0.018358974
TOX-70570,1,10.9999571,6.031525086,1.047497822,14.54454614,5.739308471,7.010457593,4.159283071,14.69976244,0.225477169,2.482707348,3.718625757,0.991610166,6.578935684,1,46.19945208,2.0225,20.64010037,8.032741363,4.899909731,48.47234557,0.030604288
TOX-42905,0,11.02929665,6.024521515,1.104769604,14.54451905,5.767627628,7.010443685,4.039337384,14.70178023,0.304647524,2.508549462,3.707003182,0.987796074,17.55731441,0,24.17453976,1.0409,0.0,8.024721338,10.63357721,47.82919844,0.06130031
TOX-34977,1,10.31153732,5.042501465,0.609834409,14.55724046,5.737214274,3.036763882,3.231027469,15.58605573,0.404334662,2.479921158,3.493433002,0.650214438,15.62598194,3,17.86725146,2.08102,18.40630142,17.0011077,5.316788604,53.96358764,0.075409035
TOX-11171,1,10.94809697,7.014430747,1.160944952,17.43120561,5.687666371,8.007930728,4.024955731,13.30165257,0.284301431,2.433258834,4.030817804,1.857042658,4.899909731,1,67.76887518,4.791,19.63426922,9.014441164,4.899909731,48.93399985,0.020678708
TOX-4269,1,10.95319952,6.032115048,1.351587862,14.54523,5.692560138,7.009368212,3.239441717,14.69976983,0.235258692,2.436211458,3.718811693,0.996016528,9.799819462,2,51.20245549,3.3958,96.14691877,8.033397855,9.799819462,47.9400964,0.0
TOX-30028,0,10.99313224,6.029295084,1.135391021,13.64525538,5.732569695,7.009371737,4.029713466,14.69973775,0.30344349,2.47658374,3.718024001,0.993036164,0.0,0,13.34455882,0.3314,6.606881965,8.031475565,0.0,46.47036839,0.077124183
TOX-33128,1,10.9490363,5.042503586,1.34625572,14.5572416,5.68796987,3.036768797,3.231532136,15.58605461,0.277357732,2.433014999,3.321918478,1.856892385,33.82508315,3,36.45573492,1.5464,18.40630142,7.06847687,5.316788604,51.04117359,0.056470588
TOX-36007,0,10.46410577,6.011477743,0.292881236,14.54468193,5.855421977,7.006603347,4.033308685,14.70510708,0.436484951,2.439700646,3.704932059,0.538496539,0.0,0,6.420821623,1.0143,25.57639822,17.00110155,4.67041619,50.76306859,0.100965701
TOX-46491,1,10.92960079,6.03936859,1.292438031,14.54327484,5.669266232,7.009366905,3.299479688,14.69742169,0.274458819,2.411402396,3.735474746,0.773994279,18.74738413,1,51.05399446,3.58102,32.84803315,17.00110335,4.899909731,50.65535315,0.0
TOX-38319,1,10.95742695,5.008370382,1.098754643,13.62544734,5.697103481,6.004715163,4.028836136,14.70720204,0.187481594,2.442941871,3.670399886,0.988476722,46.4259247,0,91.5993967,5.5606,0.0,8.008376815,0.0,51.36171442,0.043333333
TOX-40835,0,10.94398764,6.023220484,1.379683333,14.53782312,5.682835196,7.009370548,3.246223454,14.7006886,0.303350233,2.427081652,3.714014207,1.989950974,0.0,0,11.62981856,2.1269,5.733667477,8.029024859,0.0,49.20415376,0.073923445
TOX-30323,1,10.95432314,6.006902072,1.200625963,14.54465555,5.69400108,6.002603325,3.162276409,14.70553389,0.235929609,2.439860232,3.680426802,0.996622591,34.06528774,2,11.12690298,2.7403,53.48813352,8.012812313,9.799819462,51.01596585,0.017610837
TOX-42871,0,10.31322351,6.023236383,1.106165575,14.54442532,5.767854561,7.009355946,4.039326831,14.70178023,0.305268213,2.508455477,3.704099498,0.653461313,17.55731441,0,36.3924132,1.5959,0.0,16.00441176,10.63357721,51.99467587,0.054444444
TOX-31842,0,10.31746432,6.021221801,0.291559673,14.5451396,5.855413611,7.014496026,4.038547186,14.70061832,0.394638271,2.441676247,3.778661338,0.540504582,9.270380496,0,6.420821623,0.6214,44.98380578,17.00110335,9.757711253,50.28760767,0.036800334
TOX-11821,0,11.21635844,6.024821808,1.56389785,14.56407584,5.898679779,7.010463382,3.105624402,14.70176264,0.557885891,2.564030757,3.713788966,3.691390571,0.0,0,0.0,-2.2485,0.0,8.025430571,14.95193556,29.31801956,0.197222222
TOX-44829,1,10.94608543,6.028237155,1.133144621,14.54327082,5.686070653,7.008272002,4.033829214,14.70118999,0.274891484,2.431219357,3.714174813,0.774012514,4.899909731,1,11.12690298,3.0444,39.45491511,17.00110298,4.899909731,52.46716411,0.0
TOX-2039,0,10.95313246,6.022013191,1.257483827,14.53781172,5.692604915,7.008292712,3.17781941,14.70105461,0.357576378,2.437169388,3.713853049,1.984964705,0.0,1,24.11700725,0.0522,0.0,8.028868403,0.0,45.64962569,0.170426065
TOX-34009,1,10.95329617,6.007552772,1.172613552,14.54328974,5.692894902,6.002601248,4.033954988,14.70630452,0.227690814,2.438196365,3.677207348,0.991071789,32.59485853,1,59.0901478,3.38772,13.15163837,8.010532199,4.899909731,50.78330738,0.022366522
TOX-2753,0,10.4353455,6.024471984,1.003516732,14.54483202,5.687498086,7.010459767,3.32597902,14.70177754,0.33755754,2.416338175,3.706600114,0.151462965,10.63357721,0,67.77261188,-1.3785,44.85774042,53.00226863,10.63357721,62.95227653,0.112931522
TOX-78097,1,10.9534549,6.011340464,1.361980998,14.54390466,5.692951511,3.51787583,3.184220565,14.70549059,0.241700516,2.437708016,3.685100585,0.996126749,24.08031585,1,55.28168649,3.438,48.57637496,8.015181849,4.899909731,50.61614545,0.0
TOX-40998,1,10.95259174,6.022060068,1.342535534,14.55484124,5.692086513,7.00827155,3.283008975,14.7025149,0.212149325,2.436768473,3.701622797,0.987143621,31.7374884,1,86.80082027,6.4038,26.24115118,8.022097709,9.300604337,52.41522499,0.0
TOX-28150,1,10.95139886,6.02812804,1.124585563,14.5432695,5.691078428,7.008271413,4.034603811,14.70146476,0.216192314,2.436926623,3.713974802,0.987155244,51.65132987,1,30.99169197,4.2655,26.24115118,8.02877595,4.899909731,50.79167959,0.0
TOX-72420,0,10.46189248,6.011509601,0.297783305,13.64665382,5.853772268,7.006634468,4.027540911,14.70330104,0.395445285,2.449868613,3.723463447,0.540226884,4.523747162,0,0.0,-1.5511,13.21376393,15.0111733,0.0,41.5928743,0.24
TOX-70025,1,10.95191548,6.028555175,1.350476162,14.54438979,5.691155465,7.009359293,3.239696097,14.70068356,0.265087579,2.435750522,3.714929961,0.987226836,16.69994428,1,55.63614104,3.6278,29.91309311,8.029266902,5.316788604,50.19444235,0.036526181
TOX-56942,1,10.95191548,6.028677039,1.350476152,14.54513246,5.691155414,7.009360698,3.239777753,14.70055972,0.262564182,2.435748904,3.715572187,0.997568171,16.2830654,1,42.16764743,3.3505,50.17452902,8.029731097,4.899909731,49.81372653,0.017491039
TOX-63911,1,10.96020723,6.028460102,1.187559465,14.54369101,5.698957535,7.008273397,3.156415074,14.70118207,0.232019523,2.443218479,3.714716155,0.987934025,17.14043553,1,63.74717669,5.2111,25.01318338,8.029018114,4.899909731,50.28448943,0.018386243
TOX-71649,0,10.95417769,6.022251734,1.363385794,14.54468788,5.693594208,7.008269225,3.180928619,14.70226146,0.276291825,2.43828402,3.702322777,0.987939044,17.03264387,1,24.11700725,1.8596,32.97196793,8.02252796,9.799819462,49.55384239,0.0
TOX-37834,1,11.04934192,6.023369815,1.157738933,14.54718184,5.786961744,7.009357561,4.024997759,14.70178585,0.308536988,2.528407684,3.705004694,0.767070867,10.21669833,1,12.84164325,2.0207,37.93903251,17.00212381,15.11660807,51.13110007,0.027066584
TOX-2308,0,10.95441212,6.023214845,1.443101578,14.54070699,5.693071325,7.009368856,3.136213313,14.70068304,0.377462252,2.437440668,3.714057924,1.990012488,5.316788604,0,24.26546827,0.0832,12.27842388,8.029027721,5.316788604,45.40908111,0.138095238
TOX-77098,0,10.33750722,6.023278831,0.623634157,14.55342701,5.750609966,7.009374264,3.274141957,14.7006323,0.318956275,2.483811452,3.714271474,0.659367169,0.0,2,20.26829602,0.69877,13.08951281,16.0020038,9.799819462,49.45540258,0.068896321
TOX-53561,0,10.43534758,6.023214286,1.004009059,14.54374233,5.692713035,7.009374966,3.276241007,14.70063293,0.31563265,2.421780741,3.714166654,0.151461879,73.08940049,1,98.78883009,3.4064,31.55793979,53.0022683,4.899909731,69.2956822,0.0538651
TOX-42901,0,11.02913861,6.024522492,1.104370516,14.54451981,5.767488462,7.0104443,4.039339027,14.70178023,0.2914538,2.508463459,3.707009821,0.987200547,17.55731441,0,24.17453976,1.431,0.0,8.024723417,10.63357721,48.16612657,0.057222222
TOX-113363,0,11.05665969,5.012309419,1.131892253,13.62915613,5.795607859,6.007957538,3.209000452,14.70713279,0.327156438,2.536360044,3.677162163,2.795607859,0.0,0,0.0,-3.8346,0.0,8.012309419,0.0,40.72487636,0.261111111
TOX-31864,0,10.94379847,6.02299106,1.374445337,14.56285998,5.680245706,7.008277102,3.28445175,14.69699076,0.375997924,2.420363639,3.707721676,1.896456589,4.983978521,0,12.13273414,0.3812,6.606881965,8.023222756,9.714386163,45.74614547,0.0
TOX-16773,1,10.98912964,6.043334559,1.067057308,13.65964541,5.728704184,7.013773412,4.118428547,14.69976216,0.196582461,2.473788045,3.734189965,0.993056768,13.8474744,0,94.4587761,5.0721,6.606881965,8.045994202,0.0,48.24163155,0.008564722
TOX-22420,0,10.99233542,6.022302943,1.062166189,13.63759809,5.732031168,7.008269637,4.157024353,14.70224343,0.248791347,2.478000005,3.702476022,0.992242358,6.076020107,0,33.61285484,1.3782,13.71667951,8.022797921,0.0,48.99678614,0.026479076
TOX-7510,0,10.93642555,5.012896028,1.351125328,14.54824734,5.675397773,6.002804934,3.277255858,14.70816154,0.290145271,2.419855707,3.668048236,0.994942478,23.97923222,1,38.21235122,1.9776,20.64010037,8.006129386,9.883888252,50.76475284,0.059346405
TOX-2837,1,10.95448868,6.024518157,1.251911912,14.56448746,5.693241847,7.010479432,3.241774511,14.69977294,0.307631583,2.437637207,3.717073747,0.99696323,25.25270269,0,30.6862899,0.2684,23.41491667,8.031486958,25.25270269,44.08703515,0.10729798
TOX-2429,1,10.95308377,6.00755076,1.249178722,14.54022327,5.692685042,6.002600642,3.178719695,14.70630459,0.250452701,2.438003878,3.677194126,0.988939853,11.89572429,1,18.05064018,2.1528,13.15163837,8.010528726,5.316788604,50.69924614,0.050740741
TOX-34163,0,11.07252734,4.238522885,1.239403423,14.55674137,5.810677236,5.01326417,3.038134195,15.58629517,0.261298876,2.554160538,3.315781075,1.819817636,10.63357721,4,19.38639965,0.39177,13.08951281,7.065832279,10.63357721,45.411709,0.145299145
TOX-2168,1,10.92893886,6.026244534,1.157961662,14.5378305,5.668289726,7.010467408,4.024042029,14.70178883,0.240831192,2.411908434,3.70960199,0.993722953,0.0,1,32.25256914,1.5522,20.32356147,8.029587704,0.0,47.79154626,0.072156863
TOX-9472,1,10.94636818,6.033345265,1.237676617,14.56886603,5.686047122,3.55411309,3.168616437,14.68177305,0.236787941,2.432016076,3.724086244,1.82646225,75.70422219,1,37.05805904,4.4726,19.63426922,8.033371721,15.04055151,52.36677267,0.0
TOX-36973,1,11.0075084,6.025458309,1.132298386,13.64609449,5.746903146,7.009390937,4.035236952,14.70029973,0.186000006,2.49069081,3.716064011,0.987200509,20.7712116,0,95.11980573,6.434,0.0,8.031828613,0.0,49.09164305,0.038356748
TOX-31591,0,10.99251838,6.01110721,1.141439707,14.54024381,5.731653648,6.013226372,3.200300058,14.70457159,0.254856499,2.476053472,3.693721324,1.973698589,5.316788604,1,11.99392615,-6.7527,19.82064589,8.022768546,5.316788604,43.80111476,0.183887468
TOX-23987,1,10.97600114,6.037374394,1.068917494,13.65214192,5.715626164,7.008289404,4.118345507,14.69748087,0.206921965,2.46044384,3.735111309,0.991873313,19.92349451,0,106.9363118,4.8121,0.0,8.039595698,0.0,50.40909703,0.025562488
TOX-3928,0,11.07530245,6.011950757,1.136215527,13.63852093,5.814077249,6.010057796,4.02393957,14.70435988,0.274963234,2.553491414,3.695418295,1.985271275,0.0,0,0.0,-5.3956,19.82064589,8.022637462,0.0,41.5679502,0.197849462
TOX-42911,0,11.0291328,6.024522489,1.10463046,14.54451981,5.767479078,7.0104443,4.0393387,14.70178023,0.2914538,2.508449417,3.707009821,0.987748246,17.55731441,0,30.59536138,1.431,0.0,8.024723418,10.63357721,48.16612657,0.057222222
TOX-1862,1,10.95883386,5.042503048,1.29148071,14.557243,5.69931872,3.036766975,3.23004705,15.58605525,0.386655547,2.440627987,3.495421963,0.773083371,15.62598194,3,12.13273414,2.3645,18.40630142,17.00212366,5.316788604,51.20506731,0.072959184
TOX-1351,0,10.93245404,6.023995624,1.364327465,13.63990957,5.671305255,7.008282412,3.307387348,14.70172597,0.294409686,2.411486632,3.708843076,0.997574667,0.0,0,18.19910121,2.291,7.109797541,8.025302847,0.0,44.15696717,0.09382716
TOX-2037,1,10.94622336,6.02201881,1.1970106,14.540231,5.685758428,7.008269793,4.017043969,14.70242242,0.25088446,2.430607103,3.7015895,0.989911091,26.0880002,1,39.67922191,2.3334,13.15163837,8.022193354,5.316788604,50.39241937,0.045962733
TOX-37849,0,11.0938705,6.022114365,1.352957807,13.64277697,5.833481117,7.008289762,3.037389387,14.70114621,0.313907981,2.578752575,3.714105912,0.987942045,0.0,0,6.420821623,0.8877,13.21376393,8.028876734,0.0,44.97358566,0.065555556
TOX-7479,0,10.31303214,6.017540951,0.298943257,14.5436324,5.699276177,7.014202395,4.043801402,14.70214951,0.452761981,2.440356634,3.768086091,0.644133196,12.21787344,0,36.48334172,-0.2093,5.733667477,16.01326291,4.722094864,50.7697045,0.166666667
TOX-2351,1,10.94433714,5.018847794,1.246447586,14.54500807,5.683990672,2.267802866,3.229065761,15.59132252,0.231964389,2.429923935,3.269988487,0.996963789,65.37842799,1,36.22521515,3.0839,31.58185093,7.034410494,4.899909731,53.72353926,0.0
TOX-11392,1,10.95280082,6.022025706,1.359024731,14.54326998,5.692352966,7.008269614,3.205114664,14.70251683,0.230468433,2.437222148,3.701566981,0.9872569,30.88011827,1,37.20652006,4.2227,26.24115118,8.022093676,4.899909731,52.60876773,0.0
TOX-2254,1,10.33766214,6.007551876,0.626580119,14.54022947,5.693334892,6.002600931,4.017042302,14.70630455,0.263165511,2.434965632,3.677207178,0.65618823,32.15436727,1,50.99552701,2.8527,18.90449198,16.00200305,5.316788604,53.14886243,0.046363636
TOX-3864,1,10.9552646,6.005013935,1.239469237,14.5445738,5.694806083,3.510010157,3.134620489,14.70681676,0.212182007,2.44050329,3.675928441,0.988905067,84.31096455,1,49.54524773,4.8302,37.74794288,8.010010605,4.899909731,52.5106359,0.0
TOX-56943,1,10.95191548,6.028559029,1.350476154,14.54512985,5.691155413,7.009360514,3.239769208,14.70068336,0.245030813,2.435748894,3.714944534,0.987222972,30.1305398,1,62.18089745,4.7502,36.45784952,8.029271988,4.899909731,50.75851584,0.016666667
TOX-42979,1,10.94617762,6.028344629,1.140602884,14.54392697,5.685810411,7.008273641,4.037870494,14.70120779,0.226756907,2.431333406,3.714493509,0.991080915,39.64253051,1,58.71116701,4.1171,7.047671983,8.029005804,4.899909731,52.12523491,0.017118227
TOX-48554,1,10.9603743,7.004119151,1.249329631,14.59481693,5.698398103,8.001936895,3.134800478,14.65155573,0.293982808,2.442299438,3.756926821,1.895215629,10.63357721,1,24.26546827,2.0362,31.55793979,8.054570185,5.316788604,48.06256398,0.064197531
TOX-2127,1,10.33782447,6.033877018,0.617317582,14.5650846,5.689803713,7.010459648,4.02308357,14.68167357,0.318999816,2.434776319,3.724567716,0.659354681,10.47345186,0,20.7712116,1.89532,0.0,16.00200428,15.37336159,48.60355078,0.039285714
TOX-37658,1,10.9600534,6.016707092,1.190558926,14.54453383,5.699556486,3.516495578,4.019010338,14.70510984,0.260852421,2.44421452,3.690717412,0.994029366,18.9952537,1,39.19365613,2.5324,33.8538643,8.016984175,4.899909731,49.69514679,0.0
TOX-49983,1,10.9358048,6.031187806,1.130297524,14.54825598,5.674926885,7.009369805,3.277499919,14.69972375,0.236874395,2.419862296,3.718334267,0.996622788,15.95025532,1,72.56666833,4.2591,41.52870298,8.032571013,9.883888252,49.69633939,0.024944014
TOX-2574,0,10.31915686,6.019728152,0.298667199,14.54441973,5.699182988,7.016344671,4.045320289,14.70023357,0.372122895,2.435045624,3.771659218,0.641876856,10.03888347,0,24.47146181,1.5976,5.316788604,17.00110514,4.722094864,51.66322861,0.094593973
TOX-37004,0,11.03599785,6.024894493,1.330895207,14.5651489,5.758087547,7.01045371,3.331527195,14.70175969,0.294524704,2.476232679,3.709992179,0.987785345,4.983978521,0,26.18620207,1.066,0.0,8.024940726,18.68527746,47.35992443,0.0
TOX-5842,1,10.95441969,6.03332563,1.203540217,14.55377581,5.694096489,7.018157242,3.205031091,14.70177761,0.204044383,2.440057514,3.718597537,0.987131671,42.53430883,2,112.0962562,1.2278,26.17902562,8.033789649,52.33412829,48.52081214,0.070472237
TOX-16539,1,10.95427583,6.02813221,1.27115988,14.5577232,5.69380067,7.008271125,3.227371722,14.70146428,0.294786656,2.439529925,3.714024657,0.993949919,11.5629142,0,12.48718869,2.8352,6.606881965,8.028775566,9.551078169,50.36466586,0.0
TOX-2097,0,11.13946149,6.021971194,1.599346032,14.54458671,5.873400948,7.008267008,3.119530032,14.70271345,0.376668408,2.599281124,3.701983959,0.993908522,0.0,0,0.0,0.0945,14.09534397,8.022020301,4.899909731,44.43389942,0.0
TOX-12809,0,10.95488983,6.023212656,1.377009761,14.54027608,5.694399307,7.009368475,3.13580859,14.70068366,0.345131174,2.439742699,3.714008735,1.895319678,5.316788604,0,12.13273414,0.8911,6.544756406,8.029022667,5.316788604,47.85092308,0.074107143
TOX-46212,1,10.95376269,7.00909841,1.14778284,17.42774027,5.693141687,8.004836294,4.029779486,13.3034515,0.289171182,2.437873391,4.020619527,0.99292411,0.0,0,35.75647885,5.63938,0.0,9.009113637,0.0,48.98668252,0.0
TOX-21151,1,10.98919348,6.03333275,1.06725251,13.65376449,5.728778178,7.009392758,4.118369055,14.6997695,0.195449224,2.473932156,3.723520327,0.993056768,13.8474744,0,113.2183254,1.6423,13.21376393,8.039359772,0.0,47.78858253,0.057326797
TOX-13429,0,11.03581574,6.030158208,1.142586744,14.54456049,5.775020641,7.009373392,4.025492344,14.70029021,0.207951721,2.517214771,3.716758165,0.99275899,0.0,1,60.54984206,1.9085,27.81202347,8.032512992,4.899909731,47.40384606,0.035294118
TOX-1798,0,10.91333688,5.009728009,1.182557808,14.54389991,5.652991313,2.274047121,4.022102843,15.59209402,0.196581558,2.398935257,3.259711164,0.989557736,99.44883107,1,39.92546536,5.7693,7.047671983,7.031489938,4.899909731,55.01243032,0.0
TOX-14028,1,11.03313978,6.02811719,1.14039326,13.64265225,5.772612293,7.008268694,4.02489633,14.70146946,0.277907924,2.516811115,3.713940773,1.825917324,0.0,0,19.26246487,1.8838,6.606881965,8.028759823,0.0,50.11624563,0.0
TOX-64428,1,10.94898206,6.022305792,1.27130774,14.54328384,5.688636044,7.008271862,3.180578576,14.70237613,0.226756907,2.43428151,3.702304666,0.987188753,32.59485853,1,51.46715453,5.1931,13.15163837,8.022400739,4.899909731,52.12523491,0.0
TOX-31252,1,10.95447044,7.004119505,1.145720115,14.5947793,5.693373547,8.001937367,3.177273624,14.65155266,0.272235676,2.437887934,3.757012554,0.993937834,12.2405258,1,61.6115796,3.0234,19.69639478,8.05466325,5.316788604,49.24831395,0.022444444
TOX-47630,1,10.94677394,6.02855723,1.231999289,14.54328121,5.686369866,7.008274469,3.186726528,14.70084391,0.2202265,2.431829086,3.714464005,0.987818085,30.02274814,1,86.65235925,5.309,41.0257874,8.029347493,4.899909731,50.95720716,0.0
TOX-40083,1,10.95454072,6.02320962,1.154398866,14.54453579,5.69422548,7.009358128,4.029854521,14.7017835,0.229842545,2.440205484,3.703529631,0.995948102,29.165378,1,56.72403094,4.0959,24.53417895,8.02326327,4.899909731,52.52698519,0.0
TOX-14360,1,10.94616173,6.021919195,1.343259154,14.54326703,5.685795375,7.008269306,3.144334495,14.7027169,0.227496785,2.431709451,3.701410081,1.857067161,41.30776518,1,30.52295567,4.4388,19.63426922,8.021957536,4.899909731,53.97531359,0.0
TOX-29759,1,10.9760012,6.037172926,1.0689175,13.6520322,5.715626221,7.00828978,4.118302278,14.69751724,0.210408707,2.460443954,3.735012667,0.993419174,19.92349451,0,93.08883735,3.6679,7.109797541,8.039494058,0.0,50.07845824,0.03980464
TOX-28487,0,11.01166136,6.028576755,1.23852203,14.54782491,5.748296749,7.009357518,3.217238086,14.70069318,0.2914538,2.48662329,3.714552531,0.987843778,0.0,0,33.10993927,1.1059,13.65455395,8.029200622,9.799819462,48.16612657,0.0
TOX-4473,1,10.94617778,6.028133472,1.180364458,14.54453526,5.685810605,7.008272359,4.033825309,14.70120879,0.262620935,2.431333975,3.714408253,0.994937389,0.0,1,25.22224695,2.0273,27.24698234,8.028988879,4.899909731,51.25705673,0.022727273
TOX-21685,1,10.9091833,6.028296358,1.132812936,13.65575668,5.648713418,7.009400182,4.023060181,14.70178848,0.200039512,2.393576394,3.719887417,0.993054282,0.0,0,84.89312906,-0.24928,7.109797541,8.040625984,0.0,46.95737908,0.081185723
TOX-1866,1,10.95486542,6.030445206,1.160272421,14.54391307,5.69448662,7.009357828,3.204023861,14.6997246,0.272592543,2.439904667,3.717204242,0.996276586,4.899909731,1,32.02204937,1.8677,14.15746952,8.031262495,4.899909731,49.89576793,0.0
TOX-6477,0,10.32651419,6.020581328,0.305642399,13.65472608,5.806298244,7.014237499,4.037986191,14.70120815,0.257568938,2.552256273,3.790184171,0.645551235,11.10682263,0,6.420821623,3.7267,6.606881965,16.01377012,0.0,48.8747994,0.033115468
TOX-4430,0,11.25517911,5.003022716,1.996977284,13.62317089,5.993968191,6.003022716,1.11,14.7081661,0.484196257,2.732864045,3.667135955,0.996977284,0.0,0,0.0,-0.3915,7.109797541,8.006031809,0.0,35.24298247,0.261111111
TOX-3038,0,10.31977204,6.017795431,0.29894288,14.55917253,5.69927617,7.014204842,4.043808759,14.70176922,0.38906021,2.440357676,3.768173575,0.644235721,14.69005191,0,24.26546827,0.8682,17.56555988,16.01312212,9.967957042,46.62335175,0.084449761
TOX-44250,1,10.94138879,6.022024452,1.237602015,14.54327325,5.680945756,7.00827142,3.233129561,14.70251552,0.206731884,2.425949639,3.70154229,0.9872569,43.0128524,1,61.32352731,6.42894,26.24115118,8.022093241,4.899909731,53.59345691,0.0
TOX-1820,0,10.31129255,6.024935639,0.609580987,14.5583646,5.713741142,7.010463829,3.271270783,14.69664294,0.351373429,2.453728173,3.715079316,0.649545668,20.44045837,0,18.57286184,1.29272,18.59631863,16.00611048,20.18465538,47.80427002,0.066284466
TOX-20380,0,11.06489179,6.028074672,1.221074857,13.642648,5.804422509,7.008268228,3.04815656,14.70147032,0.324141109,2.549045148,3.713898872,0.98799068,6.9237372,0,6.420821623,0.9595,6.606881965,8.028754049,0.0,48.11720402,0.0
TOX-37864,1,10.95307692,6.044586595,1.27681254,14.66292763,5.691227166,7.013335473,3.180410573,14.66200472,0.373505774,2.435326977,3.740958666,0.767070749,21.20534665,0,24.61992283,3.50322,35.48309691,17.00212473,10.01782505,45.09338055,0.049890653
TOX-26494,0,11.0373265,6.029270188,1.099697305,13.64525616,5.776448162,7.009370661,4.117752941,14.69973775,0.322725018,2.518239341,3.718054071,0.993381811,4.736862954,0,20.7712116,-0.2264,0.0,8.031477522,0.0,44.79522285,0.092649573
TOX-19587,1,10.94618559,6.007551228,1.197011995,14.54022879,5.685797744,6.002600534,4.017040152,14.70630459,0.242702482,2.431193614,3.677195943,0.989261527,39.07810447,1,51.81195605,2.43124,13.15163837,8.010528746,5.316788604,50.03459997,0.050740741
TOX-7364,1,10.95983817,5.074893314,1.304736695,14.56754056,5.699501686,4.005317796,3.077628731,15.58183738,0.383527693,2.442691451,3.492981239,0.774007901,20.26872417,0,24.26546827,1.8508,11.05045608,17.00110214,14.95193556,45.15737193,0.096507937
TOX-2604,1,11.00211683,6.02319148,1.166881341,13.64329767,5.741739433,7.009375683,3.179037879,14.70059115,0.223856196,2.487178028,3.714198631,0.987935533,6.9237372,0,25.68328649,3.2511,0.0,8.029325126,0.0,49.51615072,0.059285714
TOX-5776,0,11.15389716,6.005003834,1.39399682,13.62759512,5.892510668,6.003741824,2.177191169,14.70617305,0.338376163,2.630534302,3.677376209,1.89569629,4.736862954,0,0.0,-1.0124,26.42752786,8.011043776,0.0,41.25224373,0.161904762
TOX-3477,0,10.31808426,6.028380823,0.297903617,14.55043141,5.693944123,7.016932147,4.042952867,14.69994673,0.320172134,2.439664284,3.76907194,0.616499497,10.63357721,0,19.41092589,-0.2338,19.345282,16.01343864,24.73861266,47.44697322,0.049287749
TOX-43697,0,11.01548141,6.02452493,1.147191737,14.54452176,5.754712784,7.010447274,4.029840599,14.70178023,0.311841511,2.498743754,3.707167622,0.987940801,17.21251289,0,19.26246487,0.466,0.0,8.024947012,10.63357721,46.68810265,0.087830688
TOX-43643,0,10.95338404,6.00753804,1.445970099,14.55204278,5.692996442,5.013258674,3.073446637,14.70681818,0.331611445,2.438391295,3.676453869,0.995948044,0.0,2,24.61992283,1.30979,6.606881965,8.010056088,0.0,49.45226262,0.106111111
TOX-15424,0,10.95448866,6.025808913,1.251911827,14.56453592,5.693241641,7.011571041,3.246089416,14.69977294,0.311046584,2.437634947,3.717947235,0.996963131,25.25270269,0,30.6862899,-0.4383,23.41491667,8.032192554,25.25270269,43.33367577,0.119887955
TOX-33189,0,10.43534551,6.024428953,1.003532859,14.54073707,5.687404409,7.010456928,3.31586759,14.70046913,0.422649604,2.416747345,3.714518394,0.151462963,5.316788604,0,73.33606337,2.1848,5.316788604,53.00226791,0.0,70.13725458,0.09281746
TOX-41039,0,10.33797963,6.02566803,0.622219126,14.55692538,5.792062278,7.011532595,3.191015409,14.70177583,0.315046958,2.526208156,3.707208568,0.654904841,20.60153425,0,19.76538045,-1.4666,12.29761001,16.00200361,25.50144398,47.65192099,0.091630592
TOX-68388,0,10.95873464,7.004118661,1.442956351,14.59506506,5.693787775,8.001936098,3.197659132,14.65159077,0.347400129,2.4341644,3.756845833,0.995037577,25.25270269,0,25.98020854,2.62154,5.316788604,8.054446025,19.93591408,43.33927508,0.051069703
TOX-9061,1,10.95384813,6.022144736,1.257501086,14.54351504,5.69341401,7.00829362,3.132362682,14.70116909,0.300304889,2.438527978,3.713888924,0.767070867,4.899909731,1,48.38247553,3.7173,29.74942943,17.0021248,0.0,52.14866913,0.05917014
TOX-15416,1,10.94812681,6.006632174,1.26923866,14.54326807,5.687797393,3.511069799,3.167892849,14.70588791,0.244324904,2.433594478,3.677593728,1.893177621,53.43084628,1,11.12690298,3.1248,39.45491511,8.011246035,4.899909731,52.4997459,0.0
TOX-32573,0,10.95364816,6.026102004,1.249939768,14.55948278,5.69261454,7.0115751,3.210186671,14.69625418,0.292886994,2.437057028,3.718668444,1.894251174,10.47250133,1,41.9616539,-0.0958,13.15163837,8.033287018,10.21669833,44.8281851,0.103552972
TOX-38238,1,10.95390138,6.028721599,1.25436494,14.54529583,5.693494568,7.009363481,3.126613648,14.70062194,0.241870402,2.43887446,3.715149937,0.994925772,15.53348694,1,42.91843258,3.7809,27.24698234,8.029478671,15.53348694,50.80680069,0.028211068
TOX-38119,1,10.30218253,6.021721464,0.282466191,14.54391334,5.692825997,7.016355188,4.166030083,14.70024474,0.257972706,2.436139585,3.771901259,0.637582413,4.899909731,1,74.66808614,3.0618,60.08208217,16.01514242,4.899909731,51.41508576,0.0
TOX-55451,1,10.93100171,6.008642492,1.233462408,14.54391048,5.670586163,6.002809201,3.280087002,14.70553231,0.223326464,2.415797261,3.681147175,0.996194706,54.41215119,1,73.18386565,5.1082,27.81202347,8.012917195,4.899909731,52.74954765,0.015221774
TOX-73818,1,10.94699626,6.029111627,1.067158368,14.54789385,5.686519612,7.01046573,4.156929066,14.70036372,0.253403993,2.431284873,3.715664775,0.993060166,10.63357721,1,51.4575015,0.75452,26.01901453,8.030649833,10.21669833,47.78021205,0.098888889
TOX-17161,1,10.94765544,6.041711939,1.143303211,14.55572394,5.686335428,7.021466873,3.274158052,14.69976969,0.210711878,2.430210264,3.731074448,0.987145626,26.58394302,1,81.75594084,-0.29088,59.68650216,8.042545991,50.6666128,47.49939362,0.041967556
TOX-4845,0,11.0831597,5.010294907,1.173859248,13.62794805,5.822090483,6.006924281,3.152447363,14.70714305,0.324834147,2.562649534,3.67507946,1.985350825,0.0,0,0.0,-2.9463,13.21376393,8.011038594,0.0,40.03243239,0.261111111
TOX-2128,1,10.94817359,6.022245143,1.260056207,14.55841876,5.687614976,7.0082825,3.270884596,14.70267342,0.231800442,2.433281389,3.705508068,1.857419245,75.44746867,2,36.22521515,4.1269,32.72378203,8.022395604,19.35089763,52.16578438,0.014362374
TOX-32302,1,10.96020898,6.022050636,1.233242656,14.54500827,5.698962653,7.008272387,3.066279938,14.70240711,0.250333393,2.443234474,3.702602279,0.988933651,15.95036581,1,37.10711152,2.8785,18.46842697,8.022326057,10.63357721,48.81658277,0.074482759
TOX-16166,0,11.06648925,6.030286895,1.252825729,13.64490762,5.806145283,7.009356631,3.043358736,14.69976983,0.223202327,2.551746844,3.716678853,0.987131395,27.6949488,0,37.51909858,3.7254,13.21376393,8.031073902,0.0,48.11181794,0.0
TOX-2262,0,11.03863351,6.022237866,1.176140443,14.56071643,5.765757699,7.008281865,3.23687242,14.70242649,0.353142425,2.489678002,3.704249716,0.993947406,20.60153425,0,6.9237372,-1.7002,22.91200109,8.022436222,9.967957042,42.71548795,0.190441176
TOX-13048,1,10.94355912,5.01328439,1.117856401,14.54327058,5.6831155,6.002806357,4.029014112,14.7081616,0.226510609,2.428506269,3.668026501,0.993453113,24.8137512,1,72.73848258,3.3264,13.08951281,8.006130678,4.899909731,52.82597906,0.021825397
TOX-68390,0,10.95918091,5.044848962,1.453333272,14.56260765,5.694955368,5.013226932,3.194471473,15.5849272,0.293635464,2.436107339,3.346593916,2.734399017,20.60153425,3,24.26546827,3.02167,10.63357721,7.081448949,9.967957042,48.08610649,0.087871854
TOX-3535,0,10.31139384,6.030009902,0.610020957,14.54425166,5.736932743,7.011548955,4.030064606,14.6997625,0.353008346,2.47598401,3.718785818,0.650189627,10.05365156,0,11.44642984,0.0986,19.46953311,16.00488866,10.21669833,47.26150101,0.081696429
TOX-74930,0,10.95226218,6.023842012,1.362580153,13.64367314,5.691616727,7.009371858,3.215233323,14.70052397,0.2605904,2.435244857,3.714475867,0.987234405,0.0,0,26.83757867,2.9302,19.82064589,8.029663569,0.0,48.33004165,0.026482213
TOX-41296,1,10.95309391,5.012777225,1.161020354,14.54326554,5.692763899,6.002557535,4.023993179,14.70816248,0.215108008,2.438573892,3.667764974,0.987936273,23.95638107,1,44.3362508,3.9404,19.63426922,8.006107518,4.899909731,51.61075913,0.021825397
TOX-3996,0,11.03793783,6.024519228,1.149583473,14.54451824,5.776130603,7.010443088,4.029816305,14.70178023,0.307020316,2.516373499,3.706990988,0.987191961,10.63357721,0,25.18037091,1.185,0.0,8.024718895,10.63357721,47.04628719,0.065972222
TOX-18373,0,11.10359052,7.004115847,1.248699356,14.59641471,5.829790631,8.001935232,3.204928999,14.65155481,0.421104502,2.557800033,3.756991075,1.977644245,4.983978521,0,4.923311049,-0.8555,6.606881965,8.054551101,9.551078169,39.57928689,0.097094017
TOX-20957,1,10.94726466,7.014431924,1.16092961,17.43120652,5.687520421,8.007931303,4.025005422,13.30165249,0.304321578,2.431628064,4.030828472,0.774003857,4.899909731,1,67.76887518,5.4444,19.63426922,17.00110371,4.899909731,49.44544794,0.020512033
TOX-52271,1,10.93703275,6.047926507,1.193631513,14.56002901,5.676101622,7.029369523,3.244597726,14.69977034,0.216236288,2.421224322,3.747993985,0.988247405,71.99933896,1,75.25306046,-4.9857,31.97481866,8.055585135,74.10223037,45.73941766,0.110649653
TOX-76257,1,10.94720123,6.021933789,1.189836989,14.54465686,5.686864358,7.008271146,3.183882277,14.70255717,0.231093743,2.432791514,3.701503158,0.993930427,34.06528774,2,17.54772461,2.6513,32.72378203,8.022051246,9.799819462,52.31096762,0.016666667
TOX-5571,1,10.45290338,7.001907774,0.293381552,17.42455252,5.84265654,8.001592577,4.027556684,13.3046995,0.424193202,2.425537205,4.009266164,0.518711859,4.523747162,0,13.8474744,2.2038,6.664825604,15.01107706,0.0,48.42395246,0.0
TOX-3898,0,11.01078928,5.085627168,1.321555017,14.5659001,5.735318725,6.005872694,3.279830063,14.70720281,0.2525601,2.460841805,3.671518216,1.8264672,9.799819462,0,38.52492974,-0.0176,98.38521803,8.009504823,19.93591408,46.69646187,0.057407407
TOX-17173,1,11.06014192,6.034011468,1.194012344,14.55707075,5.797966395,7.019312856,3.177426606,14.70177764,0.223400502,2.539066541,3.720985373,0.987140724,58.48467464,5,103.3528199,-8.4181,39.26853844,8.036153256,58.48467464,44.67680594,0.14728801
TOX-2033,0,11.07500723,6.011681846,1.153202679,13.63846348,5.813729805,6.010050567,3.192320719,14.70435807,0.274963234,2.552751295,3.694993153,1.98527125,0.0,0,0.0,-5.3972,13.21376393,8.022555961,0.0,41.5679502,0.197849462
TOX-16764,1,11.03400942,6.028078131,1.134644677,13.64265131,5.773640456,7.008268825,4.019932271,14.70146951,0.277907924,2.519115528,3.713914647,1.825902286,0.0,0,12.84164325,1.8838,6.606881965,8.028758199,0.0,50.11624563,0.0
TOX-2579,1,10.99797036,5.02241972,1.54914147,14.54796252,5.731499866,4.00524397,3.049898088,15.58938503,0.394678685,2.469699073,3.287426207,2.819557406,4.983978521,0,12.13273414,0.6638,5.733667477,7.044355852,4.983978521,48.5651618,0.114285714
TOX-6624,1,10.95368394,6.022111665,1.438176076,14.54332739,5.693003861,7.008269211,3.185113507,14.70240456,0.295579842,2.437067518,3.702149052,0.9872569,0.0,0,32.0465756,1.8828,20.19931035,8.022273014,4.899909731,49.06332466,0.033455882
TOX-38658,1,10.95983022,6.022391592,1.30447201,14.69319494,5.699459553,7.008280104,3.267505747,14.70267143,0.269779461,2.442550537,3.705798057,0.773995263,20.96486834,1,31.54366003,2.4928,37.62369176,17.0011032,19.24749412,50.58931037,0.0
TOX-2717,0,10.95114438,6.02426165,1.139157907,13.63941088,5.691215779,7.009356177,4.034750088,14.70178945,0.296714148,2.433508066,3.704822228,0.773996045,0.0,0,0.0,2.8103,21.32939262,17.00110308,0.0,48.98658651,0.0
TOX-11176,1,10.95210655,5.023871735,1.259077363,14.54535508,5.691806555,2.269157262,3.228993248,15.59108376,0.220057948,2.43759048,3.270195451,0.992851774,79.34983717,1,57.12036153,3.8734,25.5400101,7.035035342,4.899909731,53.54234058,0.0
TOX-34697,1,10.29030083,6.011451117,0.268296602,14.54327737,5.835559256,7.006601067,4.02849364,14.70510702,0.283525732,2.415314415,3.704130255,0.470520075,32.59485853,1,34.618686,3.6978,25.56931758,16.01098279,4.899909731,51.99209874,0.0
TOX-21264,0,10.96082878,5.017482857,1.248678238,14.54465346,5.699631581,6.003756491,3.130680626,14.7071684,0.2812221,2.444459644,3.670158892,1.8935763,34.06528774,1,12.13273414,0.1618,44.23057372,8.007494355,4.899909731,49.25750958,0.056553148
TOX-11286,0,10.95235001,6.023406206,1.043481046,13.64317059,5.692082201,7.009369467,3.174118831,14.7006242,0.357576378,2.436531505,3.714207371,0.256013697,15.9299439,0,40.19541217,2.2413,7.109797541,35.00041784,0.0,50.7244265,0.03504902
TOX-68090,0,10.95378934,6.02230754,1.388848309,14.54484502,5.693107767,7.008271277,3.182877364,14.70228966,0.262371362,2.437259596,3.70234394,0.994123596,10.21669833,1,49.9906308,2.5742,41.46657742,8.022542002,10.21669833,49.82381609,0.020322887
TOX-45517,0,10.31320902,6.023235035,0.625045025,14.54442508,5.780256623,7.009355871,4.029817071,14.70178023,0.320743828,2.518233856,3.704095686,0.651456943,17.55731441,0,42.98604553,1.8371,11.50570721,16.00480053,10.63357721,54.06952201,0.055925926
TOX-73630,1,10.31322366,6.023237745,1.129877615,14.54442542,5.664561757,7.009356375,4.034572031,14.70178023,0.328766791,2.410503582,3.704101186,0.6534635,29.05338153,0,25.56243227,1.1293,0.0,16.00441176,10.63357721,52.31879678,0.054444444
TOX-2333,1,10.94364542,6.022099343,1.125866802,14.54451338,5.683302129,7.008270578,4.03952915,14.70250894,0.231093743,2.429098935,3.702069986,0.988008397,60.35458348,1,31.01621821,3.1733,45.93754596,8.02215434,9.799819462,52.31096762,0.0
TOX-2331,0,11.0950537,6.021996897,1.349239129,13.64265232,5.834005519,7.008290115,3.037385507,14.701219,0.37281944,2.573886171,3.71369979,1.856949988,0.0,0,6.420821623,-0.1565,6.606881965,8.028730878,0.0,42.75642475,0.161904762
TOX-52825,1,10.91585063,6.022346334,1.178580348,14.55814468,5.655497921,7.008283309,4.018018979,14.70237738,0.248088245,2.401140703,3.705694773,0.992911863,24.14824152,1,43.85362144,3.681,13.15163837,8.02263665,14.86786677,51.01925461,0.045256167
TOX-7173,1,10.97600125,6.037068942,1.068917501,13.65198909,5.715626273,7.008290361,4.118300632,14.6975274,0.213681246,2.46044406,3.734974319,0.993461313,19.92349451,0,93.08883735,3.0138,0.0,8.039453779,0.0,49.99476597,0.053467001
TOX-38582,1,10.93007456,5.12004527,1.382934037,14.64431073,5.669487319,2.286200735,3.281847198,15.49200395,0.233177533,2.415065365,3.359412142,0.994275857,96.52208783,1,25.72516253,3.4377,39.24144128,7.131723245,9.576012172,52.70468725,0.0
TOX-16978,1,10.93686371,6.0231215,1.247628354,14.54028458,5.676366887,7.009671018,3.293884927,14.70178132,0.267905345,2.421146335,3.705750124,0.996623262,5.316788604,0,47.73109893,2.4815,28.43919017,8.024799712,5.316788604,48.99240858,0.019950739
TOX-24977,1,10.93374915,5.010021668,1.341130113,14.54326568,5.673429383,2.285455997,3.258869342,15.59251499,0.212648738,2.419404485,3.257042629,0.988011551,72.48731762,1,35.23869007,4.2141,19.63426922,7.02963925,4.899909731,54.97145201,0.0
TOX-64657,0,10.9596994,6.023334388,1.223517043,14.54912528,5.695997352,7.009365493,3.287370416,14.70177669,0.279362424,2.435768179,3.705589655,0.99502718,9.967957042,0,67.85093393,2.55342,0.0,8.023453173,9.967957042,50.97160567,0.023232323
TOX-3990,0,11.13922478,6.021893348,1.621467756,14.53787015,5.873346223,7.008271054,3.033613757,14.70271181,0.522959605,2.600952131,3.702110827,0.995958512,5.733667477,0,0.0,-0.5084,0.0,8.022039208,0.0,40.61907819,0.230555556
TOX-17723,1,10.31168404,6.034833918,0.610027023,14.56653059,5.74107645,7.017165204,4.034410103,14.70177454,0.248375978,2.474643099,3.726790816,0.650217768,56.49624036,2,27.6949488,-9.34118,37.78979782,16.0049013,51.50383562,45.02727424,0.146113146
TOX-17177,1,10.93703275,6.034627809,1.228914668,14.56618235,5.676101622,7.019288518,3.242537922,14.70177541,0.229430453,2.421224315,3.721698596,0.988867416,68.1198216,3,73.76883997,-4.17773,32.78590759,8.036307424,73.01973133,46.33234728,0.109113876
TOX-4724,0,10.97297293,6.022037144,1.379671848,14.54784975,5.708751064,7.008292678,3.270245473,14.70105335,0.383030576,2.447976144,3.713903381,0.9959569,4.983978521,0,6.9237372,0.28612,0.0,8.028868577,4.983978521,44.25921832,0.125
TOX-10308,1,10.95368825,7.004054611,1.230814237,17.42477027,5.693061101,8.001917845,3.136256293,13.3041221,0.262005977,2.437911663,4.009930728,0.993918981,11.82364693,1,69.08010841,3.5205,19.63426922,9.004063612,4.899909731,51.40294274,0.0
TOX-7585,0,10.43535289,6.022013866,1.004542166,13.64266722,5.693132132,7.008292569,3.230631068,14.70121666,0.308965762,2.427768211,3.713770222,0.151461337,45.18174125,0,88.0582978,4.0349,0.0,53.00126287,0.0,69.38424747,0.047189402
TOX-8796,1,10.93580481,6.028685073,1.130291661,14.54824823,5.674926893,7.008274641,3.277153064,14.70059515,0.234956902,2.419862298,3.71521185,0.996622853,22.01662239,1,68.05692746,3.8315,41.0257874,8.029972873,9.883888252,49.92387696,0.014864865
TOX-3037,0,10.31977226,6.017548789,0.298943094,14.55917387,5.699276171,7.014204198,4.043807884,14.70214662,0.381323766,2.440357611,3.768117187,0.644235887,14.69005191,0,37.25557254,1.16802,10.45576234,16.01312197,9.967957042,48.14125236,0.084126984
TOX-48332,1,10.45387886,7.004118967,0.290616849,14.59474283,5.69898631,8.001936886,4.029463763,14.65153589,0.301330583,2.426921079,3.757074656,0.536969345,0.0,0,24.97437738,4.7835,12.76879199,15.01026071,0.0,49.79410291,0.0
TOX-4073,0,10.94377386,6.022242064,1.403396736,14.55755073,5.680027645,7.008278153,3.297023259,14.70269469,0.283315023,2.419612885,3.704199848,0.995025016,4.983978521,0,37.6100271,3.00254,0.0,8.022246149,9.551078169,51.19974759,0.0
TOX-54107,0,11.04418118,6.022031306,1.141816871,13.64265803,5.783456231,7.008290808,4.024881528,14.70121819,0.293192097,2.526130292,3.713748709,1.838814635,0.0,0,19.26246487,1.0138,6.606881965,8.028738447,0.0,47.27331747,0.093706294
TOX-11164,1,10.33722744,5.058058944,0.62823414,14.5543861,5.693609433,3.037246197,3.221838299,15.58657961,0.294944701,2.433746285,3.492991379,0.660645381,41.11295972,3,37.37950732,4.1303,33.22669761,17.00110385,9.799819462,54.69246037,0.0
TOX-9746,1,10.31105575,6.028771812,0.609853722,14.5409219,5.679964875,7.008270613,3.239386437,14.70146242,0.387279638,2.421732537,3.714652682,0.650321105,5.316788604,0,23.57916398,2.6195,7.047671983,16.00450261,5.316788604,51.45672972,0.037142857
TOX-2006,1,10.93309612,6.007460382,1.162286028,14.54815776,5.670063382,6.002602213,3.253704061,14.70604053,0.246437232,2.412280259,3.67869836,0.987909094,16.80762545,1,61.05113151,3.3972,20.19931035,8.011353818,9.883888252,51.60129515,0.019888889
TOX-79274,0,10.93356832,7.005164939,1.25884683,17.42581528,5.669330684,8.002963377,3.326158113,13.3031547,0.335547136,2.408117605,4.011379854,1.892177275,5.316788604,1,18.90801031,1.7224,31.07893535,9.005171581,9.883888252,46.1138177,0.046603175
TOX-18552,1,10.94179207,6.009367791,1.057626862,14.54391118,5.681291129,6.003751365,4.122411079,14.7056511,0.228397207,2.426400795,3.681740204,0.987739882,37.0897262,1,57.82927064,3.1636,20.70222593,8.013242252,4.899909731,51.43078856,0.032222222
TOX-4206,1,10.94645831,6.028102497,1.252263129,14.54326959,5.686136217,7.008271544,3.194061783,14.70146482,0.237032453,2.431973502,3.713963446,0.9872569,18.74738413,1,24.2164158,3.7035,26.24115118,8.028775459,4.899909731,52.57093764,0.0
TOX-37706,1,11.01302168,6.013765908,1.129869872,14.54372637,5.751839907,6.004708298,4.022991206,14.70421929,0.253188771,2.49494858,3.693300943,0.987841341,10.63357721,5,39.43382894,-3.2007,26.74406676,8.020297192,10.63357721,44.93721037,0.155808081
TOX-7944,0,10.95278763,6.022031431,1.04385782,13.64253858,5.694408121,7.008290134,3.134601885,14.70144456,0.432436544,2.437628176,3.713699205,0.256017162,15.9299439,0,24.26546827,2.1473,0.0,35.00041762,0.0,52.96095325,0.050909091
TOX-45553,0,10.99423621,6.024521699,1.139321484,14.54451906,5.73345408,7.010443909,4.034599173,14.70178023,0.304647524,2.477651522,3.707004011,0.987164903,10.63357721,0,11.83581209,1.207,0.0,8.024721383,10.63357721,47.82919844,0.06130031
TOX-48550,1,10.9474237,6.007541302,1.249329617,14.54145386,5.686362601,6.002601984,3.17916347,14.70630433,0.247886497,2.431429776,3.677207406,0.995016014,42.68015281,1,43.17347859,2.74484,31.55793979,8.01053507,5.316788604,51.24173559,0.057859532
TOX-75651,1,10.95916765,6.023525631,1.231141639,14.56083305,5.694847838,7.009371146,3.283682103,14.70173061,0.266924111,2.435761438,3.70752111,1.857410959,14.86786677,1,50.07268955,2.6998,19.63426922,8.023703505,24.00206607,49.65823158,0.033667037
TOX-47483,1,10.92685201,6.031841233,1.24929597,14.55066296,5.665996021,7.016071132,3.268374575,14.70007614,0.257888189,2.410984782,3.723929699,0.773067424,31.56792154,0,117.8069323,9.1969,7.047671983,17.00625293,36.46783127,46.42819083,0.072107179
TOX-1740,0,11.01647537,4.026753629,1.132415537,14.53781164,5.755363005,4.004426265,4.019011147,15.59610106,0.236986489,2.500292971,3.224012654,1.952420526,0.0,1,56.27864788,1.9139,0.0,7.01240699,0.0,51.31081386,0.067132867
TOX-31865,0,10.94379772,6.022991989,1.25010849,14.56286101,5.680236157,7.008277322,3.287957909,14.6969907,0.351633421,2.42032744,3.707729817,0.99393789,4.983978521,0,12.13273414,0.9422,6.606881965,8.023224101,9.714386163,47.59860175,0.0
TOX-25535,0,10.31188901,6.010329345,0.610217567,14.55084995,5.692196026,3.516754137,3.233453727,14.70547596,0.296314947,2.436958341,3.684328786,0.65033573,22.43350126,0,17.69618563,4.448,26.64618123,16.00450359,4.983978521,52.00746887,0.020564103
TOX-6602,1,10.94394467,6.021944522,1.15448027,14.56345962,5.683108301,7.008276904,4.03160558,14.70270535,0.22453641,2.428130428,3.702135332,1.826488575,40.13450905,2,56.32052391,3.69218,32.72378203,8.022053004,9.799819462,52.06158722,0.027879902
TOX-2049,1,10.95349593,6.010090409,1.304326605,14.55438917,5.693165634,3.511084913,3.221838299,14.70681529,0.294944701,2.43598713,3.677049833,0.774000586,16.84749144,3,37.37950732,3.7714,33.22669761,17.0011029,9.799819462,51.88547242,0.0
TOX-44350,1,10.9600534,6.016474138,1.190448873,14.54326593,5.699556486,3.516016947,4.019010568,14.70612445,0.258518819,2.44421452,3.690335956,0.995954298,4.899909731,1,38.06389019,3.05,19.63426922,8.016542186,4.899909731,51.24055896,0.0
TOX-77749,0,10.95370753,6.021919877,1.361997656,14.64180947,5.691962754,7.008269155,3.147969218,14.70270909,0.326625389,2.4359253,3.701926605,1.895303732,15.51117744,0,17.69618563,1.4864,0.0,8.022020234,14.97686957,47.42746249,0.02797271
TOX-9081,0,10.20091607,6.010056117,0.259944614,13.63465576,5.889482891,3.518840324,4.029425433,14.7070524,0.370098261,2.409883682,3.695614683,0.390558573,6.9237372,0,17.5597097,2.2734,32.33218426,16.04250799,0.0,57.26936457,0.0
TOX-42910,0,10.3132235,6.023236496,1.105124489,14.54442533,5.766565072,7.009355976,4.039329835,14.70178023,0.305268213,2.507640548,3.704099763,0.653459628,24.48105161,0,42.31031925,1.4518,0.0,16.00441176,10.63357721,51.99467587,0.054444444
TOX-2183,1,10.95438844,6.028124665,1.385148945,14.54349531,5.693155379,7.008270623,3.136200904,14.70146487,0.2812221,2.437591499,3.713966072,0.9872569,18.74738413,1,37.35498109,1.7674,31.97481866,8.02876979,4.899909731,49.25750958,0.056553148
TOX-1716,0,11.14778508,6.005002263,1.396233862,13.62699483,5.886936081,6.002690931,2.166217257,14.70630616,0.324698735,2.627839765,3.676598463,0.988021796,0.0,0,6.9237372,0.0152,19.82064589,8.010457739,0.0,42.77199663,0.093650794
TOX-43671,0,10.31322401,6.023235461,1.128575771,14.54442457,5.745590461,7.009355652,4.034556114,14.70178023,0.319992958,2.490241111,3.704093201,0.653461826,10.63357721,0,30.97742274,1.516,0.0,16.00441165,10.63357721,51.91411467,0.058204334
TOX-17205,0,11.06062403,6.028695457,1.235473102,13.64479211,5.800205646,7.009369213,3.048232442,14.6997713,0.285227723,2.54526633,3.716503352,1.824543216,0.0,0,25.68328649,1.7271,0.0,8.030945902,0.0,47.48773087,0.041269841
TOX-45278,1,10.95422464,6.022440637,1.184271148,14.54373705,5.69388598,7.008270934,4.025017601,14.70226178,0.253751947,2.439626664,3.70247401,0.9872569,24.06417273,1,25.22224695,3.1589,26.17902562,8.022561912,10.21669833,50.98731424,0.019230769
TOX-69301,1,10.32922576,6.023355508,0.616513366,14.5515702,5.684134773,7.009360974,3.250976126,14.70179194,0.262870375,2.422920067,3.704664608,0.654726685,38.43882772,1,55.89326365,3.3737,44.16844817,16.00475426,14.17335944,52.16102203,0.0
TOX-1846,1,10.33721517,5.009387037,0.628228872,14.54453185,5.67552918,2.262628625,3.236965769,15.59167445,0.271737253,2.415772792,3.492955844,0.660644092,61.46947621,1,61.48164138,5.188,20.64010037,17.00110364,4.899909731,57.31641877,0.0
TOX-25374,1,10.3118896,6.009014193,0.6102182,14.55084662,5.692196052,3.515274695,3.231480176,14.70549059,0.298381325,2.43706202,3.681888282,0.65033795,27.81356403,0,6.066367068,4.4394,19.53638369,16.00450334,4.983978521,52.77130921,0.021376812
TOX-78650,1,10.98625449,6.022119546,1.135982165,13.64339133,5.725891401,7.008300018,3.201844764,14.70072299,0.186421393,2.4714537,3.714259731,0.987503182,26.84723171,0,63.36049914,5.5977,0.0,8.02939143,0.0,48.87577717,0.059351852
TOX-17589,1,10.95118351,7.004057293,1.043843133,17.42477165,5.692719691,8.001919445,4.024003773,13.30412073,0.279296209,2.4364539,4.009944468,0.256011488,20.82985363,1,67.76887518,4.5347,19.63426922,35.00041819,4.899909731,54.45898036,0.019251119
TOX-16606,1,10.9540189,7.00405608,1.271144154,17.42477044,5.693297807,8.001917873,3.22743382,13.30412145,0.347497221,2.438460026,4.009935672,0.993730906,9.720841475,0,24.61992283,2.4181,7.109797541,9.004064396,9.551078169,47.7120697,0.0
TOX-39242,1,10.95448949,6.021984834,1.231881664,14.54453206,5.69415745,7.008270173,3.190811791,14.70271002,0.24734956,2.440017312,3.701947902,0.773995268,18.74738413,1,56.51803741,4.7885,17.98942254,17.00110318,4.899909731,53.81753366,0.0
TOX-4347,0,11.25660594,4.0159302,1.976635738,14.64593411,5.98792436,4.008064242,2.023663693,15.48735811,0.386253443,2.719182463,3.315331695,0.995967497,11.26846167,0,7.047671983,-0.9205,7.047671983,7.115655312,5.425791397,32.17249284,0.333333333
TOX-7033,1,10.98186538,6.023792492,1.382704403,14.54467479,5.718741823,7.009355191,3.299883977,14.70178879,0.283527249,2.456735773,3.704667667,0.987144496,0.0,0,12.84164325,1.0458,39.39278955,8.023942355,9.799819462,48.56077028,0.0
TOX-42891,0,11.02973755,6.024520537,1.106658138,14.5445183,5.768035564,7.010443072,4.039324073,14.70178023,0.319946029,2.508843413,3.706996578,0.992749098,10.63357721,0,24.17453976,0.6508,0.0,8.024719263,10.63357721,47.39273347,0.065972222
TOX-7500,0,11.03600994,6.023840648,1.382402703,14.56527022,5.75812983,7.00937249,3.331103083,14.70177583,0.373699527,2.476249057,3.709378711,0.996026452,4.983978521,0,0.0,-1.574,6.606881965,8.02401025,18.68527746,43.33286193,0.037867647
TOX-3184,0,11.0576563,6.022007812,1.226094862,13.6425371,5.797003582,7.008289747,3.122724576,14.70144442,0.263571353,2.540098007,3.713659561,0.987144715,0.0,0,12.84164325,2.2874,0.0,8.028629964,0.0,47.39319532,0.05030303
TOX-4565,0,11.05556406,6.023219933,1.002208157,14.54371702,5.800159628,7.009357605,4.023940307,14.70178463,0.381917115,2.535565276,3.7048498,0.25601764,15.9299439,0,12.84164325,1.135,0.0,35.00041769,5.316788604,52.11171047,0.12
TOX-15730,1,10.95154765,6.008619991,1.251787971,14.54022369,5.691044239,3.514852422,3.131903086,14.70553298,0.246089621,2.436348332,3.680100506,0.987865389,36.50599408,1,48.35794929,3.5971,20.76435149,8.012324514,5.316788604,52.19026202,0.022366522
TOX-66941,0,10.31976145,6.017545306,0.298924316,14.54816494,5.665758244,7.01420356,4.043919002,14.70214856,0.368817178,2.407516798,3.768094031,0.644237013,9.706073385,1,12.13273414,0.4718,13.08951281,16.01312184,9.706073385,50.0769195,0.086470588
TOX-24793,1,10.94334728,6.009834999,1.090959635,14.86030298,5.682849297,6.027339934,4.034936513,14.70629055,0.288878979,2.427879482,3.677964165,0.996964113,28.52471542,1,56.82343949,2.57158,13.59242839,8.010652261,4.899909731,49.09849934,0.022342995
TOX-40192,1,10.95178546,6.028545408,1.147601728,14.54327073,5.691451605,7.009358246,4.029869051,14.70069615,0.236787941,2.437289055,3.714346396,0.988014548,4.899909731,1,38.41834475,3.8563,26.24115118,8.029180826,4.899909731,52.20366431,0.0
TOX-44956,1,10.94645827,6.028209058,1.252261891,14.54327022,5.686136175,7.008272042,3.194078474,14.70118999,0.244878144,2.431973429,3.714078052,1.857614951,4.899909731,1,17.54772461,3.084,39.45491511,8.028926324,4.899909731,51.86229043,0.0
TOX-15561,0,10.96083296,6.021996237,1.265752107,14.64056003,5.699661141,7.008268253,3.23393227,14.70270979,0.292681799,2.44452778,3.701993175,0.994283972,6.578935684,1,26.2280781,1.3239,26.15192847,8.022022034,9.908822255,49.9250069,0.0
TOX-8084,0,11.03600334,6.023841487,1.268152168,14.5652719,5.758103885,7.00937293,3.331170956,14.70177583,0.353580661,2.476214393,3.709388078,0.993548466,4.983978521,0,6.9237372,-1.1855,0.0,8.024013015,18.68527746,44.41627093,0.03496732
TOX-40180,1,10.31140383,6.028538377,0.61004672,14.54453704,5.699610786,7.009358818,4.029862353,14.70063099,0.263654439,2.444374082,3.714932398,0.650315798,22.41270664,1,42.84162884,3.7414,31.64397649,16.00450374,4.899909731,52.74312587,0.0
TOX-38408,0,10.4353455,6.025972581,1.003540298,14.54284617,5.687535812,7.011544449,3.320929005,14.7003216,0.367319683,2.416424457,3.715314578,0.151462965,15.95036581,0,67.77261188,1.6494,32.6258965,53.00226837,10.63357721,65.23697496,0.075849121
TOX-21087,0,10.99474444,6.023166199,1.520503881,14.63723384,5.729481135,7.009352782,3.135826084,14.70177616,0.395721885,2.468313868,3.703831803,0.995957824,15.83556132,0,12.13273414,-0.1375,0.0,8.02328516,15.83556132,44.57676774,0.081367521
TOX-65248,0,10.31130302,6.01755816,0.296102821,14.56504957,5.699443888,7.014206883,4.048712497,14.70214338,0.341609955,2.436634444,3.767166528,0.644217594,9.984809465,5,62.37841095,2.3583,4.899909731,17.0011043,0.0,50.10075554,0.076336996
TOX-4305,0,10.8890873,4.271877806,1.366096012,11.64534592,5.628787299,2.27809708,3.271877806,20.20831357,0.197874922,2.374787299,3.131045925,2.751425656,72.79640482,0,44.45007942,5.1462,0.0,6.385045925,0.0,54.03057923,0.0
TOX-79336,1,10.94726687,6.032681779,1.236109166,14.5407126,5.687673149,7.010452547,3.291197268,14.69970578,0.311605627,2.430261027,3.720320919,0.772906012,5.316788604,0,32.40103016,3.4282,13.71667951,17.00214138,5.316788604,49.26103141,0.056883117
TOX-12986,0,10.91254763,6.023381522,1.359822534,13.643173,5.652167727,7.009370283,3.271992833,14.70062405,0.279690484,2.397620111,3.714155256,0.997574429,0.0,0,17.51895835,2.8959,7.109797541,8.029218598,0.0,49.60213394,0.028070175
TOX-15542,0,10.95720184,6.009006948,1.043343552,14.54580336,5.698134623,3.515276024,3.213198649,14.70549059,0.243388721,2.439166844,3.681897295,0.256007222,64.39098896,2,42.10896952,3.9563,71.47755606,35.00041819,9.799819462,51.7585969,0.0
TOX-47467,0,11.01555607,6.028841294,1.200361501,14.69133465,5.749570488,7.00827212,4.01706466,14.70118709,0.285910243,2.486780611,3.714201868,0.989515791,25.62447227,0,39.82768294,1.8328,36.62897787,8.028948453,10.19736362,46.86293358,0.023166667
TOX-9974,1,10.30509775,5.009385034,0.602920311,14.54453091,5.677820756,2.262426706,3.23439533,15.59167464,0.26164564,2.423717616,3.261843546,0.64863148,60.78317192,1,48.66260294,4.7372,20.64010037,16.00607093,4.899909731,58.65495379,0.0
TOX-42898,0,11.03027514,6.02452231,1.107016858,14.54451981,5.768574089,7.010444255,4.039275356,14.70178023,0.2914538,2.509377166,3.707009269,0.98782286,17.55731441,0,31.09827696,1.5751,0.0,8.024723381,10.63357721,48.16612657,0.057222222
TOX-56763,0,10.33808488,6.022131193,0.622311727,14.54028092,5.693555044,7.008268874,3.182499623,14.7023698,0.335138772,2.437720693,3.702121075,0.654929157,5.316788604,0,17.69618563,1.9555,19.97244869,16.00200233,5.316788604,51.94961875,0.031917211
TOX-4172,0,10.29300592,6.019713835,0.293512562,14.54058112,5.738727796,7.016340158,4.049123751,14.70023786,0.376275018,2.47642679,3.771122695,0.640918968,5.316788604,1,25.9556823,0.612,6.544756406,16.01554629,5.316788604,53.52205474,0.088038278
TOX-1933,1,10.30185572,6.023262771,0.627924131,14.54334078,5.685219178,7.009371207,3.188828368,14.70068304,0.344039361,2.430827773,3.714105191,0.650673801,0.0,0,24.13631333,2.9187,6.544756406,16.00654261,4.899909731,52.59027149,0.025180375
TOX-15161,1,11.04590625,6.028077558,1.135982421,13.64265029,5.785490827,7.00826862,4.019932547,14.70146978,0.296490553,2.530596833,3.713911042,1.838814635,0.0,0,12.84164325,1.4937,6.606881965,8.028756943,0.0,49.93005109,0.0
TOX-72543,0,10.9518276,6.021918123,1.394890483,13.63704987,5.691121228,7.008269795,3.250381386,14.70237223,0.329610578,2.434377386,3.701681394,0.988007999,0.0,0,0.0,1.3961,0.0,8.022266049,0.0,46.95559527,0.119230769
TOX-15715,1,10.9520381,4.0571292,1.251771814,14.54021981,5.691610798,2.5187182,3.131299297,15.59451711,0.215422328,2.437449946,3.238646098,0.987940827,72.90419649,1,30.51330264,3.97,6.544756406,7.020032657,5.316788604,54.5049565,0.022222222
TOX-59746,0,10.94254412,6.022037719,1.216302525,14.55771001,5.682185526,7.008292195,3.183127056,14.70143931,0.294786656,2.427778392,3.713742745,1.892222454,9.551078169,0,48.44000804,2.3864,0.0,8.02864648,9.551078169,50.36466586,0.026140351
TOX-15496,0,10.46188054,6.023639775,0.297773497,13.64798669,5.715288893,7.010058198,4.11832011,14.70147485,0.254180725,2.44984946,3.724628676,0.540218075,11.44748436,0,67.76965845,1.8986,6.606881965,15.01117604,0.0,49.75180057,0.070326797
TOX-1989,0,11.0952141,6.021996044,1.348843418,14.53780102,5.83339157,7.008289364,3.037385507,14.70144377,0.397979297,2.572946168,3.713636089,1.855223253,0.0,1,12.96557803,-0.1901,6.544756406,8.028626495,0.0,42.52826755,0.202857143
TOX-41418,1,10.33599948,6.026932151,0.627734771,14.54652008,5.693368687,7.012639791,3.191243788,14.7017757,0.260853347,2.438648792,3.709327955,0.626953445,15.95036581,1,60.9515464,-0.1801,25.0981356,16.00221457,20.85027554,49.45343331,0.089253686
TOX-21855,0,11.0290767,6.008692477,1.522875578,14.69262978,5.761089209,3.514941622,3.211580113,14.70552685,0.340039978,2.494041976,3.680672994,0.995022836,15.06663885,0,13.8474744,1.29634,14.21959508,8.012375834,19.74844179,46.29350055,0.0
TOX-25713,0,11.06100501,6.025661278,1.247387519,14.55692294,5.792058103,7.011531042,3.190787533,14.70177583,0.30760028,2.526207259,3.707176959,1.856193885,20.60153425,0,19.26246487,-1.8081,6.544756406,8.025823562,25.50144398,45.33641779,0.098428453
TOX-32595,1,10.95376263,6.028467666,1.147777387,14.56324225,5.693141621,7.008273828,4.029779486,14.70118885,0.239440818,2.437873288,3.714193058,0.991060551,25.99271582,0,49.44583919,5.82518,0.0,8.02894476,0.0,52.30500217,0.0
TOX-16774,1,10.98913051,6.032395215,1.067057328,13.65052177,5.728705057,7.00938429,4.118402537,14.69976952,0.198832822,2.473788921,3.720952198,0.993056763,13.8474744,0,94.4587761,2.7889,6.606881965,8.03627506,0.0,48.37043327,0.047482211
TOX-23930,1,10.95866532,6.008400856,1.283532127,14.55331373,5.699912568,3.510177764,3.230214501,14.70681771,0.367982578,2.441608489,3.676775,0.773083371,10.30919334,2,19.05647134,2.7624,13.08951281,17.00212407,5.316788604,52.64503902,0.034331232
TOX-4179,0,11.06553138,5.022608815,1.375053297,14.55615848,5.79591762,4.004846628,3.053575488,15.58592362,0.353923208,2.529853891,3.327174666,1.892226846,9.967957042,1,6.544756406,-0.0891,6.544756406,7.068306914,9.967957042,45.72823054,0.15
TOX-19374,1,10.96389283,7.004061744,1.063596963,17.42477446,5.703335235,8.00180575,4.124002297,13.30411683,0.193498739,2.447857847,4.009897097,0.987697535,6.9237372,0,63.01569762,7.9279,6.606881965,9.004071634,0.0,50.63595456,0.022424856
TOX-31851,0,10.31746392,6.021222822,0.291559477,14.54514015,5.853438116,7.014496527,4.038547883,14.70061822,0.376232964,2.441671076,3.778664531,0.540504124,9.270380496,0,12.84164325,1.0115,44.98380578,17.00110344,9.757711253,50.4667839,0.034172932
TOX-6610,0,10.99833885,6.028246412,1.123106336,14.54327641,5.737965907,7.008273171,4.033528477,14.70088791,0.258538009,2.483550305,3.714668974,0.98852855,4.899909731,1,24.8355694,0.3268,26.80619232,8.029318716,4.899909731,47.64256453,0.049368687
TOX-38419,0,10.96020302,6.022079667,1.249179456,14.54431661,5.698914005,7.008271102,3.163035047,14.70241455,0.269831805,2.443074671,3.702200558,0.988569946,5.316788604,1,24.26546827,1.407,25.09922008,8.022268948,5.316788604,48.6444489,0.050454545
TOX-47986,0,10.99305303,6.022241704,1.353862471,14.56002974,5.722975699,7.008277404,3.304463439,14.70269501,0.286839273,2.451890077,3.704255966,0.987779938,11.90771572,0,32.40103016,2.26384,0.0,8.022245548,9.384673127,51.24124551,0.0
TOX-17584,1,10.9539567,6.028398579,1.147777555,13.64315386,5.693650003,7.008272065,4.029775415,14.70067049,0.221988513,2.439600817,3.714494561,0.991060551,45.90370304,0,36.81018948,5.152,0.0,8.029245662,0.0,52.88557451,0.0
TOX-5532,0,11.07954557,5.007347448,1.244023104,13.62553572,5.819014024,6.004798709,3.025708447,14.7071684,0.292903977,2.563300671,3.670999263,1.837006719,0.0,0,19.26246487,-0.4978,13.21376393,8.008502712,0.0,43.54548922,0.163888889
TOX-53156,1,10.9474237,6.007541991,1.249329519,14.54145461,5.686362599,6.00260224,3.17922222,14.7063043,0.240799122,2.431429772,3.677212528,0.995014943,42.68015281,1,55.66066728,3.05326,31.55793979,8.010536218,5.316788604,51.31064561,0.055246914
TOX-35545,1,10.92891011,6.025079503,1.158410032,14.53782552,5.6682572,7.010464561,4.024020384,14.70178906,0.260904489,2.411853011,3.707557981,0.993596603,0.0,1,19.91384147,0.7259,0.0,8.027486829,0.0,47.09286845,0.098321048
TOX-2781,1,10.95299252,5.015786841,1.209976126,14.5378107,5.69244618,6.004915396,3.182067546,14.70714934,0.334023609,2.43689738,3.672376533,0.993942598,0.0,1,24.61992283,0.4784,0.0,8.008688579,0.0,47.42038044,0.168803419
TOX-8394,0,11.23461803,6.022070161,1.60025804,14.54881146,5.947865443,7.008266729,3.158210586,14.70270694,0.344861955,2.64243189,3.702459063,0.993068296,0.0,0,0.0,0.2296,28.19068793,8.022076766,9.799819462,43.35527556,0.0
TOX-77657,1,10.99586559,6.028068431,1.154564212,13.64317507,5.735560938,7.008273871,3.178695544,14.70099481,0.20840649,2.481526802,3.714606713,0.987858046,23.81264037,0,50.36074183,4.1605,7.109797541,8.029293283,0.0,50.29885543,0.036996337
TOX-8782,1,11.00449942,6.023190956,1.16626836,13.64329751,5.744109936,7.009375578,3.179033926,14.70059114,0.21912784,2.489474113,3.71419719,0.987934948,6.9237372,0,19.26246487,3.4751,0.0,8.029324903,0.0,49.04267246,0.059285714
TOX-47737,1,10.96082878,6.023353822,1.179713215,14.54804808,5.699631579,7.00935925,4.018048803,14.70178609,0.265501899,2.444459639,3.704878879,0.992915662,39.38207634,1,25.98020854,1.5291,44.16844817,8.023425689,15.11660807,49.27204542,0.021222222
TOX-24188,1,10.9522013,5.006102793,1.197015989,14.54066103,5.692462258,6.002600425,4.017040332,14.70816204,0.319992958,2.434152378,3.66758915,0.773083371,5.316788604,1,38.46739723,2.9971,12.27842388,17.00212425,5.316788604,53.386559,0.109110311
TOX-29420,1,10.3111582,6.028340394,0.609683204,14.54391365,5.739132523,7.008273239,4.034090133,14.70120816,0.268333621,2.479109428,3.714486502,0.649535333,25.79505611,1,54.617987,4.2401,7.047671983,16.00556777,4.899909731,54.99067198,0.01856261
TOX-4726,1,10.9464583,6.028307455,1.240780867,14.54326936,5.686136188,7.008271729,3.194282044,14.70146477,0.235480981,2.431973299,3.714017818,0.988010186,11.82364693,1,37.05805904,3.846,19.63426922,8.028784112,4.899909731,52.83020963,0.0
TOX-17756,0,10.94835741,6.028450497,1.053334955,13.64302317,5.68788685,7.008277477,4.129241417,14.70102358,0.176240944,2.432709235,3.714340787,0.991061001,54.5421805,0,153.580304,10.1474,7.109797541,8.029110535,0.0,52.59199841,0.01043771
TOX-2868,0,10.94287945,6.008410156,1.094580765,14.54327395,5.682384348,6.00376672,4.034937774,14.70616238,0.260228618,2.427443026,3.678743923,1.895997921,17.55486552,1,31.01621821,1.7543,13.08951281,8.011246195,4.899909731,51.46184397,0.041391304
TOX-1965,0,10.31145293,6.022005832,0.604882805,14.54785624,5.691515856,7.008292674,3.213115225,14.70144011,0.338012692,2.434862322,3.71371958,0.653184216,4.983978521,0,12.13273414,4.7576,0.0,17.0011038,4.983978521,51.17660188,0.023094297
TOX-8475,0,10.32650998,6.023397734,0.305637634,13.65501898,5.715170471,7.014609184,4.038660468,14.70006886,0.252498971,2.461091063,3.790340919,0.645548137,19.92349451,0,68.11445997,3.7063,0.0,16.01377112,0.0,51.77281487,0.021692308
TOX-54823,0,11.0619829,6.025651066,1.228656355,14.5449218,5.80054364,7.011529517,3.190693378,14.70177583,0.275008358,2.542968915,3.707126641,0.988908747,10.63357721,0,38.02201416,-0.3377,6.544756406,8.025812739,15.53348694,46.92101175,0.08091954
TOX-3860,0,10.33782319,6.027053819,0.617316033,14.54980374,5.693944149,7.012636299,4.023087215,14.70025852,0.315669314,2.439664315,3.716066177,0.659355208,15.95036581,0,19.41092589,0.0942,13.08951281,16.00200476,25.75018527,47.17192494,0.068287037
TOX-35565,1,10.95376268,6.028467519,1.025470663,14.56324241,5.693141691,7.008273756,4.029779486,14.70118903,0.289171182,2.437873375,3.714202274,0.25376552,37.92910911,0,67.45825259,6.49018,0.0,35.00183635,0.0,55.63270918,0.0
TOX-2190,0,10.99907341,5.022414266,1.73444226,14.54783123,5.73444226,3.044209631,2.303,15.58950964,0.389829326,2.47450112,3.286523337,2.737477305,4.983978521,0,12.13273414,1.0816,0.0,7.044209631,4.983978521,51.69061768,0.0
TOX-15644,1,10.94601803,5.013864152,1.14416154,14.54327232,5.6856284,6.002558348,4.033777615,14.7081621,0.224199176,2.431260416,3.667803237,0.993947376,11.82364693,1,43.98179624,3.7969,13.08951281,8.006110679,4.899909731,53.57514543,0.01969697
TOX-10708,0,11.06931456,4.108449851,1.197086742,14.54064942,5.806001744,4.004846423,4.017029724,15.59408168,0.236185933,2.547617866,3.239919948,0.989922237,26.0880002,2,46.70236766,1.1134,13.08951281,7.02041392,5.316788604,44.92885985,0.110769231
TOX-20534,1,10.94775286,6.006640222,1.269159797,14.54465701,5.68773363,6.002697255,3.168186434,14.70588754,0.254043805,2.432835378,3.678405326,0.773999899,21.9325536,2,23.25963712,3.0725,65.69606629,17.0011035,9.799819462,52.00248194,0.017684729
TOX-29164,0,10.33807857,6.024488969,0.62220078,14.54424139,5.717632097,7.010456747,3.270072923,14.70046921,0.325136392,2.463065095,3.714623504,0.654945708,5.316788604,1,30.91158951,0.3486,5.752853607,16.00200314,10.21669833,49.49432301,0.084126984
TOX-1825,0,10.3118551,6.024518149,0.610197444,14.78232221,5.737151569,7.010464026,3.270974687,14.70046788,0.337138233,2.475163888,3.714760299,0.650131135,25.82621912,1,30.09521869,-0.6532,37.87947506,16.00543598,40.30784152,48.25186479,0.065221878
TOX-14038,0,10.34044922,6.015005367,0.418899357,13.64106561,5.831793048,7.006718566,3.046572777,14.70468499,0.425704883,2.575218737,3.741336108,0.654673946,4.183085433,0,13.34455882,0.3905,6.606881965,16.00800739,0.0,50.02556526,0.0
TOX-15008,1,10.95441148,4.049075898,1.261188062,14.54021922,5.694091724,2.518744331,3.057011912,15.5945178,0.26201125,2.440066846,3.491621844,0.76789745,42.57236115,1,31.87358834,2.8361,12.42475985,17.00110131,5.316788604,54.63642125,0.031836735
TOX-10850,0,10.43534734,6.023221949,1.004064513,14.540293,5.686230998,7.009371719,3.276610307,14.70068328,0.337517256,2.41756943,3.714090933,0.151461879,73.08940049,0,92.7566423,5.117,5.316788604,53.00226803,0.0,73.77171503,0.040800866
TOX-7362,0,10.95458484,7.004052529,1.495894256,17.42476859,5.693949871,8.001916703,3.134601885,13.30412299,0.432436544,2.438774585,4.009922434,2.812402253,0.0,0,24.26546827,1.5239,0.0,9.00406065,0.0,43.86361364,0.0604329
TOX-39329,0,10.43368676,6.028247,1.001385394,14.54640368,5.687482124,7.013741201,3.332395238,14.70018895,0.340111507,2.416334419,3.716968671,0.15144897,21.26715442,0,135.5452238,3.4453,44.00843708,53.00528564,15.95036581,69.19311328,0.06799105
TOX-48857,0,10.33775168,6.005852696,0.626771596,14.55771541,5.693780692,3.509644084,3.203728933,14.70681729,0.340385223,2.436375809,3.676175926,0.65619629,4.983978521,0,36.39820241,6.351,5.938913948,17.00315093,9.551078169,53.68049221,0.0
TOX-28853,0,10.96020897,6.022034415,1.249179493,14.54430567,5.69896247,7.008275154,3.064528864,14.70240527,0.29605326,2.443233442,3.702760292,0.98894144,10.63357721,1,24.26546827,0.9149,18.46842697,8.02234241,5.316788604,47.10280893,0.121710526
TOX-3521,1,10.25020179,6.034476067,0.53781654,14.55291376,5.693373661,7.019236865,3.194871183,14.70177515,0.246052925,2.438656576,3.720390532,0.559837336,37.21752023,1,55.21528421,-3.6086,24.59522003,16.10102497,42.11742996,47.60470879,0.114941745
TOX-1666,0,11.04268618,6.028097868,1.175685562,14.55809308,5.779112805,7.008269764,3.179388312,14.70146561,0.309456383,2.518306185,3.71395836,0.987907966,4.983978521,0,12.84164325,1.1618,6.606881965,8.028767737,9.551078169,48.71434893,0.0
TOX-16607,1,10.95427583,6.028335085,1.271153654,14.55772316,5.693800673,7.008271049,3.227478179,14.70146453,0.285799377,2.439529943,3.714080734,0.988651301,4.983978521,0,26.33466309,3.0576,0.0,8.02878417,9.551078169,50.53775704,0.0
TOX-53398,0,11.06197534,6.024773779,1.211116283,14.54153062,5.800549666,7.010455361,3.184194349,14.70042767,0.274747324,2.543379284,3.715321857,0.987131533,24.48105161,0,24.67745534,0.5316,6.544756406,8.029940268,10.63357721,46.5312046,0.073272727
TOX-27080,0,10.31137501,6.017550797,0.300191142,14.78178676,5.692584499,7.014211664,4.042999023,14.70214201,0.418506677,2.432086799,3.768576778,0.642025482,25.94092241,0,28.79254907,1.8411,5.316788604,17.00110505,20.62413381,46.60778392,0.092446898
TOX-7800,1,11.15267275,5.00999381,1.275840866,14.54326201,5.885458373,2.05636242,3.029556782,15.59251684,0.354950281,2.612118698,3.49441739,0.767070867,4.899909731,1,0.0,2.0048,37.27427955,17.00314206,4.899909731,57.88784989,0.0
TOX-36238,0,10.95205794,6.011025722,1.383305346,14.56035661,5.691397341,4.006504875,3.233627942,14.70553319,0.299020793,2.435489498,3.685165727,0.996621278,9.967957042,0,17.69618563,1.2742,46.01049151,8.015041072,9.967957042,46.8971545,0.084920635
TOX-32645,1,10.96020898,6.022048741,1.249179411,14.54500096,5.698962658,7.008271584,3.065047441,14.70240738,0.27500493,2.443234532,3.702588061,0.987203902,15.95036581,1,31.18920547,1.5657,25.01318338,8.022321973,10.63357721,47.67958333,0.090666667
TOX-75956,1,10.95451104,6.02400517,1.259237276,14.56612553,5.694130574,7.009376901,3.341438284,14.70177582,0.280085502,2.440001734,3.709533905,0.996026452,4.899909731,2,5.563451492,-0.186,32.84803315,8.024099222,23.5851872,47.70450624,0.036262514
TOX-52653,1,10.92889779,6.032036978,1.127487754,14.54456828,5.668305779,7.011573537,4.024067083,14.70006725,0.21946969,2.412291419,3.719958761,0.987621131,0.0,1,58.98356282,3.1577,21.20514151,8.035904499,4.899909731,48.33661258,0.039043382
TOX-23929,1,10.95368819,7.004058814,1.243730762,17.42477175,5.693061054,8.001919249,3.179357812,13.30412017,0.266343272,2.437911642,4.009948252,0.997570047,4.899909731,1,55.78460206,3.9505,26.74406676,9.004068171,4.899909731,50.85349116,0.0
TOX-48548,1,10.95883347,6.007541294,1.24932902,14.54145583,5.699319561,6.002601906,3.229826159,14.70630434,0.306022126,2.440646485,3.677236668,0.773083371,10.63357721,1,24.26546827,3.4348,31.55793979,17.00212544,5.316788604,52.92226336,0.064739608
TOX-21980,0,10.31130053,6.017572787,0.296100357,14.57033745,5.699309031,7.014211734,4.048851838,14.7021322,0.288489031,2.436405111,3.767222569,0.64421735,19.96961893,10,76.22588535,0.8904,9.799819462,16.01301403,0.0,47.80029325,0.105249169
TOX-4197,0,11.2417418,6.010994779,2.989005221,13.6366082,5.978187884,7.010994779,1.21,14.70272287,0.75,2.699784047,3.700215953,1.989005221,0.0,0,0.0,-0.1849,0.0,8.021812116,0.0,40.72487636,0.0
TOX-1776,0,10.95379476,6.024476384,1.254364451,14.54154629,5.693294053,7.010464114,3.142779498,14.70043943,0.276770632,2.437838541,3.714705598,1.985012887,10.63357721,0,54.09438804,3.0702,5.316788604,8.029729279,5.316788604,48.41308869,0.065228758
TOX-6018,0,10.31851378,6.0175696,0.301350526,14.53781982,5.699276217,7.014232337,4.042856756,14.70163941,0.468200575,2.440395633,3.779501708,0.644440457,0.0,0,24.26546827,0.5155,5.733667477,16.01352095,0.0,48.21237163,0.143506494
TOX-51954,0,10.95431085,6.022136853,1.388236073,14.55771061,5.693844732,7.008291918,3.134730257,14.70117113,0.341332814,2.438671972,3.71384254,1.897202135,4.983978521,0,24.26546827,1.6603,6.606881965,8.028786662,9.551078169,47.17474058,0.032352941
TOX-17484,1,10.93685316,5.033970164,1.304263722,14.54841458,5.673615696,6.002807677,3.240368701,14.70815918,0.281230222,2.414576391,3.668067706,0.774003174,15.20067686,1,68.39572554,4.9332,18.40630142,17.00110309,9.883888252,52.29287247,0.037488536
TOX-1686,0,10.99829272,5.012305584,1.196319817,14.54326878,5.737913226,6.003697504,3.189097977,14.70720251,0.32655105,2.483462254,3.668788771,1.893864074,4.899909731,1,11.99392615,-0.6461,19.69639478,8.007195115,4.899909731,47.98640904,0.088578089
TOX-38237,1,10.95282596,6.023412687,1.043837744,14.54514685,5.693486371,7.009361103,3.163758286,14.70177784,0.235825487,2.437499825,3.703989382,0.256005257,53.84159103,1,67.89280996,5.1594,39.33066399,35.00041851,15.11660807,53.06891779,0.013941799
TOX-17029,1,10.95395535,5.016896162,1.238215252,14.54375082,5.692757263,2.532611929,3.203395264,15.59210788,0.216487565,2.437599475,3.260864695,0.993584086,41.40590381,1,50.40261786,3.0749,31.58185093,7.030338049,5.316788604,51.48302868,0.023391813
TOX-2939,1,10.33723849,6.028328258,0.628230934,14.55204239,5.699426775,7.008273253,3.240687524,14.70117578,0.282413201,2.439379134,3.714786988,0.660652134,9.883888252,1,50.19662433,4.3234,44.35482484,16.00200472,9.883888252,51.77673679,0.0
TOX-4742,1,10.94563884,6.022684759,1.191180401,13.63793125,5.685065601,7.008271063,3.272236932,14.70219328,0.247618592,2.429160071,3.702350557,0.995354905,6.578935684,0,30.69594294,3.7033,20.82647705,8.023042842,0.0,49.85906445,0.0
TOX-4487,0,10.95399149,6.022031455,1.304728738,13.64254081,5.694316186,7.008290144,3.134601885,14.70144449,0.432436544,2.438201491,3.7137076,0.774009447,0.0,0,24.26546827,2.0382,0.0,17.00110165,0.0,47.84059834,0.056536797
TOX-26609,0,10.3192834,6.022500971,0.300191585,14.63873925,5.693160448,7.014579574,4.043000913,14.7010633,0.354041559,2.434517464,3.768631744,0.642091078,5.425791397,0,43.17347859,2.0834,5.008912524,17.00110414,5.425791397,50.43114758,0.065057319
TOX-38089,0,10.95323962,6.008627221,1.257824468,13.62967036,5.692732181,6.003755855,3.204306078,14.70553293,0.297785437,2.437313965,3.680991324,0.996623367,0.0,0,18.19910121,0.7295,20.82647705,8.013281744,0.0,47.91942785,0.077380952
TOX-6644,1,10.46319143,7.004119237,0.295783113,14.5947426,5.698986313,8.001936462,4.029461082,14.65151647,0.362299845,2.442266711,3.757230492,0.541977886,0.0,0,25.98020854,3.1547,13.21376393,15.01057703,0.0,46.89752888,0.0
TOX-72309,1,10.4448471,7.004117777,0.285517562,14.5947408,5.698986309,8.001936643,4.029462928,14.65155592,0.296130596,2.40670429,3.756955793,0.532009403,13.8474744,0,24.97437738,4.8519,12.32382005,15.00994385,0.0,50.82535772,0.0
TOX-56759,0,10.33795846,6.022142217,0.619582419,14.54028111,5.693555617,7.008268793,3.182821166,14.70236979,0.335138772,2.437742669,3.702143526,0.658072032,5.316788604,0,24.61992283,1.9539,14.21959508,16.00200268,5.316788604,51.94961875,0.031917211
TOX-7001,0,11.22758298,5.088767691,2.464945238,14.56746489,5.901553677,6.027300854,2.098550058,15.57750066,0.655458754,2.572172647,3.368460146,2.987492574,5.733667477,0,0.0,-0.57382,0.0,7.09908214,0.0,36.06950895,0.266666667
TOX-1763,1,10.95401054,7.00406029,1.236017095,17.4247736,5.693610542,8.00191975,3.269236932,13.30411941,0.243369353,2.435404512,4.009954519,0.997566627,32.98289919,1,66.78757026,5.3513,32.06085536,9.004070479,14.4509879,51.49317178,0.014353741
TOX-3906,0,11.15547342,5.005240956,1.397418062,13.62449168,5.894354868,6.003797812,2.11109901,14.70716869,0.412697252,2.634336676,3.669953514,1.896170914,0.0,0,0.0,-1.029,13.21376393,8.007459377,0.0,38.40690781,0.261111111
TOX-14099,1,10.9537957,6.032110701,1.194015475,14.56298594,5.693373538,7.017095791,3.196388753,14.69977294,0.228409049,2.438656536,3.723944003,0.987148137,47.18547727,4,60.7787357,-1.10503,13.08951281,8.037397843,52.085387,46.91068247,0.104087912
TOX-65097,1,10.9537811,6.007467839,1.260797133,14.54022192,5.69335729,3.513538732,3.179038642,14.70646082,0.240286926,2.43863328,3.678485316,0.993714557,48.63872821,1,30.53782887,3.416,7.109797541,8.011080825,5.316788604,53.27552991,0.023070175
TOX-2425,0,11.10050935,6.026849123,1.511907532,14.54451662,5.834039107,7.011673501,3.168195258,14.70161504,0.535095091,2.555239806,3.712920328,3.787439752,0.0,0,0.0,-2.0785,0.0,8.026991432,10.63357721,25.18356687,0.131111111
TOX-12879,1,10.93686086,6.02275754,1.250234406,14.53781665,5.676359463,7.008280047,3.293829399,14.70220084,0.265449431,2.421135048,3.704376567,0.996623262,0.0,1,47.73109893,2.6942,28.43919017,8.023167825,0.0,49.73376605,0.040201465
TOX-36484,1,10.9479113,7.014079954,1.197007644,17.43069644,5.687276171,8.007384438,4.022604527,13.30279079,0.348518491,2.430436577,4.030564102,0.773997748,5.316788604,1,38.46739723,3.3625,12.27842388,17.00110271,5.316788604,48.33533961,0.113293651
TOX-41538,0,10.94910093,6.023268825,1.241253001,14.54334307,5.688741463,7.009371629,3.221619949,14.70068323,0.275700245,2.434310709,3.714073282,0.987988676,0.0,0,35.74682581,3.4252,4.899909731,8.029038145,0.0,50.73102876,0.022727273
TOX-35153,1,10.94636716,5.010237342,1.235427546,14.54327173,5.686067157,6.002698739,3.172437845,14.70816017,0.191384957,2.432066081,3.667395584,1.857255015,126.2272511,1,54.60578365,7.1152,26.24115118,8.006075218,4.899909731,54.71483065,0.012037037
TOX-2315,1,10.3492131,5.04333499,0.629041168,14.55866559,5.693521634,3.040287496,3.263961858,15.58518338,0.417125681,2.432275296,3.493124299,0.656288677,24.3730619,3,12.13273414,1.7158,18.40630142,17.00110323,14.06386857,47.32488607,0.06494709
TOX-6611,1,10.94199544,6.029274748,1.254626095,14.54029059,5.682043443,7.01046345,3.290984125,14.69977133,0.303352075,2.4249599,3.717521481,0.774002517,5.316788604,0,24.11700725,2.5727,0.0,17.00110347,5.316788604,48.25270916,0.058360764
TOX-24566,1,10.25593599,6.011414166,0.25108785,13.63746026,5.993679414,7.006598168,4.029418146,14.70503205,0.463435129,2.430111761,3.70471771,0.446019362,0.0,0,12.51153837,2.4669,19.62133591,16.02195056,0.0,62.57716399,0.0
TOX-29799,0,11.01827192,6.028593274,1.250690346,14.55753301,5.750229837,7.009363688,3.279338674,14.70062827,0.333511367,2.478508907,3.715330794,0.993716659,9.720841475,0,19.76538045,0.9272,7.109797541,8.029498963,9.551078169,47.41645571,0.0
TOX-109688,1,10.95310019,6.028210064,1.16114925,14.54327108,5.692785524,7.008272335,4.018028826,14.7011896,0.218979347,2.438676468,3.714086711,0.99290118,30.88011827,1,24.32300078,4.2521,39.45491511,8.028929168,4.899909731,51.10712487,0.0
TOX-1971,0,10.33782419,7.004066167,0.61731673,17.42477318,5.689091217,8.001922073,4.023087578,13.30411818,0.361991888,2.431896327,4.009973629,0.659347561,10.47345186,0,32.90394574,2.68782,0.0,17.00110466,15.37336159,47.20117846,0.039791667
TOX-20282,0,10.94884393,6.028202634,1.438099296,14.5433515,5.687459201,7.008270334,3.212299728,14.70146166,0.308163757,2.432073654,3.714540706,0.988019828,0.0,0,18.55355576,2.6763,18.0515481,8.028845438,0.0,50.66534152,0.0
TOX-2174,0,10.95199738,6.022013376,1.262277633,14.54328077,5.6916722,7.008291376,3.205204314,14.70144127,0.326679075,2.435107142,3.713710814,0.774005431,17.05194994,0,24.61992283,2.9043,17.98942254,17.00110233,0.0,52.16902279,0.030781201
TOX-3972,0,10.31977276,6.01754774,0.298943513,14.55916567,5.699276172,7.014203782,4.04380598,14.70214693,0.404600457,2.440357692,3.768112468,0.644237792,14.69005191,0,30.33183534,0.8596,10.45576234,16.01312185,9.967957042,46.76495432,0.09
TOX-56765,0,10.33808569,6.022010925,0.622312322,14.54027912,5.694208979,7.008268335,3.131627941,14.70249399,0.345055162,2.438983686,3.701973517,0.654931393,5.316788604,0,17.69618563,1.9469,12.86265115,16.00200209,5.316788604,53.25533718,0.034166667
TOX-12004,1,11.02864086,6.024702465,1.436785859,14.56508009,5.764700028,7.008277389,3.083308721,14.68165447,0.483897885,2.500590098,3.728311168,1.983098123,9.679758194,1,0.0,-0.5734,0.0,8.034360099,5.156663257,41.26142905,0.188636364
TOX-24767,1,10.9471561,6.022026341,1.354278523,14.54327038,5.686848844,7.008269827,3.205520689,14.70251675,0.224527286,2.432783931,3.701569807,0.9872569,37.80385547,1,49.69370875,4.53112,26.24115118,8.022094534,4.899909731,52.62272944,0.0
TOX-2241,0,10.31977204,6.017545779,0.29894321,14.55089597,5.69927617,7.014203662,4.04380598,14.70214858,0.384407668,2.440352836,3.768101807,0.644237631,9.706073385,0,36.39820241,1.4646,10.45576234,16.01312184,4.983978521,49.06749315,0.086470588
TOX-2460,0,10.95259005,6.021999785,1.229537604,14.53780403,5.692933699,7.00829093,3.131523959,14.701442,0.359807595,2.437431709,3.71367697,0.774007319,0.0,1,24.24094203,1.857,6.544756406,17.00110204,0.0,51.45079146,0.103601441
TOX-42881,0,11.03685302,6.02451896,1.12286863,14.54451752,5.774991719,7.010442369,4.034581157,14.70178023,0.337903336,2.515149259,3.706987323,0.98798961,10.63357721,0,18.75954929,0.5489,0.0,8.024717048,10.63357721,46.81338847,0.071372549
TOX-42907,0,10.31322401,6.023235735,1.104765078,14.54442457,5.767635577,7.009355537,4.039337384,14.70178023,0.319992958,2.508274386,3.704094982,0.653461879,17.55731441,0,36.3924132,1.2058,0.0,16.00441165,10.63357721,51.91411467,0.058204334
TOX-76496,0,10.4353455,6.02568712,1.003545589,14.54284435,5.687535941,7.011546068,3.320915315,14.70032669,0.397432155,2.416424443,3.715264295,0.151462965,15.95036581,0,67.77261188,0.6052,25.51609896,53.00226824,10.63357721,64.55672497,0.10047619
TOX-34738,1,10.9600534,6.022449834,1.140938233,14.54373567,5.699556486,7.008270276,4.024924026,14.70226184,0.250828887,2.44421452,3.702477038,0.9872569,24.06417273,1,38.06389019,2.8023,26.17902562,8.022559628,10.21669833,50.04235445,0.021166667
TOX-48552,1,10.95884563,6.007541279,1.249329054,14.54145561,5.699325682,6.002601905,3.179138231,14.70630434,0.306022126,2.440762868,3.6772365,0.773085137,10.63357721,1,30.33183534,3.4348,31.55793979,17.00212544,5.316788604,52.92226336,0.064739608
TOX-64541,1,10.93606637,5.011913429,1.115825057,14.54823081,5.675241855,6.002694679,4.024932724,14.70816148,0.242928078,2.420517588,3.667381388,0.988001906,41.07309373,1,43.85786146,3.2496,19.69639478,8.006067337,9.883888252,52.14565416,0.041269841
TOX-3873,1,10.91949808,6.010135084,1.249328552,14.54806195,5.659147865,6.002604316,3.299386137,14.70560805,0.255099365,2.404806032,3.682630863,0.997569423,16.36713419,1,30.33183534,3.738,33.41307428,8.01384229,10.30076712,50.66534152,0.048080808
TOX-24956,1,10.9524895,6.022059964,1.295951202,14.54373672,5.693320896,7.008270976,3.244439557,14.70250962,0.282484687,2.434931882,3.70211635,0.773085139,24.06417273,1,30.78569844,4.644,26.17902562,17.00212601,10.21669833,53.39871818,0.020092253
TOX-7405,1,10.33812592,2.113868695,0.625046571,12.97586065,5.898493559,1.635161532,2.177191169,20.47403773,0.419828477,2.608643153,3.492960514,0.651748262,0.0,0,0.0,2.1972,23.2657141,17.00212296,0.0,65.32705725,0.0
TOX-3523,0,10.33760343,6.024517698,0.622149118,14.78235545,5.694018779,7.010464454,3.271042033,14.7004414,0.348516263,2.439786256,3.714889066,0.654582666,20.8422406,0,21.56332621,-0.2256,11.50570721,16.00304808,30.42395327,46.77877095,0.05455408
TOX-4791,1,10.31141039,5.01861622,0.6100515,14.54483852,5.699621034,2.280363229,3.162878316,15.59140006,0.251164068,2.444418769,3.26506201,0.650319934,64.69212369,1,56.55799202,3.8489,25.03709453,16.00450278,4.899909731,55.37968337,0.0
TOX-34272,0,10.4353455,6.025692081,1.003543286,14.54284853,5.68753416,7.011547297,3.321004873,14.700325,0.381683266,2.416421306,3.71527055,0.151462965,15.95036581,0,67.77261188,0.9937,18.97134255,53.0022683,10.63357721,65.03150423,0.095976604
TOX-15544,1,10.96225175,6.028197826,1.155139441,14.54327827,5.701530636,7.008270958,4.034949396,14.70117413,0.274899275,2.446742036,3.714057725,0.997571885,23.12797005,1,23.14013521,1.5893,26.80619232,8.028928174,4.899909731,50.72777248,0.0
TOX-6581,1,10.1795559,6.007236045,0.239117305,13.62979807,5.887652475,3.512437104,4.029434968,14.70743174,0.330396742,2.400700293,3.684616124,0.369688155,6.9237372,0,31.40718409,3.7702,30.47232475,16.05257782,0.0,60.77742746,0.0
TOX-8533,0,11.0851759,6.021909342,1.331818763,14.54027117,5.822332709,7.008266457,3.041112857,14.70271376,0.372828664,2.561772037,3.701840921,1.837477168,5.316788604,0,12.84164325,0.2865,6.544756406,8.022007242,5.316788604,47.19934796,0.070833333
TOX-2782,1,10.94366735,5.013163424,1.106468853,14.54390346,5.683224108,6.002806088,4.029961383,14.70816176,0.23379178,2.428614845,3.668024397,0.99696408,24.08031585,1,68.45325805,3.0804,13.59242839,8.006130034,4.899909731,52.87018456,0.023070175
TOX-2116,0,10.93373186,7.004061905,1.371216937,17.42477168,5.669656359,8.001919828,3.292187886,13.30411998,0.323642567,2.4087713,4.009953285,0.988011895,5.316788604,1,19.05647134,1.2683,31.07893535,9.004067683,9.883888252,47.3310043,0.048049689
TOX-17602,1,10.94371732,6.005853717,1.266711586,14.54085081,5.68339116,3.509645594,3.212087133,14.70681879,0.240286926,2.429210994,3.676082569,0.99502608,60.77146235,1,30.66176366,3.32042,20.19931035,8.010022751,5.316788604,53.27552991,0.023070175
TOX-66193,0,10.95425853,5.004047585,1.244375996,14.54021978,5.694681251,6.002692871,3.177164275,14.70816335,0.306731722,2.438721323,3.667367598,0.774005673,5.316788604,1,18.05064018,2.2005,6.606881965,17.00110202,5.316788604,53.24296695,0.066539116
TOX-66380,1,10.31976716,6.031847482,0.297581623,14.54323937,5.694248082,7.01557182,4.048695602,14.69976982,0.295764125,2.436160368,3.768803344,0.644908524,5.316788604,0,32.90394574,1.7247,19.75852033,16.013124,9.622004595,48.9527931,0.018985215
TOX-32459,0,11.01143374,6.022607674,1.376706712,14.692668,5.744411155,7.0082778,3.268077707,14.70233784,0.323305414,2.47667519,3.705392427,0.987937051,9.998591539,0,6.9237372,0.0156,37.81006844,8.022736078,9.780484743,46.22926374,0.0
TOX-44872,0,10.33600349,6.024520215,0.627679073,14.54451883,5.772546508,7.010443616,4.034567886,14.70178023,0.332308323,2.511574598,3.707002165,0.626972663,10.63357721,0,18.59449685,1.138,12.00862279,16.00221164,10.63357721,50.11116711,0.062951496
TOX-1952,0,11.10371094,7.004117272,1.39393307,14.59646955,5.830109562,8.001936191,3.204970081,14.65155217,0.406779516,2.557976193,3.757046978,1.895749432,10.30076712,0,4.923311049,-1.1002,13.15163837,8.054593222,14.86786677,39.65969448,0.083660131
TOX-1498,1,10.95486494,6.031777004,1.051155429,14.54329295,5.69448615,7.009375171,4.048773419,14.69976947,0.223711996,2.439904095,3.718993131,0.987730542,4.899909731,1,31.01621821,0.6481,48.13558494,8.033558823,4.899909731,48.71704899,0.036246673
TOX-42900,0,11.03633481,6.024520906,1.122588093,14.54451904,5.774537121,7.010443596,4.034583417,14.70178023,0.304647524,2.514875731,3.707000541,0.987939326,17.55731441,0,25.18037091,1.3291,0.0,8.024721201,10.63357721,47.82919844,0.06130031
TOX-44157,0,11.00552752,6.024620072,1.125695659,14.54677652,5.744793725,7.010443885,4.034645707,14.70178022,0.312840168,2.489068409,3.707081251,0.996968753,11.89572429,0,19.26246487,1.2233,7.047671983,8.024727606,10.21669833,48.47765536,0.030116959
TOX-2287,0,10.43534758,6.02320713,1.00401719,14.54029297,5.692712492,7.009371415,3.276184777,14.70068329,0.327444014,2.421780274,3.714054859,0.151461879,73.08940049,0,98.66489531,4.8923,5.316788604,53.00226803,0.0,73.96018436,0.040800866
TOX-2080,1,10.94533477,7.004062187,1.118880645,17.42477395,5.684826438,8.001921042,4.024977184,13.30411836,0.238709874,2.430314614,4.009964439,0.988576053,35.76301315,1,74.16517056,5.2709,33.8538643,9.004072706,14.86786677,50.7753858,0.014274989
TOX-3029,0,10.31184399,6.024072027,0.290631733,14.54334354,5.802131017,7.015022101,4.128082938,14.69997191,0.39724634,2.531925832,3.767290507,0.642951576,0.0,0,13.8474744,-0.795,0.0,16.01301112,4.899909731,46.84202701,0.04375
TOX-3076,0,10.30967013,6.022472882,0.296416121,14.5402868,5.693834756,7.014576762,4.042869229,14.70100241,0.380860622,2.436203023,3.767442588,0.615880473,5.316788604,0,17.69618563,0.4043,12.86265115,17.00320571,5.316788604,50.95956782,0.08494898
TOX-8662,1,10.95375936,5.012498781,1.259052391,14.54021581,5.693321622,6.003761331,3.132204199,14.70720148,0.302982904,2.438466541,3.66920277,0.98800696,5.316788604,1,24.24094203,1.0351,13.08951281,8.007237955,5.316788604,49.38541853,0.102884615
TOX-69105,0,10.31130193,6.0227651,0.296101518,14.54333834,5.692871179,7.014577442,4.048716542,14.7009954,0.28138692,2.433002589,3.767316843,0.644221703,0.0,0,50.60013136,2.7148,6.544756406,16.01301317,4.899909731,51.45054419,0.019334975
TOX-8182,1,11.14820431,6.043008112,1.472055617,14.66041159,5.887510551,7.011391199,3.122958824,14.66258329,0.442270339,2.629926452,3.738821379,0.987940095,10.02274767,0,6.9237372,0.7561,13.65455395,8.043033585,5.008912524,39.55315454,0.0
TOX-47948,0,10.99305038,6.022241366,1.379731176,14.56002895,5.72295887,7.008277199,3.30445028,14.70269516,0.302090377,2.451855442,3.704253444,0.987849078,4.983978521,0,32.40103016,1.87374,0.0,8.022244842,9.384673127,50.90738736,0.0
TOX-109792,1,10.95292302,6.028336919,1.135811727,14.54390294,5.692579545,7.008272599,4.033698601,14.70120855,0.235539023,2.438267061,3.71446146,0.996960717,4.899909731,1,44.83916637,3.0919,20.13718479,8.028998751,4.899909731,51.01915517,0.0205
TOX-24046,0,10.33782236,6.030276131,0.617316242,14.54387913,5.693050365,7.011550644,4.023086653,14.69977119,0.293163788,2.438820377,3.71820784,0.659355398,5.316788604,0,31.54366003,2.0075,0.0,16.00200473,10.21669833,49.43016811,0.033946078
TOX-4068,1,10.92989807,4.230972224,1.142097329,14.54085041,5.66959767,2.532645114,4.030171844,15.59409593,0.207041634,2.415597184,3.240123176,0.995956252,60.89539713,1,61.52952085,4.2114,13.59242839,7.021807356,5.316788604,54.94087009,0.019047619
TOX-1976,1,10.96390247,7.003042557,1.072289144,17.42477087,5.703353704,8.001824097,4.121248773,13.30411857,0.243881159,2.447893155,4.009792238,0.992199285,0.0,0,62.6708961,2.2747,6.606881965,9.004058613,0.0,49.71664615,0.035414048
TOX-2831,0,10.95290448,6.010310233,1.370740577,14.53780491,5.692326741,4.004855775,3.233198554,14.70547596,0.298153102,2.436499253,3.684228351,0.996623265,0.0,1,30.66176366,1.2136,27.87414903,8.014060138,0.0,48.31507635,0.068235294
TOX-42903,0,11.03000109,6.024521342,1.105132322,14.54451905,5.768316308,7.010443641,4.03928624,14.70178023,0.304647524,2.509181435,3.707002611,0.987200437,10.63357721,0,24.67745534,1.185,0.0,8.024721297,10.63357721,47.82919844,0.06130031
TOX-3134,1,10.94075071,5.022629104,1.043851455,14.5482284,5.681053499,3.04411008,3.179917938,15.58919645,0.272035065,2.425409599,3.287575052,0.256012425,76.31703156,1,43.43100119,3.8374,20.64010037,35.00041794,9.883888252,56.8726323,0.0
TOX-10909,0,10.33600015,6.026933894,0.627735835,14.54924048,5.676099313,7.012649437,3.240837074,14.70026154,0.269739942,2.421220934,3.715916432,0.626953899,20.93434433,1,42.04353609,0.4479,12.00862279,16.00221447,20.93434433,49.20425549,0.101120448
TOX-70294,1,10.95153521,6.029067315,1.247201553,14.54454225,5.691143905,7.009377422,3.178964018,14.69977128,0.243881159,2.436513413,3.717155756,0.99437453,6.066367068,1,56.2629914,3.1974,34.35677988,8.03158307,4.899909731,49.86764041,0.017540323
TOX-69137,0,10.93569191,6.029313665,1.24249853,13.64510251,5.675248337,7.009372947,3.310599681,14.69977092,0.271533737,2.420269132,3.71688257,0.994827743,0.0,0,37.46156607,2.31536,0.0,8.031244084,0.0,49.08469919,0.028174603
TOX-45055,0,10.3132246,6.023235111,1.125691541,14.54442385,5.748537603,7.009355172,4.034577298,14.70178023,0.352225781,2.492952774,3.704089548,0.653465996,10.63357721,0,31.48033831,0.8799,0.0,16.00441154,10.63357721,51.78932982,0.0625
TOX-4351,0,10.17955706,6.022087698,0.239119564,14.54090915,5.88327433,7.008267712,4.029426628,14.70234102,0.442161214,2.400670162,3.702182291,0.369683837,5.316788604,0,11.80685609,0.9829,27.02012067,16.05252882,5.316788604,56.36021243,0.050213675
TOX-4008,0,10.33760343,6.025935182,0.622148708,14.78236094,5.694043238,7.011703574,3.271068077,14.69977239,0.347414659,2.43983162,3.718097023,0.654582576,20.8422406,0,15.99987472,-0.0449,11.50570721,16.00304857,30.42395327,45.77819495,0.035901876
TOX-3983,1,10.95526964,5.042561121,1.380390112,14.55206081,5.694851655,3.039120456,3.131363829,15.58805171,0.243725439,2.440688396,3.303797553,0.9949379,65.27734436,1,31.79152959,2.6498,32.08476651,7.054477372,9.883888252,51.97689794,0.0
TOX-30986,0,10.31104134,6.023331651,0.604724184,14.55151304,5.69719528,7.009361511,3.271500565,14.70176841,0.348210763,2.431372364,3.705732582,0.653167533,4.899909731,1,18.19910121,0.8529,39.33066399,17.00110393,14.36691911,51.17751194,0.024732574
TOX-45289,0,11.03812621,6.028078453,1.135114015,13.64265227,5.777742014,7.008269064,4.019932217,14.70146923,0.250863462,2.523097651,3.713917597,0.987144715,13.8474744,0,12.84164325,2.5199,6.606881965,8.028759353,0.0,49.12889919,0.0
TOX-38222,1,10.95390017,6.023411541,1.25401347,14.54514551,5.693486866,7.009360749,3.163625015,14.70177784,0.221306932,2.438848294,3.703977698,0.987144715,37.91164713,1,55.76007582,4.3969,39.33066399,8.023536158,15.11660807,50.85376092,0.014369748
TOX-2901,1,10.98919112,6.028427773,1.054220787,13.64534047,5.728764246,7.008283196,4.121802391,14.70042646,0.221517312,2.473839553,3.715467987,0.993592832,0.0,0,56.43676194,-1.515,13.21376393,8.031083774,0.0,47.51707566,0.101941264
TOX-29802,0,10.99330312,6.028596225,1.432563112,14.56002934,5.724416837,7.009363921,3.298068511,14.70062828,0.361533413,2.454280144,3.715354398,0.995521536,9.720841475,0,19.05647134,0.78952,7.109797541,8.029500255,9.384673127,45.80489983,0.0
TOX-32769,0,10.33782165,6.032725592,0.617315362,14.54424609,5.688653344,7.011538522,4.023091742,14.70012631,0.295147373,2.434146675,3.721119935,0.659354838,5.316788604,1,25.47729296,1.6459,0.0,16.00200496,10.21669833,48.88005805,0.046899841
TOX-21424,1,10.91982841,6.024013796,1.321208342,14.54326982,5.658729004,7.008278734,3.304052176,14.70172651,0.257760694,2.399435211,3.707339622,0.997570945,4.899909731,1,50.19662433,3.9407,20.19931035,8.02411174,4.899909731,51.5980059,0.0
TOX-39052,1,11.07549137,6.042909838,1.153756524,14.660275,5.813961162,7.011400627,3.18564199,14.66253927,0.371709686,2.553224781,3.73877543,0.767901068,10.60267332,0,0.0,-2.2819,19.03164182,17.00110205,10.32570113,42.12248389,0.15252381
TOX-38636,1,10.94405253,6.0226727,1.154915277,14.69090395,5.683636924,3.525319975,4.034803822,14.70255057,0.229660617,2.42940019,3.705427437,0.995950923,75.76094403,1,49.14891714,4.97692,13.08951281,8.022705635,15.09727335,52.64631607,0.0
TOX-41457,1,10.95345623,6.010082306,1.249328765,14.54022139,5.692968179,6.002602574,3.18067941,14.70549059,0.255574131,2.437743795,3.683240521,0.996623291,5.316788604,1,42.79449779,2.2758,33.91598986,8.014145892,5.316788604,50.3475794,0.041880342
TOX-34106,0,11.11551143,5.007219935,1.248869749,14.54135124,5.85149879,6.004764357,3.025763132,14.70720243,0.310731036,2.589447352,3.670025247,1.895622048,10.63357721,2,0.0,-2.4889,39.39278955,8.008313708,10.63357721,41.73829737,0.193627451
TOX-4248,1,11.10698112,7.004113541,1.002443728,14.59473268,5.851722647,8.001934362,4.023923271,14.65156065,0.517695521,2.580932501,3.756880199,0.25602121,15.9299439,0,0.0,-0.6611,13.21376393,35.00041759,0.0,46.9540226,0.144107744
TOX-3947,0,10.95256281,6.021983689,1.271353017,14.64356033,5.693531303,7.008268402,3.189003912,14.70270992,0.384407668,2.436257188,3.701990225,0.772904064,5.101407526,2,24.61992283,2.5589,0.0,17.00213871,5.008912524,50.2757085,0.062774584
TOX-2130,1,10.96003432,6.009089883,1.249179009,14.54022466,5.69953086,6.002601095,3.178722412,14.70584372,0.260852421,2.444118374,3.68049272,0.988939492,11.89572429,1,12.13273414,1.9891,19.75852033,8.01222241,5.316788604,49.69514679,0.051629073
TOX-76545,1,10.9544022,6.02810124,1.182280401,14.54326993,5.694101909,7.008271649,3.159204298,14.70146453,0.22063395,2.440099777,3.713960173,0.9872569,55.16489262,1,50.25415684,4.0866,26.24115118,8.028776282,4.899909731,51.83985056,0.0
TOX-1790,0,11.03327497,6.023727937,1.043404935,14.55774415,5.771145557,7.009376553,3.218708034,14.70177582,0.404240893,2.490988809,3.709543553,0.256016375,20.91392242,0,15.9299439,-1.0602,6.606881965,35.00041788,9.551078169,47.41387679,0.101470588
TOX-17737,1,11.0026944,6.023586687,1.07963943,13.65975314,5.742367791,6.019755927,4.032281484,14.70418448,0.193305867,2.488175815,3.721765125,0.993035607,27.6949488,0,85.36526253,-6.5045,39.64129179,8.044406441,0.0,45.91395741,0.110261438
TOX-20327,1,10.93026478,5.011702876,1.262443256,14.54327246,5.669939165,2.267624698,3.287936094,15.59251434,0.200964866,2.415906912,3.258205798,0.987900156,67.27832068,1,66.1309735,4.7012,13.08951281,7.029784262,4.899909731,55.06837824,0.0
TOX-45201,0,10.33795786,6.024519232,0.622155145,14.54451807,5.77878713,7.010443003,4.034562804,14.70178023,0.350161447,2.514539796,3.706995619,0.654771389,10.63357721,0,12.17367523,0.8904,5.752853607,16.00200228,10.63357721,49.85359327,0.067824074
TOX-12192,0,10.94710433,5.042660719,1.304310325,14.54964373,5.685575971,3.036193961,3.231661025,15.58828737,0.279640011,2.428712456,3.492964612,0.7740022,30.14668292,0,18.19910121,3.6272,25.03709453,17.00110249,0.0,53.85749663,0.0
TOX-17919,1,10.952791,6.007452073,1.249031985,14.53780199,5.692387014,4.004849479,3.129501989,14.70646185,0.284769931,2.437798474,3.678456494,0.99371573,19.05647134,1,30.15884808,1.7574,13.65455395,8.011075092,0.0,50.92069053,0.071031746
TOX-44345,1,10.9600534,6.016473586,1.190510827,14.54022204,5.699556486,3.516019173,4.019011014,14.70612409,0.249187883,2.44421452,3.690339115,0.995953886,5.316788604,1,24.97437738,3.4864,6.544756406,8.016543409,5.316788604,51.30219441,0.025087719
TOX-9040,1,10.95365309,5.012504816,1.208036912,14.54022958,5.693213472,6.003766138,3.160608838,14.70720151,0.238478874,2.438377229,3.669219423,0.993055241,36.50599408,1,49.94875477,3.425,0.0,8.007248903,5.316788604,52.24153342,0.058545455
TOX-71432,0,10.4353455,6.024496252,1.003514277,14.54495899,5.687465629,7.010462948,3.326859028,14.70177605,0.327799686,2.416288218,3.706475201,0.151462965,0.0,0,67.77261188,-0.9069,44.35482484,53.0022687,4.899909731,62.80617821,0.108840812
TOX-16874,1,10.93686352,6.0227606,1.243520859,14.54454478,5.676365465,7.008280352,3.29434417,14.70220079,0.25120132,2.421142153,3.704388819,0.993853383,4.899909731,1,61.82644289,3.2971,42.53453413,8.023171891,4.899909731,50.2620696,0.0
TOX-43587,0,11.00618758,6.024522229,1.125531596,14.54451981,5.745574455,7.010444472,4.03456938,14.70178023,0.2914538,2.490281873,3.707008134,0.987168299,10.63357721,0,18.75954929,1.7412,0.0,8.024723358,10.63357721,48.16612657,0.057222222
TOX-2275,0,10.94757842,6.023223164,1.404476015,14.55152813,5.687154086,7.00937024,3.247158227,14.70068868,0.294912582,2.432527068,3.714024001,0.995388736,0.0,0,19.05647134,2.19162,0.0,8.029025816,4.567099648,50.03502642,0.027105263
TOX-70034,1,10.95191548,6.028558792,1.233176357,14.54439517,5.691155464,7.0093609,3.239785964,14.70068332,0.24372593,2.435750509,3.714950838,0.988013045,16.69994428,1,61.93302788,4.9406,23.36833671,8.029273856,5.316788604,50.99614054,0.031085044
TOX-27685,1,10.92384176,7.004117736,1.384592869,14.59482725,5.659319077,8.001935815,3.265250816,14.65159376,0.318391501,2.400198739,3.756831307,0.994945078,4.983978521,0,24.26546827,3.3622,18.9952537,8.054440192,4.983978521,47.88089104,0.0
TOX-37667,1,10.97555113,6.029419662,1.101052824,13.64428465,5.715067271,7.010647673,4.121307937,14.70041408,0.265265257,2.459719998,3.715442217,0.993297572,0.0,0,24.99368346,0.9673,0.0,8.030294316,0.0,48.71322693,0.0
TOX-27319,0,10.99875469,6.023220611,1.071790792,13.64296137,5.738401084,7.009370943,4.045167791,14.70068865,0.214703416,2.483973947,3.714050855,0.995014099,13.8474744,0,74.53528159,4.4431,0.0,8.029030735,0.0,51.49648343,0.020833333
TOX-7742,0,10.31851071,6.017586005,0.30134765,14.73707441,5.697932862,7.01423987,4.042868777,14.70103026,0.389644218,2.440281039,3.779649373,0.644438655,10.22850025,0,36.39820241,2.7599,0.0,16.0135221,0.0,44.69768187,0.084130435
TOX-3963,1,10.9507145,6.028734403,1.133647179,14.54453534,5.690388077,7.008272087,4.029796419,14.70146476,0.224527286,2.436223768,3.714058607,0.987734112,50.18445917,1,25.22224695,4.2755,20.64010037,8.028791953,4.899909731,52.62272944,0.0
TOX-3924,1,10.93061696,6.03149731,1.171239457,14.55230842,5.667295365,7.010463699,4.029100475,14.69976218,0.241723645,2.409207643,3.71879319,0.987219293,11.82364693,1,81.44336231,4.0911,26.17902562,8.032202266,19.35089763,49.79747827,0.012367865
TOX-2521,0,10.33807851,6.024494733,0.62220101,14.54424463,5.693175174,7.010460259,3.270126461,14.70043925,0.338338212,2.438209004,3.714749757,0.654946064,5.316788604,1,30.19302736,0.1505,5.752853607,16.00200328,10.21669833,47.84366873,0.102
TOX-54855,1,10.96036446,7.0040583,1.153767969,17.42477205,5.699669573,8.001919845,3.187841507,13.30411934,0.278303112,2.444299715,4.009951643,1.836174633,5.425791397,0,56.36957639,3.1613,6.606881965,9.004069058,10.43470392,48.46286701,0.061197423
TOX-10354,1,10.30982547,6.030716231,0.293226699,14.55711703,5.809883099,7.014568883,4.123129013,14.69583914,0.38372367,2.53366224,3.767421113,0.615860807,15.31008991,0,13.8474744,0.1514,13.30344117,16.01321985,5.316788604,46.53161526,0.046349206
TOX-8286,0,11.14579615,6.028117556,1.472064973,14.84553445,5.881347688,7.008270337,3.041115179,14.70146805,0.483897885,2.606717904,3.7139394,0.988022555,9.712835403,0,11.89970965,0.56437,6.606881965,8.028759065,0.0,41.26142905,0.0
TOX-53162,1,10.9533835,7.00411946,1.249329534,14.59481783,5.692996029,8.001937067,3.137462297,14.65155556,0.284330235,2.438391568,3.756931712,0.995942677,10.63357721,1,30.6862899,2.34462,31.55793979,8.054571708,5.316788604,48.45553461,0.061142857
TOX-34908,0,10.94170477,6.005768361,1.195163821,13.62812129,5.681286861,6.003806088,3.231753194,14.70590798,0.25155176,2.426489791,3.678584579,0.993402264,0.0,0,42.67056301,2.32494,13.71667951,8.011672468,0.0,50.06439924,0.060416667
TOX-56488,0,10.25008488,6.023218365,0.535853064,14.54028094,5.810686969,7.0093675,4.023002566,14.70068344,0.414207134,2.539423244,3.714067669,0.561778495,5.316788604,0,13.8474744,0.7294,5.752853607,16.10101309,5.316788604,53.54774433,0.086495726
TOX-38888,1,10.94280367,5.023814319,1.350316374,14.54527212,5.682503673,2.275376599,3.228954853,15.59112026,0.225052092,2.428503673,3.267313833,0.994936649,84.57814019,1,50.32055911,4.2602,32.08476651,7.034247707,4.899909731,53.79477322,0.0
TOX-4133,0,10.46120046,6.014766361,0.296975649,13.65048288,5.674682087,7.007726276,4.029019942,14.70102808,0.294219629,2.420280573,3.728225767,0.539430292,9.047494323,0,59.38022356,4.3604,0.0,15.01233349,0.0,50.59317452,0.075595238
TOX-54384,0,10.95326445,6.011897004,1.205042112,14.54327399,5.692648038,6.002601639,3.194441426,14.70500814,0.287871303,2.43730913,3.690255725,0.99394497,4.899909731,1,24.61992283,1.1694,33.09621905,8.017226323,4.899909731,48.76340445,0.029122807
TOX-56762,0,10.33808408,6.022273109,0.622311133,14.54028272,5.692907136,7.008269413,3.234117171,14.70228504,0.325196612,2.436481182,3.702298227,0.654926934,5.316788604,0,17.69618563,1.9641,27.08224623,16.00200257,5.316788604,50.88258557,0.029824561
TOX-37655,1,10.9590706,6.016709322,1.190556549,14.54327019,5.699385247,3.51649822,4.019012914,14.70510978,0.276528404,2.442322691,3.690757924,0.773994163,18.74738413,1,25.22224695,3.5759,32.84803315,17.00110273,4.899909731,51.37644469,0.0
TOX-29766,1,10.33722802,6.028558019,0.628228871,14.54512846,5.697188862,7.009360045,3.24145915,14.70068344,0.274321601,2.433763813,3.71494163,0.660646989,24.06417273,1,50.34508535,5.1162,36.45784952,16.00200483,4.899909731,51.97118785,0.017662835
TOX-45616,0,10.33600378,6.024518979,0.627681162,14.54451806,5.77902694,7.010443002,4.029838066,14.70178023,0.350161447,2.517307803,3.70699397,0.626972707,10.63357721,0,18.59449685,0.7479,12.00862279,16.00221154,10.63357721,49.85359327,0.067824074
TOX-65250,0,10.31130312,6.018106565,0.296088803,14.53890817,5.697830752,7.014204866,4.048719287,14.70154897,0.339542839,2.434613257,3.767228615,0.644225443,0.0,0,24.26546827,1.701,25.68693004,16.01301232,0.0,49.70259014,0.095492063
TOX-4304,1,10.20091767,7.004118219,0.259943446,14.59474099,5.698986313,8.001935511,4.029461082,14.65153894,0.386675685,2.409662451,3.756992423,0.390563388,0.0,0,25.98020854,3.2711,13.21376393,16.04247292,0.0,50.86914828,0.0
TOX-72434,1,10.96838046,6.028197223,1.153461917,14.543278,5.707319015,7.008270905,4.034943658,14.70117412,0.267077197,2.452016785,3.714056148,0.997570983,10.97592984,1,42.40260008,1.8133,26.80619232,8.028927964,4.899909731,50.60239968,0.0
TOX-4075,0,10.94757012,6.029525634,1.248185286,14.54380518,5.686909639,7.010466037,3.206115903,14.69977138,0.247156915,2.431586395,3.717864747,0.987798422,5.316788604,1,55.51220626,2.5843,20.82647705,8.032307171,10.21669833,49.22870931,0.030068226
TOX-39225,1,10.95146707,5.019352653,1.096713503,14.54605098,5.690606161,6.00260336,4.03490792,14.7081591,0.205832949,2.435853089,3.667605165,0.987620518,59.86034385,2,62.23842996,3.7283,38.12660734,8.006095832,9.799819462,51.68533294,0.014482527
TOX-9396,1,10.31164,5.042558383,0.615307933,14.55205957,5.733522839,3.039116331,3.131360157,15.58805193,0.280058929,2.472469239,3.303826479,0.647487043,51.77200163,1,48.6180222,2.7113,32.08476651,16.00450205,9.883888252,53.94278037,0.0
TOX-24415,1,10.95345947,6.028307131,1.206773829,14.54327892,5.69314321,7.008272382,3.167222305,14.70123565,0.248122693,2.439023367,3.714104003,1.890376035,11.47884541,1,18.40509474,2.4871,13.15163837,8.028899225,4.899909731,51.2773623,0.021557971
TOX-4115,0,11.08399631,5.006246399,1.157982417,14.53781385,5.820003153,6.004795341,4.018936221,14.70720339,0.370483914,2.558927861,3.670232029,1.982923327,0.0,1,0.0,-2.3392,19.82064589,8.008323471,0.0,39.55534521,0.283653846
TOX-28308,1,10.94652203,6.02193059,1.227544317,14.54021848,5.686133326,7.008269878,3.214195537,14.70255817,0.250204645,2.431518183,3.701487012,1.892710927,11.38315567,1,49.0668584,2.9696,13.08951281,8.022046097,5.316788604,52.58108359,0.040656566
