TAID,Name,IUPAC Name,PubChem CID,Canonical SMILES,InChIKey,Toxicity Value (g/kg),Toxicity Value (mg/kg),MW,Toxicity molar kg unit,pLD50 (molar kg unit)
TOX-10134,glybuzole,"N-(5-tert-butyl-1,3,4-thiadiazol-2-yl)benzenesulfonamide",3489,CC(C)(C)c1nnc(NS(=O)(=O)c2ccccc2)s1,NMWQEPCLNXHPDX-UHFFFAOYSA-N,117.9980163,0.117998016,297.0605687,0.000397219,3.400970302
TOX-10302,Vinca,"methyl 15-ethyl-17-hydroxy-1,11-diazapentacyclo[9.6.2.02,7.08,18.015,19]nonadeca-2,4,6,8(18)-tetraene-17-carboxylate",5668,CCC12CCCN3CCc4c(n(c5ccccc45)C(O)(C(=O)OC)C1)C32,RXPRRQLKFXBCSJ-UHFFFAOYSA-N,32.99534489,0.032995345,354.1943427,0.000093156,4.030788948
TOX-10735,,"N-[(7-methyl-6,6a,8,9,10,10a-hexahydro-4H-indolo[4,3-fg]quinolin-9-yl)methyl]pyridine-3-carboxamide",13650592,CN1CC(CNC(=O)c2cccnc2)CC2c3cccc4[nH]cc(c34)CC21,GQOZNFZKAFZNAP-UHFFFAOYSA-N,15.00162293,0.015001623,360.1950114,4.16486E-05,4.380399449
TOX-10736,,"N-[(7-methyl-6,6a,8,9,10,10a-hexahydro-4H-indolo[4,3-fg]quinolin-9-yl)methyl]propanamide",78169796,CCC(=O)NCC1CC2c3cccc4[nH]cc(c34)CC2N(C)C1,GFPMKMQDZULHSF-UHFFFAOYSA-N,14.99860322,0.014998603,311.1997624,4.81961E-05,4.316988441
TOX-10870,,"ethyl N-[(4,7-dimethyl-6,6a,8,9,10,10a-hexahydroindolo[4,3-fg]quinolin-9-yl)methyl]carbamate",53461915,CCOC(=O)NCC1CC2c3cccc4c3c(cn4C)CC2N(C)C1,QCSUNWHWRGONHJ-UHFFFAOYSA-N,3.999355701,0.003999356,341.2103271,1.17211E-05,4.931032135
TOX-109556,,3-[2-(diethylamino)ethyl]-3-phenyl-1-benzofuran-2-one,6453,CCN(CC)CCC1(c2ccccc2)C(=O)Oc2ccccc21,HPITVGRITATAFY-UHFFFAOYSA-N,22.99933099,0.022999331,309.172879,7.43899E-05,4.128486187
TOX-109562,,2-(methylamino)-1-phenylethanol,913,CNCC(O)c1ccccc1,ZCTYHONEGJTYQV-UHFFFAOYSA-N,45.00029765,0.045000298,151.099714,0.000297819,3.526048256
TOX-11128,PHENBENZAMINE,"N'-benzyl-N,N-dimethyl-N'-phenylethane-1,2-diamine",13751,CN(C)CCN(Cc1ccccc1)c1ccccc1,CHOBRHHOYQKCOU-UHFFFAOYSA-N,14.99958723,0.014999587,254.1782987,5.90121E-05,4.229059161
TOX-11175,,"2-(5,6-dihydrobenzo[b][1]benzazepin-11-yl)-N,N-dimethylpropan-1-amine",102741,CC(CN(C)C)N1c2ccccc2CCc2ccccc21,FHZGKLYMVPDVIS-UHFFFAOYSA-N,17.99903715,0.017999037,280.1939488,6.42378E-05,4.192209478
TOX-11176,,"1-(5,6-dihydrobenzo[b][1]benzazepin-11-yl)-N,N-dimethylpropan-2-amine",102742,CC(CN1c2ccccc2CCc2ccccc21)N(C)C,WMWZAQFDBNMOHR-UHFFFAOYSA-N,12.9993046,0.012999305,280.1939488,0.000046394,4.333538632
TOX-11222,,"2-(5,6-dihydrobenzo[b][1]benzazepin-11-yl)-N,N-diethylethanamine",74982,CCN(CC)CCN1c2ccccc2CCc2ccccc21,BIBNMUJJPRRCJS-UHFFFAOYSA-N,17.99743243,0.017997432,294.2095988,6.11721E-05,4.213446286
TOX-11321,Metofoline,"1-[2-(4-chlorophenyl)ethyl]-6,7-dimethoxy-2-methyl-3,4-dihydro-1H-isoquinoline",16538,COc1cc2c(cc1OC)C(CCc1ccc(Cl)cc1)N(C)CC2,YBCPYHQFUMNOJG-UHFFFAOYSA-N,30.00260215,0.030002602,345.1495567,8.69264E-05,4.060848397
TOX-113362,sulfinpyrazone,"4-[2-(benzenesulfinyl)ethyl]-1,2-diphenylpyrazolidine-3,5-dione",5342,O=C1C(CCS(=O)c2ccccc2)C(=O)N(c2ccccc2)N1c1ccccc1,MBGGBVCUIVRRBF-UHFFFAOYSA-N,195.0043386,0.195004339,404.1194635,0.000482541,3.316465494
TOX-11354,,"N-[(4,7-dimethyl-6,6a,8,9,10,10a-hexahydroindolo[4,3-fg]quinolin-9-yl)methyl]propanamide",78172218,CCC(=O)NCC1CC2c3cccc4c3c(cn4C)CC2N(C)C1,ZYYMXDCJUUXDOG-UHFFFAOYSA-N,9.998279348,0.009998279,325.2154125,3.07436E-05,4.512245853
TOX-11529,Diacetoxyscirpenol,"(11-acetyloxy-10-hydroxy-1,5-dimethylspiro[8-oxatricyclo[7.2.1.02,7]dodec-5-ene-12,2'-oxirane]-2-yl)methyl acetate",422111,CC(=O)OCC12CCC(C)=CC1OC1C(O)C(OC(C)=O)C2(C)C12CO2,AUGQEEXBDZWUJY-UHFFFAOYSA-N,0.999972708,0.000999973,366.1678532,2.7309E-06,5.563692067
TOX-11638,,1-[ethylsulfanyl(methyl)phosphoryl]oxyethane,520177,CCOP(C)(=O)SCC,AIMOGGQLCCAPQJ-UHFFFAOYSA-N,2.480029487,0.002480029,168.0373873,1.47588E-05,4.830949076
TOX-11686,Proxibarbal,"5-(2-hydroxypropyl)-5-prop-2-enyl-1,3-diazinane-2,4,6-trione",17336,C=CCC1(CC(C)O)C(=O)NC(=O)NC1=O,VNLMRPAWAMPLNZ-UHFFFAOYSA-N,999.9911593,0.999991159,226.0953569,0.004422874,2.354295483
TOX-11791,,"2-methyl-N-[(7-methyl-6,6a,8,9,10,10a-hexahydro-4H-indolo[4,3-fg]quinolin-9-yl)methyl]propanamide",78172223,CC(C)C(=O)NCC1CC2c3cccc4[nH]cc(c34)CC2N(C)C1,BDSVPQAZFFARGB-UHFFFAOYSA-N,7.498709504,0.00749871,325.2154125,2.30577E-05,4.63718459
TOX-11911,Octogen,"1,3,5,7-tetranitro-1,3,5,7-tetrazocane",17596,O=[N+]([O-])N1CN([N+](=O)[O-])CN([N+](=O)[O-])CN([N+](=O)[O-])C1,UZGLIIJVICEWHF-UHFFFAOYSA-N,10.00013506,0.010000135,296.0465092,3.37789E-05,4.471354079
TOX-11920,,2-[(2-chlorophenyl)methylidene]propanedinitrile,17604,N#CC(C#N)=Cc1ccccc1Cl,JJNZXLAFIPKXIG-UHFFFAOYSA-N,7.999703102,0.007999703,188.0141258,4.25484E-05,4.371116611
TOX-11929,,"2-(2,4-dichlorophenoxy)acetic acid",1486,O=C(O)COc1ccc(Cl)cc1Cl,OVSKIKFHRZPJSS-UHFFFAOYSA-N,399.9837131,0.399983713,219.9693994,0.001818361,2.740319961
TOX-12187,Delorazepam,"7-chloro-5-(2-chlorophenyl)-1,3-dihydro-1,4-benzodiazepin-2-one",17925,O=C1CN=C(c2ccccc2Cl)c2cc(Cl)ccc2N1,CHIFCDOIPRCHCF-UHFFFAOYSA-N,25.05295511,0.025052955,304.0170183,8.24064E-05,4.084038935
TOX-12267,Fluoresone,1-ethylsulfonyl-4-fluorobenzene,71814,CCS(=O)(=O)c1ccc(F)cc1,PRNNIHPVNFPWAH-UHFFFAOYSA-N,109.9982468,0.109998247,188.0307287,0.000585001,3.232843066
TOX-12292,Diethyl cyanophosphonate,diethoxyphosphorylformonitrile,76257,CCOP(=O)(C#N)OCC,ZWWWLCMDTZFSOO-UHFFFAOYSA-N,3.999926432,0.003999926,163.0398298,2.45334E-05,4.61024171
TOX-12387,,"N,N-dimethyldodecanamide",18159,CCCCCCCCCCCC(=O)N(C)C,BDYUSDIJIDGWCY-UHFFFAOYSA-N,49.99956025,0.04999956,227.2249145,0.000220044,3.657489764
TOX-12397,,"N,N-dimethyltetradecanamide",76388,CCCCCCCCCCCCCC(=O)N(C)C,FQXSTGKJHBFSIQ-UHFFFAOYSA-N,83.99802707,0.083998027,255.2562147,0.000329073,3.482707239
TOX-12398,,,165061,CCOP(=O)(Cc1ccccc1)Oc1ccc([N+](=O)[O-])cc1,XLRKDDZTBFVOSU-UHFFFAOYSA-N,1.352962097,0.001352962,321.0766092,4.2138E-06,5.375323038
TOX-12399,,1-[ethoxy(3-phenylpropyl)phosphoryl]oxy-4-nitrobenzene,165062,CCOP(=O)(CCCc1ccccc1)Oc1ccc([N+](=O)[O-])cc1,PQLURGVJXJUVJX-UHFFFAOYSA-N,0.299997423,0.000299997,349.1079094,8.593E-07,6.065842164
TOX-12400,,1-[ethoxy(4-phenylbutyl)phosphoryl]oxy-4-nitrobenzene,165063,CCOP(=O)(CCCCc1ccccc1)Oc1ccc([N+](=O)[O-])cc1,YSTLIYOIWSLSIK-UHFFFAOYSA-N,0.086988028,8.70E-05,363.1235594,2.396E-07,6.620594941
TOX-12401,,1-[butyl(ethoxy)phosphoryl]oxy-4-nitrobenzene,76390,CCCCP(=O)(OCC)Oc1ccc([N+](=O)[O-])cc1,MEVAOLBLFMAOEV-UHFFFAOYSA-N,0.071999499,7.20E-05,287.0922593,2.508E-07,6.600692009
TOX-12402,p-Nitrophenyl ethyl pentylphosphonate,1-[ethoxy(pentyl)phosphoryl]oxy-4-nitrobenzene,76391,CCCCCP(=O)(OCC)Oc1ccc([N+](=O)[O-])cc1,WVEDKNWZBPHSRJ-UHFFFAOYSA-N,0.117996475,0.000117996,301.1079094,3.919E-07,6.40685313
TOX-12403,,1-[ethoxy(heptyl)phosphoryl]oxy-4-nitrobenzene,76392,CCCCCCCP(=O)(OCC)Oc1ccc([N+](=O)[O-])cc1,HDCSKOHTFSPXEZ-UHFFFAOYSA-N,0.54999499,0.000549995,329.1392095,0.000001671,5.777020888
TOX-12404,,1-[ethoxy(octyl)phosphoryl]oxy-4-nitrobenzene,76393,CCCCCCCCP(=O)(OCC)Oc1ccc([N+](=O)[O-])cc1,MPURXCAUNNEKMR-UHFFFAOYSA-N,1.201964992,0.001201965,343.1548596,3.5027E-06,5.455598335
TOX-12405,,,96535,CCOP(=O)(CCCCCl)Oc1ccc([N+](=O)[O-])cc1,AFQMAFCJJXJPHP-UHFFFAOYSA-N,0.31799308,0.000317993,321.053287,9.905E-07,6.004159451
TOX-12406,,1-[6-chlorohexyl(ethoxy)phosphoryl]oxy-4-nitrobenzene,200974,CCOP(=O)(CCCCCCCl)Oc1ccc([N+](=O)[O-])cc1,YYHXAVHJLPMEBV-UHFFFAOYSA-N,0.387987797,0.000387988,349.0845871,1.1114E-06,5.954112608
TOX-12701,,1-[ethoxy(2-phenylethyl)phosphoryl]oxy-4-nitrobenzene,165113,CCOP(=O)(CCc1ccccc1)Oc1ccc([N+](=O)[O-])cc1,RUYWTRNGKOALDY-UHFFFAOYSA-N,0.348993755,0.000348994,335.0922593,1.0415E-06,5.98234674
TOX-1292,Glucoxy,"2-(3,4-dihydroxy-5-oxooxolan-2-yl)-2-hydroxyacetaldehyde",219402,O=CC(O)C1OC(=O)C(O)C1O,UYUXSRADSPPKRZ-UHFFFAOYSA-N,939.9786507,0.939978651,176.032088,0.005339814,2.272473851
TOX-12982,,"2-N-[4-(dimethylamino)phenyl]-7-N,7-N-dimethylphenazine-2,3,7-triamine",198944,CN(C)c1ccc(Nc2cc3nc4ccc(N(C)C)cc4nc3cc2N)cc1,UEXSLTSNOSBPBX-UHFFFAOYSA-N,35.28227325,0.035282273,372.2062448,9.47923E-05,4.023227096
TOX-13061,,"5,7-diphenyl-1,3-diazatricyclo[3.3.1.13,7]decan-6-ol",64155,OC1C2(c3ccccc3)CN3CN(C2)CC1(c1ccccc1)C3,NFNGKXBNQGZQFD-UHFFFAOYSA-N,1.199964754,0.001199965,306.1732133,3.9192E-06,5.406798702
TOX-13084,,"3-(2,9-dichloro-5,6-dihydrobenzo[b][1]benzazepin-11-yl)-N,N-dimethylpropan-1-amine",77140,CN(C)CCCN1c2cc(Cl)ccc2CCc2ccc(Cl)cc21,ZRLHYTJLNUJZLB-UHFFFAOYSA-N,14.99978529,0.014999785,348.1160041,4.30885E-05,4.365638947
TOX-13085,,"3-(2,9-dichlorobenzo[b][1]benzazepin-11-yl)-N,N-dimethylpropan-1-amine",77141,CN(C)CCCN1c2cc(Cl)ccc2C=Cc2ccc(Cl)cc21,SBKMXWMJQKSYIA-UHFFFAOYSA-N,8.000253386,0.008000253,346.100354,2.31154E-05,4.636098301
TOX-13140,,"1,2-diphenyl-4-(2-phenylsulfanylethyl)pyrazolidine-3,5-dione",77327,O=C1C(CCSc2ccccc2)C(=O)N(c2ccccc2)N1c1ccccc1,PLGXGMUJUXKCDD-UHFFFAOYSA-N,100.0020593,0.100002059,388.1245489,0.000257655,3.588962169
TOX-13193,Fenobucarb,(2-butan-2-ylphenyl) N-methylcarbamate,19588,CCC(C)c1ccccc1OC(=O)NC,DIRFUJHNVNOBMY-UHFFFAOYSA-N,28.99958029,0.02899958,207.1259288,0.000140009,3.853842756
TOX-13378,,"N,N-dimethyloctadecanamide",19765,CCCCCCCCCCCCCCCCCC(=O)N(C)C,BTSRIWFABHLYDQ-UHFFFAOYSA-N,70.98769391,0.070987694,311.3188149,0.000228023,3.642022301
TOX-13429,oleandomycin,"6-[4-(dimethylamino)-3-hydroxy-6-methyloxan-2-yl]oxy-14-hydroxy-8-(5-hydroxy-4-methoxy-6-methyloxan-2-yl)oxy-5,7,9,12,13,15-hexamethyl-1,11-dioxaspiro[2.13]hexadecane-10,16-dione",4587,COC1CC(OC2C(C)C(=O)OC(C)C(C)C(O)C(C)C(=O)C3(CO3)CC(C)C(OC3OC(C)CC(N(C)C)C3O)C2C)OC(C)C1O,RZPAKFUAFGMUPI-UHFFFAOYSA-N,300.0139559,0.300013956,687.4193764,0.000436435,3.360080312
TOX-13459,,5-methoxy-3-(2-pyrrolidin-1-ylethyl)-1H-indole,17053,COc1ccc2[nH]cc(CCN3CCCC3)c2c1,KAASYKNZNPWPQG-UHFFFAOYSA-N,0.299990178,0.00029999,244.1575633,1.2287E-06,5.910563146
TOX-13622,,2-(4-methoxyphenyl)-N-methylethanamine,104735,CNCCc1ccc(OC)cc1,JCMWSVNNSPUNER-UHFFFAOYSA-N,1.499945533,0.001499946,165.1153641,9.0842E-06,5.041711998
TOX-13645,Benzo-tepa,N-[bis(aziridin-1-yl)phosphoryl]benzamide,160733,O=C(NP(=O)(N1CC1)N1CC1)c1ccccc1,BRZOTEHEMOQUOY-UHFFFAOYSA-N,17.49958205,0.017499582,251.0823633,6.96966E-05,4.156788531
TOX-13807,,"N,N,7-trimethyl-6,6a,8,9-tetrahydro-4H-indolo[4,3-fg]quinoline-9-carboxamide",53463870,CN(C)C(=O)C1C=C2c3cccc4[nH]cc(c34)CC2N(C)C1,FWHSERNVTGTIJE-UHFFFAOYSA-N,0.400018959,0.000400019,295.1684623,1.3552E-06,5.867989377
TOX-13841,TYBAMATE,[2-(carbamoyloxymethyl)-2-methylpentyl] N-butylcarbamate,20266,CCCCNC(=O)OCC(C)(CCC)COC(N)=O,PRBORDFJHHAISJ-UHFFFAOYSA-N,104.9996173,0.104999617,274.1892573,0.000382946,3.416862719
TOX-13875,,"(7-methyl-6,6a,8,9-tetrahydro-4H-indolo[4,3-fg]quinolin-9-yl)-morpholin-4-ylmethanone",12311417,CN1CC(C(=O)N2CCOCC2)C=C2c3cccc4[nH]cc(c34)CC21,OTQWCDNEJVKXKG-UHFFFAOYSA-N,0.699952286,0.000699952,337.179027,2.0759E-06,5.682792117
TOX-13955,Raubasine,"methyl 16-methyl-17-oxa-3,13-diazapentacyclo[11.8.0.02,10.04,9.015,20]henicosa-2(10),4,6,8,18-pentaene-19-carboxylate",251561,COC(=O)C1=COC(C)C2CN3CCc4c([nH]c5ccccc45)C3CC12,GRTOGORTSDXSFK-UHFFFAOYSA-N,19.99807058,0.019998071,352.1786926,5.67839E-05,4.24577498
TOX-1396,Folcidin,2-[[4-[(2-amino-4-oxo-3H-pteridin-6-yl)methylamino]benzoyl]amino]pentanedioic acid,135444779,Nc1nc(=O)c2nc(CNc3ccc(C(=O)NC(CCC(=O)O)C(=O)O)cc3)cnc2[nH]1,OVBPIULPVIDEAO-UHFFFAOYSA-N,420.3650762,0.420365076,441.1396813,0.000952907,3.020949497
TOX-14233,,2-amino-4-(ethylsulfanylamino)-4-oxobutanoic acid,21016,CCSNC(=O)CC(N)C(=O)O,QGTLKVBLZFMYIQ-UHFFFAOYSA-N,200.0000001,0.2,192.0568632,0.001041358,2.982399836
TOX-14333,Reumycin,"6-methyl-8H-pyrimido[5,4-e][1,2,4]triazine-5,7-dione",5351216,Cn1c(=O)[nH]c2nncnc2c1=O,ZLLAXLPOOMLVRF-UHFFFAOYSA-N,34.00018984,0.03400019,179.0443244,0.000189898,3.721479217
TOX-1451,,"5-bromo-N-[2-hydroxy-7-(2-methylpropyl)-5,8-dioxo-4-propan-2-yl-3-oxa-6,9-diazatricyclo[7.3.0.02,6]dodecan-4-yl]-7-methyl-6,6a,8,9-tetrahydro-4H-indolo[4,3-fg]quinoline-9-carboxamide",2443,CC(C)CC1C(=O)N2CCCC2C2(O)OC(NC(=O)C3C=C4c5cccc6[nH]c(Br)c(c56)CC4N(C)C3)(C(C)C)C(=O)N12,OZVBMTJYIDMWIL-UHFFFAOYSA-N,11.99989,0.01199989,653.2212815,1.83703E-05,4.73588306
TOX-14596,,1-morpholin-4-ylnonan-1-one,79182,CCCCCCCCC(=O)N1CCOCC1,NBRDJXSTGSUITP-UHFFFAOYSA-N,20.99926106,0.020999261,227.188529,0.000092431,4.034182387
TOX-14768,mercaptoacetic acid,2-sulfanylacetic acid,1133,O=C(O)CS,CWERGRDVMFNCDR-UHFFFAOYSA-N,100.0010855,0.100001086,91.99320037,0.001087049,2.963751014
TOX-15010,METHOXYPHENAMINE,1-(2-methoxyphenyl)-N-methylpropan-2-amine,4117,CNC(C)Cc1ccccc1OC,OEHAYUOVELTAPG-UHFFFAOYSA-N,29.99949797,0.029999498,179.1310142,0.000167472,3.776056798
TOX-15050,,3-(6H-benzo[c][1]benzoxepin-11-ylidene)propan-1-amine,21840,NCCC=C1c2ccccc2COc2ccccc21,HLUSHBJOSPBFOC-UHFFFAOYSA-N,13.19801213,0.013198012,251.1310142,5.25543E-05,4.279391827
TOX-15130,DRAZOXOLON,"4-[(2-chlorophenyl)diazenyl]-3-methyl-2H-1,2-oxazol-5-one",21929,Cc1[nH]oc(=O)c1N=Nc1ccccc1Cl,ZRGHYHHYHYAJBT-UHFFFAOYSA-N,19.99949505,0.019999495,237.0305042,8.43752E-05,4.07378521
TOX-15253,,"N-[(5-bromothiophen-2-yl)methyl]-N,N'-dimethyl-N'-pyridin-2-ylethane-1,2-diamine",201314,CN(CCN(C)c1ccccn1)Cc1ccc(Br)s1,PHSRLIJLGNNJDM-UHFFFAOYSA-N,87.49742862,0.087497429,339.0404807,0.000258074,3.588256265
TOX-15316,,"N,N-dimethylhexanamide",22084,CCCCCC(=O)N(C)C,OAERLTPBKQBWHJ-UHFFFAOYSA-N,63.99999999,0.064,143.1310142,0.000447143,3.349553775
TOX-15390,butacaine,3-(dibutylamino)propyl 4-aminobenzoate,2480,CCCCN(CCCC)CCCOC(=O)c1ccc(N)cc1,HQFWVSGBVLEQGA-UHFFFAOYSA-N,10.99820524,0.010998205,306.2307282,3.59148E-05,4.444726947
TOX-15416,Linadryl,4-(2-benzhydryloxyethyl)morpholine,22215,c1ccc(C(OCCN2CCOCC2)c2ccccc2)cc1,MJPJBBIHDOFGDK-UHFFFAOYSA-N,21.00014122,0.021000141,297.172879,7.06664E-05,4.150786956
TOX-15436,dimethyl phosphorofluoridate,[fluoro(methoxy)phosphoryl]oxymethane,80052,COP(=O)(F)OC,XCTATYNREGBPBO-UHFFFAOYSA-N,2.00001562,0.002000016,128.0038589,1.56247E-05,4.806189675
TOX-15512,,N-[2-(diethylamino)ethyl]pyridine-4-carboxamide,22339,CCN(CC)CCNC(=O)c1ccncc1,NATGYNRBXIXCAS-UHFFFAOYSA-N,659.988071,0.659988071,221.1528122,0.002984308,2.52515638
TOX-15537,Heptanal,heptanal,8130,CCCCCCC=O,FXHGMKSSBGDXIY-UHFFFAOYSA-N,450.0078813,0.450007881,114.1044651,0.003943824,2.404082519
TOX-15544,,"16-methoxy-5-oxa-10-azatetracyclo[8.7.0.01,13.02,7]heptadeca-2(7),12,14-trien-4-one",410620,COC1C=CC2=CCN3CCC4=C(CC(=O)OC4)C23C1,PXWINCSLFXUWBZ-UHFFFAOYSA-N,8.599937071,0.008599937,273.1364935,3.14859E-05,4.501884456
TOX-15561,,4-(dimethylamino)-1-methyl-5-methylidene-2-phenylpyrazolidin-3-one,23715660,C=C1C(N(C)C)C(=O)N(c2ccccc2)N1C,OTPAYCWKBFYJBB-UHFFFAOYSA-N,170.9933462,0.170993346,231.1371622,0.000739792,3.130890566
TOX-15644,Diphepanol,"1,1-diphenyl-2-piperidin-1-ylpropan-1-ol",94161,CC(N1CCCCC1)C(O)(c1ccccc1)c1ccccc1,ZOCMPVMKPVJTEP-UHFFFAOYSA-N,12.4988999,0.0124989,295.1936144,4.23414E-05,4.373235169
TOX-15664,,2-(diethylamino)ethyl 2-(4-hexoxyphenyl)-2-hydroxy-2-phenylacetate,201539,CCCCCCOc1ccc(C(O)(C(=O)OCCN(CC)CC)c2ccccc2)cc1,VTQHDICZORLCQT-UHFFFAOYSA-N,10.00035082,0.010000351,427.2722587,2.34051E-05,4.630689461
TOX-1572,papaverine,"1-[(3,4-dimethoxyphenyl)methyl]-6,7-dimethoxyisoquinoline",4680,COc1ccc(Cc2nccc3cc(OC)c(OC)cc23)cc1OC,XQYZDYMELSJDRZ-UHFFFAOYSA-N,25.00066294,0.025000663,339.1470582,7.37163E-05,4.132436529
TOX-1601,Tutin,"2,8-dihydroxy-7-methyl-12-prop-1-en-2-ylspiro[4,10-dioxatetracyclo[7.2.1.02,7.03,5]dodecane-6,2'-oxirane]-11-one",122160,C=C(C)C1C2OC(=O)C1C1(O)C3OC3C3(CO3)C1(C)C2O,CCAZWUJBLXKBAY-UHFFFAOYSA-N,1.243987319,0.001243987,294.1103383,4.2297E-06,5.373694337
TOX-16166,Diisoamyl adipate,bis(3-methylbutyl) hexanedioate,23105,CC(C)CCOC(=O)CCCCC(=O)OCCC(C)C,HIEOGLNFUKBFCF-UHFFFAOYSA-N,639.9955309,0.639995531,286.2144094,0.00223607,2.650514553
TOX-1621,Coriamyrtin,"2-hydroxy-7-methyl-12-prop-1-en-2-ylspiro[4,10-dioxatetracyclo[7.2.1.02,7.03,5]dodecane-6,2'-oxirane]-11-one",433737,C=C(C)C1C2CC3(C)C4(CO4)C4OC4C3(O)C1C(=O)O2,BWWDLKVKPVKBGJ-UHFFFAOYSA-N,0.370994668,0.000370995,278.1154237,0.000001334,5.874857407
TOX-16401,,"5-butyl-1-phenyl-1,3-diazinane-2,4,6-trione",28927,CCCCC1C(=O)NC(=O)N(C2CCCCC2)C1=O,FUSQPEGOVZRRBP-UHFFFAOYSA-N,325.4345741,0.325434574,266.1630426,0.001222689,2.912684062
TOX-16450,,4-phenylpiperidine-4-carbaldehyde,81397,O=CC1(c2ccccc2)CCNCC1,XCENPWBBAXQVCG-UHFFFAOYSA-N,2.999873186,0.002999873,189.1153641,1.58627E-05,4.799623917
TOX-16572,carpipramine,"1-[3-(5,6-dihydrobenzo[b][1]benzazepin-11-yl)propyl]-4-piperidin-1-ylpiperidine-4-carboxamide",2580,NC(=O)C1(N2CCCCC2)CCN(CCCN2c3ccccc3CCc3ccccc32)CC1,NWPJLRSCSQHPJV-UHFFFAOYSA-N,17.99842828,0.017998428,446.3045618,4.03277E-05,4.394396744
TOX-16577,Methaphenilene,"N,N-dimethyl-N'-phenyl-N'-(thiophen-2-ylmethyl)ethane-1,2-diamine",10306,CN(C)CCN(Cc1cccs1)c1ccccc1,LDYJXVUOVPVZKA-UHFFFAOYSA-N,29.99930876,0.029999309,260.1347196,0.000115322,3.938087073
TOX-16717,Tolycaine,methyl 2-[[2-(diethylamino)acetyl]amino]-3-methylbenzoate,72137,CCN(CC)CC(=O)Nc1c(C)cccc1C(=O)OC,UDKICLZCJWQTLS-UHFFFAOYSA-N,39.99971258,0.039999713,278.1630426,0.0001438,3.842242557
TOX-16750,,"(4,7-dimethyl-6,6a,8,9-tetrahydroindolo[4,3-fg]quinolin-9-yl)-pyrrolidin-1-ylmethanone",53463888,CN1CC(C(=O)N2CCCC2)C=C2c3cccc4c3c(cn4C)CC21,PWISINPCTJKXCA-UHFFFAOYSA-N,7.998783725,0.007998784,335.1997624,2.38627E-05,4.622279748
TOX-16769,,"N-ethyl-4,7-dimethyl-6,6a,8,9-tetrahydroindolo[4,3-fg]quinoline-9-carboxamide",10086668,CCNC(=O)C1C=C2c3cccc4c3c(cn4C)CC2N(C)C1,OLUVTYNEBIODME-UHFFFAOYSA-N,8.999621869,0.008999622,309.1841124,2.91076E-05,4.535992907
TOX-1680,,2-(methylamino)-1-phenylpropan-1-ol,5032,CNC(C)C(O)c1ccccc1,KWGRBVOPPLSCSI-UHFFFAOYSA-N,64.99763981,0.06499764,165.1153641,0.00039365,3.4048899
TOX-17028,,"2-(2,2-diphenyl-1,3-dioxolan-4-yl)piperidine",66270,c1ccc(C2(c3ccccc3)OCC(C3CCCCN3)O2)cc1,HGKAMARNFGKMLC-UHFFFAOYSA-N,30.08222785,0.030082228,309.172879,9.72991E-05,4.011891394
TOX-1703,salicylic acid,2-hydroxybenzoic acid,338,O=C(O)c1ccccc1O,YGSDEFSMJLZEOE-UHFFFAOYSA-N,414.9939904,0.41499399,138.0316941,0.003006512,2.52193701
TOX-1716,,2-ethoxyethanol,8076,CCOCCO,ZNQVEEAIQZEUHB-UHFFFAOYSA-N,899.9800263,0.899980026,90.06807956,0.00999222,2.000338032
TOX-17175,ZINOSTATIN,"[11-[4,5-dihydroxy-6-methyl-3-(methylamino)oxan-2-yl]oxy-4-(2-oxo-1,3-dioxolan-4-yl)-5-oxatricyclo[8.3.0.04,6]tridec-1(13)-en-2,7-diyn-12-yl] 2-hydroxy-7-methoxy-5-methylnaphthalene-1-carboxylate",76632185,CNC1C(OC2C(OC(=O)c3c(O)ccc4c(C)cc(OC)cc34)C=C3C#CC4(C5COC(=O)O5)OC4C#CCC32)OC(C)C(O)C1O,BLXZMHNVKCEIJX-UHFFFAOYSA-N,0.899918387,0.000899918,661.2159256,0.000001361,5.86614018
TOX-17205,,4-cyclohexyloxy-4-oxobutanoic acid,120922,O=C(O)CCC(=O)OC1CCCCC1,CQBVVSONJDUVEJ-UHFFFAOYSA-N,749.9850172,0.749985017,200.104859,0.00374796,2.426205047
TOX-17272,,"N-methyl-3-(6-thiatricyclo[8.4.0.03,7]tetradeca-1(14),3(7),4,10,12-pentaen-2-ylidene)propan-1-amine",20596,CNCCC=C1c2ccccc2CCc2sccc21,RDBMZAMQBNYOIJ-UHFFFAOYSA-N,13.99932447,0.013999324,269.1238206,5.20182E-05,4.28384506
TOX-1744,,6-aminohexanoic acid,564,NCCCCCC(=O)O,SLXKOJJOQWFEFD-UHFFFAOYSA-N,1999.923767,1.999923767,131.0946287,0.015255574,1.816571456
TOX-1746,amitriptyline,"N,N-dimethyl-3-(2-tricyclo[9.4.0.03,8]pentadeca-1(15),3,5,7,11,13-hexaenylidene)propan-1-amine",2160,CN(C)CCC=C1c2ccccc2CCc2ccccc21,KRMDCWKBEZIMAB-UHFFFAOYSA-N,9.226768021,0.009226768,277.1830497,3.32876E-05,4.477717067
TOX-17492,,1-[decyl(ethoxy)phosphoryl]oxy-4-nitrobenzene,82589,CCCCCCCCCCP(=O)(OCC)Oc1ccc([N+](=O)[O-])cc1,QAZQTRDRKXPDMA-UHFFFAOYSA-N,0.868967245,0.000868967,371.1861597,2.3411E-06,5.630588368
TOX-17725,Olivomycin,"3-(3,4-dihydroxy-1-methoxy-2-oxopentyl)-2-[4-(4,5-dihydroxy-6-methyloxan-2-yl)oxy-5-hydroxy-6-methyloxan-2-yl]oxy-8,9-dihydroxy-6-[5-hydroxy-4-(4-hydroxy-5-methoxy-6-methyloxan-2-yl)oxy-6-methyloxan-2-yl]oxy-3,4-dihydro-2H-anthracen-1-one",78302515,COC(C(=O)C(O)C(C)O)C1Cc2cc3cc(OC4CC(OC5CC(O)C(OC)C(C)O5)C(O)C(C)O4)cc(O)c3c(O)c2C(=O)C1OC1CC(OC2CC(O)C(O)C(C)O2)C(O)C(C)O1,CZDBNBLGZNWKMC-UHFFFAOYSA-N,1.850027523,0.001850028,940.3940091,1.9673E-06,5.706131664
TOX-17778,Aescin,"6-[[9-acetyloxy-8-hydroxy-4,8a-bis(hydroxymethyl)-4,6a,6b,11,11,14b-hexamethyl-10-(2-methylbut-2-enoyloxy)-1,2,3,4a,5,6,7,8,9,10,12,12a,14,14a-tetradecahydropicen-3-yl]oxy]-4-hydroxy-3,5-bis[[3,4,5-trihydroxy-6-(hydroxymethyl)oxan-2-yl]oxy]oxane-2-carboxylic acid",4555259,CC=C(C)C(=O)OC1C(OC(C)=O)C2(CO)C(O)CC3(C)C(=CCC4C5(C)CCC(OC6OC(C(=O)O)C(OC7OC(CO)C(O)C(O)C7O)C(O)C6OC6OC(CO)C(O)C(O)C6O)C(C)(CO)C5CCC43C)C2CC1(C)C,AXNVHPCVMSNXNP-UHFFFAOYSA-N,5.299201725,0.005299202,1130.550904,4.6873E-06,5.329079669
TOX-17829,Variamycin,"3-(3,4-dihydroxy-1-methoxy-2-oxopentyl)-6-[4-(4,5-dihydroxy-6-methyloxan-2-yl)oxy-5-hydroxy-6-methyloxan-2-yl]oxy-8,9-dihydroxy-2-[5-hydroxy-4-[5-hydroxy-4-(4-hydroxy-5-methoxy-6-methyloxan-2-yl)oxy-6-methyloxan-2-yl]oxy-6-methyloxan-2-yl]oxy-7-methyl-3,4-dihydro-2H-anthracen-1-one",99927,COC(C(=O)C(O)C(C)O)C1Cc2cc3cc(OC4CC(OC5CC(O)C(O)C(C)O5)C(O)C(C)O4)c(C)c(O)c3c(O)c2C(=O)C1OC1CC(OC2CC(OC3CC(O)C(OC)C(C)O3)C(O)C(C)O2)C(O)C(C)O1,NKGFIFLSQXHQOK-UHFFFAOYSA-N,0.119993807,0.000119994,1084.472653,1.106E-07,6.956059773
TOX-17838,Loprodiol,"2,2-bis(chloromethyl)propane-1,3-diol",71813,OCC(CO)(CCl)CCl,YFESJHPTNWYOCO-UHFFFAOYSA-N,599.9687935,0.599968794,172.0057849,0.003488073,2.457414392
TOX-1794,bumetanide,3-(butylamino)-4-phenoxy-5-sulfamoylbenzoic acid,2471,CCCCNc1cc(C(=O)O)cc(S(N)(=O)=O)c1Oc1ccccc1,MAEIEVLCKWDQJH-UHFFFAOYSA-N,69.99558205,0.069995582,364.1092927,0.000192238,3.716161134
TOX-1818,CARTEOLOL,"5-[3-(tert-butylamino)-2-hydroxypropoxy]-3,4-dihydro-1H-quinolin-2-one",2583,CC(C)(C)NCC(O)COc1cccc2c1CCC(=O)N2,LWAFSWPYPHEXKX-UHFFFAOYSA-N,111.9965523,0.111996552,292.1786926,0.000383315,3.416443888
TOX-1837,,"2,2-dichloro-N-[1,3-dihydroxy-1-(4-nitrophenyl)propan-2-yl]acetamide",298,O=C(NC(CO)C(O)c1ccc([N+](=O)[O-])cc1)C(Cl)Cl,WIIZWVCIJKGZOK-UHFFFAOYSA-N,116.9992758,0.116999276,322.0123268,0.000363338,3.439689324
TOX-18400,,methyl N-(2-chloroethyl)-N-nitrosocarbamate,26121,COC(=O)N(CCCl)N=O,ZIVWROYTZSSKDC-UHFFFAOYSA-N,1.999951971,0.001999952,166.0145198,1.20468E-05,4.919126507
TOX-1842,chloroquine,"4-N-(7-chloroquinolin-4-yl)-1-N,1-N-diethylpentane-1,4-diamine",2719,CCN(CC)CCCC(C)Nc1ccnc2cc(Cl)ccc12,WHTVZRBIWZFKQO-UHFFFAOYSA-N,8.000500194,0.0080005,319.1815255,2.50657E-05,4.600920606
TOX-18552,Etorphine,"19-(2-hydroxypentan-2-yl)-15-methoxy-5-methyl-13-oxa-5-azahexacyclo[13.2.2.12,8.01,6.02,14.012,20]icosa-8(20),9,11,16-tetraen-11-ol",518962,CCCC(C)(O)C1CC23C=CC1(OC)C1Oc4c(O)ccc5c4C12CCN(C)C3C5,CAHCBJPUTCKATP-UHFFFAOYSA-N,0.007999184,8.00E-06,411.2409585,1.95E-08,7.711050676
TOX-1862,clonidine,"N-(2,6-dichlorophenyl)-4,5-dihydro-1H-imidazol-2-amine",2803,Clc1cccc(Cl)c1NC1=NCCN1,GJSURZIOUXUGAL-UHFFFAOYSA-N,44.99843545,0.044998435,229.0173526,0.000196485,3.706670976
TOX-1866,Pseudococaine,methyl 3-benzoyloxy-8-methyl-8-azabicyclo[3.2.1]octane-2-carboxylate,2826,COC(=O)C1C(OC(=O)c2ccccc2)CC2CCC1N2C,ZPUCINDJVBIVPJ-UHFFFAOYSA-N,15.13613213,0.015136132,303.1470582,0.00004993,4.301638448
TOX-1888,DL-Panthenol,"2,4-dihydroxy-N-(3-hydroxypropyl)-3,3-dimethylbutanamide",4678,CC(C)(CO)C(O)C(=O)NCCCO,SNPLKNRPJHDVJA-UHFFFAOYSA-N,3999.922049,3.999922049,205.1314081,0.019499316,1.709980633
TOX-1889,,1-phenylpropan-2-amine,3007,CC(N)Cc1ccccc1,KWTSXDURSIMDCE-UHFFFAOYSA-N,12.24744872,0.012247449,135.1047994,9.06515E-05,4.042625147
TOX-1890,RACEMETHORPHAN,"4-methoxy-17-methyl-17-azatetracyclo[7.5.3.01,10.02,7]heptadeca-2(7),3,5-triene",3008,COc1ccc2c(c1)C13CCCCC1C(C2)N(C)CC3,MKXZASYAUGDDCJ-UHFFFAOYSA-N,14.41759449,0.014417594,271.1936144,5.31635E-05,4.274386653
TOX-1895,,"6-[[3-(2,6-dichlorophenyl)-5-methyl-1,2-oxazole-4-carbonyl]amino]-3,3-dimethyl-7-oxo-4-thia-1-azabicyclo[3.2.0]heptane-2-carboxylic acid",3041,Cc1onc(-c2c(Cl)cccc2Cl)c1C(=O)NC1C(=O)N2C1SC(C)(C)C2C(=O)O,YFAGHNZHGGCZAX-UHFFFAOYSA-N,599.9566269,0.599956627,469.026597,0.001279153,2.893077616
TOX-19016,Trocimine,"azocan-1-yl-(3,4,5-trimethoxyphenyl)methanone",26650,COc1cc(C(=O)N2CCCCCCC2)cc(OC)c1OC,WZSDNEJJUSYNSG-UHFFFAOYSA-N,24.00078078,0.024000781,307.1783583,0.000078133,4.107165245
TOX-19048,,"N,N-dimethyldecanamide",26690,CCCCCCCCCC(=O)N(C)C,HNXNKTMIVROLTK-UHFFFAOYSA-N,28.99883613,0.028998836,199.1936144,0.000145581,3.836894844
TOX-1905,Prostaglandin F2a;PGF2alpha,"7-[3,5-dihydroxy-2-(3-hydroxyoct-1-enyl)cyclopentyl]hept-5-enoic acid",160,CCCCCC(O)C=CC1C(O)CC(O)C1CC=CCCCC(=O)O,PXGPLTODNUVGFL-UHFFFAOYSA-N,2.500091684,0.002500092,354.2406242,7.0576E-06,5.151342429
TOX-19182,,(8-methyl-8-azabicyclo[3.2.1]octan-3-yl) 3-hydroxy-2-methyl-2-phenylpropanoate,71626,CN1C2CCC1CC(OC(=O)C(C)(CO)c1ccccc1)C2,XZPAMMPYTOAFOU-UHFFFAOYSA-N,69.99953861,0.069999539,303.1834437,0.000230882,3.636610304
TOX-1920,doxepin,"3-(6H-benzo[c][1]benzoxepin-11-ylidene)-N,N-dimethylpropan-1-amine",3158,CN(C)CCC=C1c2ccccc2COc2ccccc21,ODQWQRRAPPTVAG-UHFFFAOYSA-N,11.00066934,0.011000669,279.1623143,0.000039406,4.404437679
TOX-19221,todralazine,ethyl N-(phthalazin-1-ylamino)carbamate,5501,CCOC(=O)NNc1nncc2ccccc12,WGZDBVOTUVNQFP-UHFFFAOYSA-N,416.9946133,0.416994613,232.0960256,0.001796647,2.745537259
TOX-19292,Sulforidazine,10-[2-(1-methylpiperidin-2-yl)ethyl]-2-methylsulfonylphenothiazine,31765,CN1CCCCC1CCN1c2ccccc2Sc2ccc(S(C)(=O)=O)cc21,FLGCRGJDQJIJAW-UHFFFAOYSA-N,18.00067068,0.018000671,402.1435701,4.47618E-05,4.349092442
TOX-19384,,"N,N-dimethyl-3-(6-thiatricyclo[8.4.0.03,7]tetradeca-1(14),3(7),4,10,12-pentaen-2-ylidene)propan-1-amine",84719,CN(C)CCC=C1c2ccccc2CCc2sccc21,ZDYPMKZEUSYJQI-UHFFFAOYSA-N,7.998871019,0.007998871,283.1394707,2.82506E-05,4.548971722
TOX-19404,,"2-(2-ethoxyanilino)-N,N-diethylacetamide",26999,CCOc1ccccc1NCC(=O)N(CC)CC,WOZUSFRRZSBYGS-UHFFFAOYSA-N,34.9997204,0.03499972,250.1681279,0.000139905,3.854167404
TOX-1943,ESMOLOL,methyl 3-[4-[2-hydroxy-3-(propan-2-ylamino)propoxy]phenyl]propanoate,59768,COC(=O)CCc1ccc(OCC(O)CNC(C)C)cc1,AQNDDEOPVVGCPG-UHFFFAOYSA-N,39.99878118,0.039998781,295.1783583,0.000135507,3.868037755
TOX-1954,EDTA,2-[2-[bis(carboxymethyl)amino]ethyl-(carboxymethyl)amino]acetic acid,6049,O=C(O)CN(CCN(CC(=O)O)CC(=O)O)CC(=O)O,KCXVZYZYPLLWCC-UHFFFAOYSA-N,46.99935666,0.046999357,292.0906655,0.000160907,3.793425765
TOX-1956,Vepesid J,"5-[(7,8-dihydroxy-2-methyl-4,4a,6,7,8,8a-hexahydropyrano[3,2-d][1,3]dioxin-6-yl)oxy]-9-(4-hydroxy-3,5-dimethoxyphenyl)-5a,6,8a,9-tetrahydro-5H-[2]benzofuro[6,5-f][1,3]benzodioxol-8-one",3310,COc1cc(C2c3cc4c(cc3C(OC3OC5COC(C)OC5C(O)C3O)C3COC(=O)C23)OCO4)cc(OC)c1O,VJJPUSNTGOMMGY-UHFFFAOYSA-N,37.00238885,0.037002389,588.1842911,6.29095E-05,4.201283659
TOX-1965,FENTIAZAC,"2-[4-(4-chlorophenyl)-2-phenyl-1,3-thiazol-5-yl]acetic acid",28871,O=C(O)Cc1sc(-c2ccccc2)nc1-c1ccc(Cl)cc1,JIEKMACRVQTPRC-UHFFFAOYSA-N,70.99827782,0.070998278,329.0277273,0.000215782,3.665984683
TOX-19697,,N-methyl-1-pyridin-2-ylpropan-2-amine,203877,CNC(C)Cc1ccccn1,LRCYOGDMXYPZAE-UHFFFAOYSA-N,92.99690467,0.092996905,150.1156984,0.000619502,3.207957618
TOX-1971,,"6-[[3-(2-chloro-6-fluorophenyl)-5-methyl-1,2-oxazole-4-carbonyl]amino]-3,3-dimethyl-7-oxo-4-thia-1-azabicyclo[3.2.0]heptane-2-carboxylic acid",3364,Cc1onc(-c2c(F)cccc2Cl)c1C(=O)NC1C(=O)N2C1SC(C)(C)C2C(=O)O,UIOFUWFRIANQPC-UHFFFAOYSA-N,710.0328495,0.71003285,453.0561475,0.001567207,2.804873586
TOX-1994,gentamicin,"2-[4,6-diamino-3-[3-amino-6-[1-(methylamino)ethyl]oxan-2-yl]oxy-2-hydroxycyclohexyl]oxy-5-methyl-4-(methylamino)oxane-3,5-diol",3467,CNC(C)C1CCC(N)C(OC2C(N)CC(N)C(OC3OCC(C)(O)C(NC)C3O)C2O)O1,CEAZRRDELHUEMR-UHFFFAOYSA-N,80.99949125,0.080999491,477.3162487,0.000169698,3.770323928
TOX-2028,Kanamycin A monosulfate,"2-(aminomethyl)-6-[4,6-diamino-3-[4-amino-3,5-dihydroxy-6-(hydroxymethyl)oxan-2-yl]oxy-2-hydroxycyclohexyl]oxyoxane-3,4,5-triol",815,NCC1OC(OC2C(N)CC(N)C(OC3OC(CO)C(O)C(N)C3O)C2O)C(O)C(O)C1O,SBUJHOSQTJFQJX-UHFFFAOYSA-N,287.226354,0.287226354,484.238058,0.000593151,3.226834634
TOX-20327,Piroheptine,"1-ethyl-2-methyl-3-(2-tricyclo[9.4.0.03,8]pentadeca-1(15),3,5,7,11,13-hexaenylidene)pyrrolidine",4854,CCN1CCC(=C2c3ccccc3CCc3ccccc32)C1C,NKJQZSDCCLDOQH-UHFFFAOYSA-N,6.198998845,0.006198999,303.1986998,2.04453E-05,4.689405779
TOX-2033,cellobiose,"2-(hydroxymethyl)-6-[4,5,6-trihydroxy-2-(hydroxymethyl)oxan-3-yl]oxyoxane-3,4,5-triol",294,OCC1OC(OC2C(CO)OC(O)C(O)C2O)C(O)C(O)C1O,GUBGYTABKSRVRQ-UHFFFAOYSA-N,25200.22087,25.20022087,342.1162115,0.073659827,1.132769307
TOX-20347,,"N-[1-(7-methyl-6,6a,8,9,10,10a-hexahydro-4H-indolo[4,3-fg]quinolin-9-yl)ethyl]acetamide",78393643,CC(=O)NC(C)C1CC2c3cccc4[nH]cc(c34)CC2N(C)C1,WDQSJGDAELMXJW-UHFFFAOYSA-N,34.99674082,0.034996741,311.1997624,0.000112458,3.949011656
TOX-20353,Erythrosin B,"3',6'-dihydroxy-2',4',5',7'-tetraiodospiro[2-benzofuran-3,9'-xanthene]-1-one",3259,O=C1OC2(c3ccccc31)c1cc(I)c(O)c(I)c1Oc1c2cc(I)c(O)c1I,OALHHIHQOFIMEF-UHFFFAOYSA-N,200.0011962,0.200001196,835.6550654,0.000239335,3.620994457
TOX-20377,Farmocaine,2-(diethylamino)ethyl 4-(butylamino)benzoate,4651,CCCCNc1ccc(C(=O)OCCN(CC)CC)cc1,JQMCLLAJJLVYOC-UHFFFAOYSA-N,2.39981123,0.002399811,292.2150781,8.2125E-06,5.08552554
TOX-2039,DL-DOPA,"2-amino-3-(3,4-dihydroxyphenyl)propanoic acid",836,NC(Cc1ccc(O)c(O)c1)C(=O)O,WTDRDQBEARUVNC-UHFFFAOYSA-N,144,0.144,197.0688078,0.000730709,3.136255397
TOX-2058,mepivacaine,"N-(2,6-dimethylphenyl)-1-methylpiperidine-2-carboxamide",4062,Cc1cccc(C)c1NC(=O)C1CCCCN1C,INWLQCZOYSRPNW-UHFFFAOYSA-N,21.99964281,0.021999643,246.1732133,8.93665E-05,4.048825165
TOX-2061,Metergoline phenylmethyl ester,"benzyl N-[(4,7-dimethyl-6,6a,8,9,10,10a-hexahydroindolo[4,3-fg]quinolin-9-yl)methyl]carbamate",4090,CN1CC(CNC(=O)OCc2ccccc2)CC2c3cccc4c3c(cn4C)CC21,WZHJKEUHNJHDLS-UHFFFAOYSA-N,19.99871135,0.019998711,403.2259772,4.95968E-05,4.304546491
TOX-2064,METHDILAZINE,10-[(1-methylpyrrolidin-3-yl)methyl]phenothiazine,14677,CN1CCC(CN2c3ccccc3Sc3ccccc32)C1,HTMIBDQKFHUPSX-UHFFFAOYSA-N,16.99776346,0.016997763,296.1347196,5.73988E-05,4.241097547
TOX-2094,Moxisylyte,[4-[2-(dimethylamino)ethoxy]-2-methyl-5-propan-2-ylphenyl] acetate,4260,CC(=O)Oc1cc(C(C)C)c(OCCN(C)C)cc1C,VRYMTAVOXVTQEF-UHFFFAOYSA-N,58.5979025,0.058597903,279.1834437,0.00020989,3.678007589
TOX-2109,nitrazepam,"7-nitro-5-phenyl-1,3-dihydro-1,4-benzodiazepin-2-one",4506,O=C1CN=C(c2ccccc2)c2cc([N+](=O)[O-])ccc2N1,KJONHKAYOJNZEC-UHFFFAOYSA-N,519.9981508,0.519998151,281.0800412,0.00185,2.732828209
TOX-2110,nitrendipine,"5-O-ethyl 3-O-methyl 2,6-dimethyl-4-(3-nitrophenyl)-1,4-dihydropyridine-3,5-dicarboxylate",4507,CCOC(=O)C1=C(C)NC(C)=C(C(=O)OC)C1c1cccc([N+](=O)[O-])c1,PVHUJELLJLJGLN-UHFFFAOYSA-N,2.500235869,0.002500236,360.1321364,6.9426E-06,5.158480896
TOX-2112,mechlorethamine,2-chloro-N-(2-chloroethyl)-N-methylethanamine,4033,CN(CCCl)CCCl,HAWPXGHAZFHHAD-UHFFFAOYSA-N,1.599938485,0.001599938,155.0268547,1.03204E-05,4.986303651
TOX-2124,Opipramol,2-[4-(3-benzo[b][1]benzazepin-11-ylpropyl)piperazin-1-yl]ethanol,9417,OCCN1CCN(CCCN2c3ccccc3C=Cc3ccccc32)CC1,YNZFUWZUGRBMHL-UHFFFAOYSA-N,10.99984869,0.010999849,363.2310625,3.02833E-05,4.51879627
TOX-2125,metaproterenol,"5-[1-hydroxy-2-(propan-2-ylamino)ethyl]benzene-1,3-diol",4086,CC(C)NCC(O)c1cc(O)cc(O)c1,LMOINURANNBYCM-UHFFFAOYSA-N,81.29961509,0.081299615,211.1208434,0.000385086,3.414442623
TOX-21424,Mepixanox,3-methoxy-4-(piperidin-1-ylmethyl)xanthen-9-one,65687,COc1ccc2c(=O)c3ccccc3oc2c1CN1CCCCC1,PYSOHOOUXFWCFF-UHFFFAOYSA-N,15.6003859,0.015600386,323.1521435,4.82757E-05,4.3162717
TOX-2146,,1-(tert-butylamino)-3-(2-cyclopentylphenoxy)propan-2-ol,4724,CC(C)(C)NCC(O)COc1ccccc1C1CCCC1,KQXKVJAGOJTNJS-UHFFFAOYSA-N,16.99795838,0.016997958,291.2198292,5.83681E-05,4.233824181
TOX-2151,PERAZINE,10-[3-(4-methylpiperazin-1-yl)propyl]phenothiazine,4744,CN1CCN(CCCN2c3ccccc3Sc3ccccc32)CC1,WEYVCQFUGFRXOM-UHFFFAOYSA-N,24.99941089,0.024999411,339.1769188,7.37061E-05,4.132496516
TOX-2155,phenmetrazine,3-methyl-2-phenylmorpholine,4762,CC1NCCOC1c1ccccc1,OOBHFESNSZDWIU-UHFFFAOYSA-N,40.99838075,0.040998381,177.1153641,0.000231478,3.635489532
TOX-2163,pimozide,"3-[1-[4,4-bis(4-fluorophenyl)butyl]piperidin-4-yl]-1H-benzimidazol-2-one",16362,O=c1[nH]c2ccccc2n1C1CCN(CCCC(c2ccc(F)cc2)c2ccc(F)cc2)CC1,YVUQSNJEYSNKRX-UHFFFAOYSA-N,21.99733077,0.021997331,461.227869,0.000047693,4.321545556
TOX-2165,pindolol,1-(1H-indol-4-yloxy)-3-(propan-2-ylamino)propan-2-ol,4828,CC(C)NCC(O)COc1cccc2[nH]ccc12,JZQKKSLKJUAGIC-UHFFFAOYSA-N,9.999758383,0.009999758,248.1524779,4.02968E-05,4.39472911
TOX-21685,plicamycin,"2-[4-[4-(4,5-dihydroxy-4,6-dimethyloxan-2-yl)oxy-5-hydroxy-6-methyloxan-2-yl]oxy-5-hydroxy-6-methyloxan-2-yl]oxy-3-(3,4-dihydroxy-1-methoxy-2-oxopentyl)-6-[4-(4,5-dihydroxy-6-methyloxan-2-yl)oxy-5-hydroxy-6-methyloxan-2-yl]oxy-8,9-dihydroxy-7-methyl-3,4-dihydro-2H-anthracen-1-one",230076,COC(C(=O)C(O)C(C)O)C1Cc2cc3cc(OC4CC(OC5CC(O)C(O)C(C)O5)C(O)C(C)O4)c(C)c(O)c3c(O)c2C(=O)C1OC1CC(OC2CC(OC3CC(C)(O)C(O)C(C)O3)C(O)C(C)O2)C(O)C(C)O1,CFCUWKMKBJTWLW-UHFFFAOYSA-N,0.249987099,0.000249987,1084.472653,2.305E-07,6.637301008
TOX-2171,piretanide,4-phenoxy-3-pyrrolidin-1-yl-5-sulfamoylbenzoic acid,4849,NS(=O)(=O)c1cc(C(=O)O)cc(N2CCCC2)c1Oc1ccccc1,UJEWTUDSLQGTOA-UHFFFAOYSA-N,177.996562,0.177996562,362.0936427,0.000491576,3.308409286
TOX-2182,prilocaine,N-(2-methylphenyl)-2-(propylamino)propanamide,4906,CCCNC(C)C(=O)Nc1ccccc1C,MVFGUOIZUNYYSO-UHFFFAOYSA-N,17.99950979,0.01799951,220.1575633,8.17574E-05,4.087472932
TOX-21828,thiamine disulfide,N-[(4-amino-2-methylpyrimidin-5-yl)methyl]-N-[3-[[2-[(4-amino-2-methylpyrimidin-5-yl)methyl-formylamino]-5-hydroxypent-2-en-3-yl]disulfanyl]-5-hydroxypent-2-en-2-yl]formamide,5432,CC(=C(CCO)SSC(CCO)=C(C)N(C=O)Cc1cnc(C)nc1N)N(C=O)Cc1cnc(C)nc1N,GFEGEDUIIYDMOX-UHFFFAOYSA-N,824.967746,0.824967746,562.2144436,0.001467354,2.83346503
TOX-2183,procaine,2-(diethylamino)ethyl 4-aminobenzoate,4914,CCN(CC)CCOC(=O)c1ccc(N)cc1,MFDFERRIHVXMIY-UHFFFAOYSA-N,41.98720516,0.041987205,236.1524779,0.000177797,3.75007554
TOX-2184,prochlorperazine,2-chloro-10-[3-(4-methylpiperazin-1-yl)propyl]phenothiazine,4917,CN1CCN(CCCN2c3ccccc3Sc3ccc(Cl)cc32)CC1,WIKYUJGCLQQFNW-UHFFFAOYSA-N,4.999291358,0.004999291,373.1379464,0.000013398,4.872960969
TOX-21891,Pipoctanone,1-(4-octylphenyl)-3-piperidin-1-ylpropan-1-one,197970,CCCCCCCCc1ccc(C(=O)CCN2CCCCC2)cc1,ODUILFNOMMYWTO-UHFFFAOYSA-N,10.99906534,0.010999065,329.2718647,3.34042E-05,4.476198841
TOX-2192,quinacrine,"4-N-(6-chloro-2-methoxyacridin-9-yl)-1-N,1-N-diethylpentane-1,4-diamine",237,CCN(CC)CCCC(C)Nc1c2ccc(Cl)cc2nc2ccc(OC)cc12,GPKJTRJOBQGKQK-UHFFFAOYSA-N,8.486002675,0.008486003,399.2077403,2.12571E-05,4.672495789
TOX-2199,Isoreserpin,"methyl 6,18-dimethoxy-17-(3,4,5-trimethoxybenzoyl)oxy-1,3,11,12,14,15,16,17,18,19,20,21-dodecahydroyohimban-19-carboxylate",5052,COC(=O)C1C2CC3c4[nH]c5cc(OC)ccc5c4CCN3CC2CC(OC(=O)c2cc(OC)c(OC)c(OC)c2)C1OC,QEVHRUUCFGRFIF-UHFFFAOYSA-N,15.00029571,0.015000296,608.2733809,2.46605E-05,4.607998991
TOX-22082,,"5,7-diphenyl-1,3-diazatricyclo[3.3.1.13,7]decan-4-one",29400,O=C1N2CN3CC(c4ccccc4)(C2)CC1(c1ccccc1)C3,LPVYSZDXQGZULM-UHFFFAOYSA-N,440.0101189,0.440010119,304.1575633,0.001446652,2.839635956
TOX-22100,,"2-ethyl-8-methyl-2,8-diazaspiro[4.5]decane-1,3-dione",87934,CCN1C(=O)CC2(CCN(C)CC2)C1=O,UIHKDOBBVHGTAQ-UHFFFAOYSA-N,3.699876832,0.003699877,210.1368278,0.000017607,4.754314905
TOX-22266,Moquizone,1-(2-morpholin-4-ylacetyl)-3-phenyl-2H-quinazolin-4-one,63216,O=C1c2ccccc2N(C(=O)CN2CCOCC2)CN1c1ccccc1,VCRQLDNIOXNDMT-UHFFFAOYSA-N,184.9292627,0.184929263,351.1582915,0.000526627,3.278497289
TOX-2261,tetracaine,2-(dimethylamino)ethyl 4-(butylamino)benzoate,5411,CCCCNc1ccc(C(=O)OCCN(C)C)cc1,GKCBAIGFKIBETG-UHFFFAOYSA-N,2.149926809,0.002149927,264.183778,0.000008138,5.089482471
TOX-22857,,trichloromethyl thiocyanate,88421,N#CSC(Cl)(Cl)Cl,RMUJSHZJFTWGGN-UHFFFAOYSA-N,3.200816069,0.003200816,174.881703,1.83027E-05,4.737483655
TOX-22892,,"N-(7-butan-2-yl-2-hydroxy-5,8-dioxo-4-propan-2-yl-3-oxa-6,9-diazatricyclo[7.3.0.02,6]dodecan-4-yl)-7-methyl-6,6a,8,9-tetrahydro-4H-indolo[4,3-fg]quinoline-9-carboxamide",3738730,CCC(C)C1C(=O)N2CCCC2C2(O)OC(NC(=O)C3C=C4c5cccc6[nH]cc(c56)CC4N(C)C3)(C(C)C)C(=O)N12,YYWXOXLDOMRDHW-UHFFFAOYSA-N,124.9978288,0.124997829,575.3107694,0.00021727,3.663000034
TOX-2306,chlorpheniramine,"3-(4-chlorophenyl)-N,N-dimethyl-3-pyridin-2-ylpropan-1-amine",2725,CN(C)CCC(c1ccc(Cl)cc1)c1ccccn1,SOYKEARSMXGVTM-UHFFFAOYSA-N,21.99959973,0.0219996,274.1236763,8.02543E-05,4.095531768
TOX-2307,dopamine,"4-(2-aminoethyl)benzene-1,2-diol",681,NCCc1ccc(O)c(O)c1,VYFYYTLLBUKUHU-UHFFFAOYSA-N,89.99941245,0.089999412,153.0789786,0.000587928,3.230675882
TOX-2311,labetalol,2-hydroxy-5-[1-hydroxy-2-(4-phenylbutan-2-ylamino)ethyl]benzamide,3869,CC(CCc1ccccc1)NCC(O)c1ccc(O)c(C(N)=O)c1,SGUAFYQXFOLMHL-UHFFFAOYSA-N,40.99850187,0.040998502,328.1786926,0.000124927,3.903342393
TOX-2321,clomipramine,"3-(2-chloro-5,6-dihydrobenzo[b][1]benzazepin-11-yl)-N,N-dimethylpropan-1-amine",2801,CN(C)CCCN1c2ccccc2CCc2ccc(Cl)cc21,GDLIGKIOYRNHDA-UHFFFAOYSA-N,12.00152449,0.012001524,314.1549764,3.82026E-05,4.417907528
TOX-2327,Cogoxin,"3-[3-[5-[5-(4,5-dihydroxy-6-methyloxan-2-yl)oxy-4-hydroxy-6-methyloxan-2-yl]oxy-4-hydroxy-6-methyloxan-2-yl]oxy-12,14-dihydroxy-10,13-dimethyl-1,2,3,4,5,6,7,8,9,11,12,15,16,17-tetradecahydrocyclopenta[a]phenanthren-17-yl]-2H-furan-5-one",3062,CC1OC(OC2C(O)CC(OC3C(O)CC(OC4CCC5(C)C(CCC6C5CC(O)C5(C)C(C7=CC(=O)OC7)CCC65O)C4)OC3C)OC2C)CC(O)C1O,LTMHDMANZUZIPE-UHFFFAOYSA-N,3.559776632,0.003559777,780.4296067,4.5613E-06,5.340910989
TOX-23340,,"6-[[22-[(3-acetyloxy-2-methylbutanoyl)oxymethyl]-21-hydroxy-8-(hydroxymethyl)-3,4,8,12,19,19-hexamethyl-23-oxahexacyclo[18.2.1.03,16.04,13.07,12.017,22]tricos-15-en-9-yl]oxy]-4-hydroxy-3-[3,4,5-trihydroxy-6-(hydroxymethyl)oxan-2-yl]oxy-5-(3,4,5-trihydroxyoxan-2-yl)oxyoxane-2-carboxylic acid",418711,CC(=O)OC(C)C(C)C(=O)OCC12C3CC4(C)C(=CCC5C6(C)CCC(OC7OC(C(=O)O)C(OC8OC(CO)C(O)C(O)C8O)C(O)C7OC7OCC(O)C(O)C7O)C(C)(CO)C6CCC54C)C1CC(C)(C)C(O3)C2O,MDECBZJUSDTBAX-UHFFFAOYSA-N,4.999804761,0.004999805,1100.540339,0.000004543,5.34265292
TOX-2337,meperidine,ethyl 1-methyl-4-phenylpiperidine-4-carboxylate,4058,CCOC(=O)C1(c2ccccc2)CCN(C)CC1,XADCESSVHJOZHK-UHFFFAOYSA-N,28.28335642,0.028283356,247.1572289,0.000114435,3.941442371
TOX-2338,doxylamine,"N,N-dimethyl-2-(1-phenyl-1-pyridin-2-ylethoxy)ethanamine",3162,CN(C)CCOC(C)(c1ccccc1)c1ccccn1,HCFDWZZGGLSKEP-UHFFFAOYSA-N,48.99891259,0.048998913,270.1732133,0.000181361,3.741455846
TOX-2339,Diatrizoic acid,"3,5-diacetamido-2,4,6-triiodobenzoic acid",2140,CC(=O)Nc1c(I)c(NC(C)=O)c(I)c(C(=O)O)c1I,YVPYQUNUQOZFHG-UHFFFAOYSA-N,12199.90064,12.19990064,613.7696508,0.019877002,1.701649116
TOX-2341,chlorpromazine,"3-(2-chlorophenothiazin-10-yl)-N,N-dimethylpropan-1-amine",2726,CN(C)CCCN1c2ccccc2Sc2ccc(Cl)cc21,ZPEIMTDSQAKGNT-UHFFFAOYSA-N,8.945029254,0.008945029,318.0957473,2.81206E-05,4.550976098
TOX-2349,imipramine,"3-(5,6-dihydrobenzo[b][1]benzazepin-11-yl)-N,N-dimethylpropan-1-amine",3696,CN(C)CCCN1c2ccccc2CCc2ccccc21,BCGWQEUPMDMJNV-UHFFFAOYSA-N,15.8736587,0.015873659,280.1939488,5.66524E-05,4.246781713
TOX-2353,promethazine,"N,N-dimethyl-1-phenothiazin-10-ylpropan-2-amine",4927,CC(CN1c2ccccc2Sc2ccccc21)N(C)C,PWWVAXIEGOYWEE-UHFFFAOYSA-N,18.99812956,0.01899813,284.1347196,6.68631E-05,4.17481346
TOX-2354,trifluoperazine,10-[3-(4-methylpiperazin-1-yl)propyl]-2-(trifluoromethyl)phenothiazine,5566,CN1CCN(CCCN2c3ccccc3Sc3ccc(C(F)(F)F)cc32)CC1,ZEWQUBUPAILYHI-UHFFFAOYSA-N,64.99920249,0.064999202,407.1643034,0.000159639,3.796861668
TOX-2355,phentolamine,"3-[N-(4,5-dihydro-1H-imidazol-2-ylmethyl)-4-methylanilino]phenol",5775,Cc1ccc(N(CC2=NCCN2)c2cccc(O)c2)cc1,MRBDMNSDAVCSSF-UHFFFAOYSA-N,27.99910437,0.027999104,281.1528122,9.95868E-05,4.001798292
TOX-2361,,"N-(7-benzyl-2-hydroxy-4-methyl-5,8-dioxo-3-oxa-6,9-diazatricyclo[7.3.0.02,6]dodecan-4-yl)-7-methyl-6,6a,8,9-tetrahydro-4H-indolo[4,3-fg]quinoline-9-carboxamide",3251,CN1CC(C(=O)NC2(C)OC3(O)C4CCCN4C(=O)C(Cc4ccccc4)N3C2=O)C=C2c3cccc4[nH]cc(c34)CC21,XCGSFFUVFURLIX-UHFFFAOYSA-N,3.00013925,0.003000139,581.2638192,5.1614E-06,5.287231878
TOX-2363,,(5-ethenyl-1-azabicyclo[2.2.2]octan-2-yl)-(6-methoxyquinolin-4-yl)methanol,1065,C=CC1CN2CCC1CC2C(O)c1ccnc2ccc(OC)cc12,LOUPRKONTZGTKE-UHFFFAOYSA-N,34.99741082,0.034997411,324.183778,0.000107956,3.966755364
TOX-2369,Triferric doxorubicin,"7-(4-amino-5-hydroxy-6-methyloxan-2-yl)oxy-6,9,11-trihydroxy-9-(2-hydroxyacetyl)-4-methoxy-8,10-dihydro-7H-tetracene-5,12-dione",1691,COc1cccc2c1C(=O)c1c(O)c3c(c(O)c1C2=O)CC(O)(C(=O)CO)CC3OC1CC(N)C(O)C(C)O1,AOJJSUZBOXZQNB-UHFFFAOYSA-N,5.46783773,0.005467838,543.1740607,1.00665E-05,4.997123405
TOX-24046,,"3,3-dimethyl-7-oxo-6-[(3-oxo-3-phenoxy-2-phenylpropanoyl)amino]-4-thia-1-azabicyclo[3.2.0]heptane-2-carboxylic acid",30729,CC1(C)SC2C(NC(=O)C(C(=O)Oc3ccccc3)c3ccccc3)C(=O)N2C1C(=O)O,NZDASSHFKWDBBU-UHFFFAOYSA-N,624.9945,0.6249945,454.1198574,0.001376277,2.861294297
TOX-2408,Acetrizoic acid,"3-acetamido-2,4,6-triiodobenzoic acid",6806,CC(=O)Nc1c(I)cc(I)c(C(=O)O)c1I,GNOGSFBXBWBTIG-UHFFFAOYSA-N,5199.971987,5.199971987,556.7481871,0.009339899,2.029657807
TOX-24188,clenbuterol,"1-(4-amino-3,5-dichlorophenyl)-2-(tert-butylamino)ethanol",2783,CC(C)(C)NCC(O)c1cc(Cl)c(N)c(Cl)c1,STJMRWALKKWQGH-UHFFFAOYSA-N,12.59977273,0.012599773,276.0796186,4.56382E-05,4.340671635
TOX-2424,ALLOBARBITAL,"5,5-bis(prop-2-enyl)-1,3-diazinane-2,4,6-trione",5842,C=CCC1(CC=C)C(=O)NC(=O)NC1=O,FDQGNLOWMMVRQL-UHFFFAOYSA-N,146.9950581,0.146995058,208.0847922,0.000706419,3.150937607
TOX-2429,alprenolol,1-(propan-2-ylamino)-3-(2-prop-2-enylphenoxy)propan-2-ol,2119,C=CCc1ccccc1OCC(O)CNC(C)C,PAZJSJFMUHDSTF-UHFFFAOYSA-N,12.99979146,0.012999791,249.172879,5.21718E-05,4.282564385
TOX-2434,ambroxol,"4-[(2-amino-3,5-dibromophenyl)methylamino]cyclohexan-1-ol",2132,Nc1c(Br)cc(Br)cc1CNC1CCC(O)CC1,JBDGDEWWOUBZPM-UHFFFAOYSA-N,63.99864593,0.063998646,375.9785874,0.000170219,3.768992326
TOX-2437,aminophenazone,"4-(dimethylamino)-1,5-dimethyl-2-phenylpyrazol-3-one",6009,Cc1c(N(C)C)c(=O)n(-c2ccccc2)n1C,RMMXTBMQSGEXHJ-UHFFFAOYSA-N,79.99688717,0.079996887,231.1371622,0.000346101,3.460796689
TOX-245,thiotepa,tris(aziridin-1-yl)-sulfanylidene-lambda5-phosphane,5453,S=P(N1CC1)(N1CC1)N1CC1,FOCVUCIESVLUNU-UHFFFAOYSA-N,5.499883739,0.005499884,189.048955,2.90924E-05,4.536220772
TOX-2477,betahistine,N-methyl-2-pyridin-2-ylethanamine,2366,CNCCc1ccccn1,UUQMNUMQCIQDMZ-UHFFFAOYSA-N,6.464620259,0.00646462,136.1000484,0.000047499,4.323315261
TOX-24875,Bunitrolol,2-[3-(tert-butylamino)-2-hydroxypropoxy]benzonitrile,2473,CC(C)(C)NCC(O)COc1ccccc1C#N,VCVQSRCYSKKPBA-UHFFFAOYSA-N,26.89935005,0.02689935,248.1524779,0.000108399,3.96497683
TOX-24906,,"(6,6,9-trimethyl-3-pentyl-6a,7,8,10a-tetrahydrobenzo[c]chromen-1-yl) acetate",78174316,CCCCCc1cc(OC(C)=O)c2c(c1)OC(C)(C)C1CCC(C)=CC21,DEWSJDIJFWQLOA-UHFFFAOYSA-N,154.9973914,0.154997391,356.2351449,0.000435099,3.361412374
TOX-24993,Dianhydrodulcitol,"1,2-bis(oxiran-2-yl)ethane-1,2-diol",31789,OC(C1CO1)C(O)C1CO1,AAFJXZWCNVJTMK-UHFFFAOYSA-N,13999.8084,13.9998084,146.0579088,0.095851081,1.018402986
TOX-2502,Bumadizone,2-[anilino(phenyl)carbamoyl]hexanoic acid,19161,CCCCC(C(=O)O)C(=O)N(Nc1ccccc1)c1ccccc1,FLWFHHFTIRLFPV-UHFFFAOYSA-N,240.0029413,0.240002941,326.1630426,0.000735837,3.133218186
TOX-2503,BUPRANOLOL,1-(tert-butylamino)-3-(2-chloro-5-methylphenoxy)propan-2-ol,2475,Cc1ccc(Cl)c(OCC(O)CNC(C)(C)C)c1,HQIRNZOQPUAHHV-UHFFFAOYSA-N,15.29954965,0.01529955,271.1339066,0.000056428,4.248505184
TOX-25366,,"17-acetyl-3-hydroxy-10,13-dimethyl-1,2,3,4,5,6,7,8,9,12,14,15,16,17-tetradecahydrocyclopenta[a]phenanthren-11-one",256278,CC(=O)C1CCC2C3CCC4CC(O)CCC4(C)C3C(=O)CC12C,DUHUCHOQIDJXAT-UHFFFAOYSA-N,9.360450428,0.00936045,332.2351449,2.81742E-05,4.550148824
TOX-25367,,"[2-(3-hydroxy-10,13-dimethyl-11-oxo-1,2,3,4,5,6,7,8,9,12,14,15,16,17-tetradecahydrocyclopenta[a]phenanthren-17-yl)-2-oxoethyl] acetate",91061,CC(=O)OCC(=O)C1CCC2C3CCC4CC(O)CCC4(C)C3C(=O)CC12C,QRJOQYLXZPQQMX-UHFFFAOYSA-N,29.99846358,0.029998464,390.2406242,7.68717E-05,4.114233465
TOX-25786,,"N,N-bis(2-chloroethyl)propan-2-amine",32369,CC(C)N(CCCl)CCCl,WAEDMQMDOHQPFL-UHFFFAOYSA-N,1.999891371,0.001999891,183.0581548,1.09249E-05,4.961582674
TOX-2579,,pyridin-4-amine,1727,Nc1ccncc1,NUKYPUAOHBNCPY-UHFFFAOYSA-N,5.499590935,0.005499591,94.05309819,5.84733E-05,4.233042719
TOX-2592,dibucaine,2-butoxy-N-[2-(diethylamino)ethyl]quinoline-4-carboxamide,3025,CCCCOc1cc(C(=O)NCCN(CC)CC)c2ccccc2n1,PUFQVTATUTYEAL-UHFFFAOYSA-N,2.236256775,0.002236257,343.2259772,6.5154E-06,5.186058481
TOX-25942,Acetergamine,"N-[(7-methyl-6,6a,8,9,10,10a-hexahydro-4H-indolo[4,3-fg]quinolin-9-yl)methyl]acetamide",10447354,CC(=O)NCC1CC2c3cccc4[nH]cc(c34)CC2N(C)C1,SGZVEWGAZGOWGP-UHFFFAOYSA-N,39.99973105,0.039999731,297.1841124,0.000134596,3.870968517
TOX-2596,,2-(diethylamino)ethyl 1-cyclohexylcyclohexane-1-carboxylate,3042,CCN(CC)CCOC(=O)C1(C2CCCCC2)CCCCC1,CURUTKGFNZGFSE-UHFFFAOYSA-N,35.0006785,0.035000679,309.2667794,0.000113173,3.946256808
TOX-26068,,"[6-[5-(4,5-dihydroxy-4,6-dimethyloxan-2-yl)oxy-4-(dimethylamino)-3-hydroxy-6-methyloxan-2-yl]oxy-10-[5-(dimethylamino)-6-methyloxan-2-yl]oxy-5-methoxy-9,16-dimethyl-2-oxo-7-(2-oxoethyl)-1-oxacyclohexadeca-11,13-dien-4-yl] acetate",53398676,COC1C(OC(C)=O)CC(=O)OC(C)CC=CC=CC(OC2CCC(N(C)C)C(C)O2)C(C)CC(CC=O)C1OC1OC(C)C(OC2CC(C)(O)C(O)C(C)O2)C(N(C)C)C1O,ZPCCSZFPOXBNDL-UHFFFAOYSA-N,197.9995525,0.197999553,884.5245697,0.000223849,3.650045692
TOX-2622,Encainide,4-methoxy-N-[2-[2-(1-methylpiperidin-2-yl)ethyl]phenyl]benzamide,48041,COc1ccc(C(=O)Nc2ccccc2CCC2CCCCN2C)cc1,PJWPNDMDCLXCOM-UHFFFAOYSA-N,5.500343285,0.005500343,352.2150781,1.56164E-05,4.806418149
TOX-2627,DL-Adrenaline,"4-[1-hydroxy-2-(methylamino)ethyl]benzene-1,2-diol",838,CNCC(O)c1ccc(O)c(O)c1,UCTWMZQNUQWSLP-UHFFFAOYSA-N,0.04999809,5.00E-05,183.0895433,2.731E-07,6.563710127
TOX-2639,ETHACRYNIC ACID,"2-[2,3-dichloro-4-(2-methylidenebutanoyl)phenoxy]acetic acid",3278,C=C(CC)C(=O)c1ccc(OCC(=O)O)c(Cl)c1Cl,AVOLMBLBETYQHX-UHFFFAOYSA-N,78.29715872,0.078297159,302.0112642,0.000259252,3.586277139
TOX-26410,crotyl n-butyl thiobarbituric acid,"5-but-2-enyl-5-butyl-2-sulfanylidene-1,3-diazinane-4,6-dione",3032820,CC=CCC1(CCCC)C(=O)NC(=S)NC1=O,DWQBWXURHGWAQR-UHFFFAOYSA-N,89.99823077,0.089998231,254.1088988,0.000354172,3.450785902
TOX-26516,zotepine,"2-(3-chlorobenzo[b][1]benzothiepin-5-yl)oxy-N,N-dimethylethanamine",5736,CN(C)CCOC1=Cc2ccccc2Sc2ccc(Cl)cc21,HDOZVRUNCMBHFH-UHFFFAOYSA-N,23.80229489,0.023802295,331.0797629,7.18929E-05,4.143313804
TOX-26609,Dehydroindapamide,4-chloro-N-(2-methylindol-1-yl)-3-sulfamoylbenzamide,45748,CC1Cc2ccccc2N1NC(=O)c1ccc(Cl)c(S(N)(=O)=O)c1,LWCDXWWLUHMMJI-UHFFFAOYSA-N,335.1189856,0.335118986,365.0600901,0.000917983,3.037165324
TOX-2688,furosemide,4-chloro-2-(furan-2-ylmethylamino)-5-sulfamoylbenzoic acid,3440,NS(=O)(=O)c1cc(C(=O)O)c(NCc2ccco2)cc1Cl,ZZUFCTLCJUWOSV-UHFFFAOYSA-N,399.989116,0.399989116,330.0077201,0.00121206,2.916475926
TOX-27051,,"1,3-dimethyl-7-[2-(propan-2-ylamino)propyl]purine-2,6-dione",214009,CC(C)NC(C)Cn1cnc2c1c(=O)n(C)c(=O)n2C,FPOHBTPWFYWEGN-UHFFFAOYSA-N,214.9969212,0.214996921,279.1695249,0.00077013,3.113435767
TOX-27080,azosemide,2-chloro-5-(2H-tetrazol-5-yl)-4-(thiophen-2-ylmethylamino)benzenesulfonamide,2273,NS(=O)(=O)c1cc(-c2nn[nH]n2)c(NCc2cccs2)cc1Cl,HMEDEBAJARCKCT-UHFFFAOYSA-N,129.9835241,0.129983524,370.0073433,0.0003513,3.454322036
TOX-2713,,2-amino-5-[[1-(carboxymethylamino)-1-oxo-3-sulfanylpropan-2-yl]amino]-5-oxopentanoic acid,745,NC(CCC(=O)NC(CS)C(=O)NCC(=O)O)C(=O)O,RWSXRVCMGQZWBV-UHFFFAOYSA-N,2000.013016,2.000013016,307.0838063,0.006512923,2.186224093
TOX-2718,haloperidol,4-[4-(4-chlorophenyl)-4-hydroxypiperidin-1-yl]-1-(4-fluorophenyl)butan-1-one,3559,O=C(CCCN1CCC(O)(c2ccc(Cl)cc2)CC1)c1ccc(F)cc1,LNEPOXFFQSENCJ-UHFFFAOYSA-N,8.00061724,0.008000617,375.1401349,0.000021327,4.671070037
TOX-2721,Heptabarbital,"5-(cyclohepten-1-yl)-5-ethyl-1,3-diazinane-2,4,6-trione",10518,CCC1(C2=CCCCCC2)C(=O)NC(=O)NC1=O,PAZQYDJGLKSCSI-UHFFFAOYSA-N,119.4951345,0.119495135,250.1317424,0.000477729,3.320818586
TOX-2727,Hexobarbital,"5-(cyclohexen-1-yl)-1,5-dimethyl-1,3-diazinane-2,4,6-trione",3608,CN1C(=O)NC(=O)C(C)(C2=CCCCC2)C1=O,UYXAWHWODHRRMR-UHFFFAOYSA-N,71.99969526,0.071999695,236.1160924,0.000304934,3.515794929
TOX-2728,HEXYLCAINE,1-(cyclohexylamino)propan-2-yl benzoate,10770,CC(CNC1CCCCC1)OC(=O)c1ccccc1,DKLKMKYDWHYZTD-UHFFFAOYSA-N,13.99973218,0.013999732,261.172879,5.36033E-05,4.270808349
TOX-2756,iproniazid,N'-propan-2-ylpyridine-4-carbohydrazide,3748,CC(C)NNC(=O)c1ccncc1,NYMGNSNKLVNMIA-UHFFFAOYSA-N,116.9980415,0.116998042,179.105862,0.000653234,3.184931208
TOX-2760,Isometheptene,"N,6-dimethylhept-5-en-2-amine",22297,CNC(C)CCC=C(C)C,XVQUOJBERHHONY-UHFFFAOYSA-N,17.99898058,0.017998981,141.1517496,0.000127515,3.894438357
TOX-2761,,"(6-nitrooxy-2,3,3a,5,6,6a-hexahydrofuro[3,2-b]furan-3-yl) nitrate",3780,O=[N+]([O-])OC1COC2C(O[N+](=O)[O-])COC12,MOYKHGMNXAOIAT-UHFFFAOYSA-N,40.00067757,0.040000678,236.0280652,0.000169474,3.770896298
TOX-27768,,"7-chloro-10-[3-(dimethylamino)propyl]benzo[b][1,8]naphthyridin-5-one",34364,CN(C)CCCn1c2ccc(Cl)cc2c(=O)c2cccnc21,DZXCWDAAGKRZPA-UHFFFAOYSA-N,11.99984802,0.011999848,315.1138399,0.000038081,4.419291732
TOX-2782,DL-morphan,"17-methyl-17-azatetracyclo[7.5.3.01,10.02,7]heptadeca-2(7),3,5-trien-4-ol",3918,CN1CCC23CCCCC2C1Cc1ccc(O)cc13,JAQUASYNZVUNQP-UHFFFAOYSA-N,23.06449789,0.023064498,257.1779644,0.000089683,4.04728975
TOX-28092,,"N-[4-ethyl-2-hydroxy-7-(2-methylpropyl)-5,8-dioxo-3-oxa-6,9-diazatricyclo[7.3.0.02,6]dodecan-4-yl]-7-methyl-6,6a,8,9-tetrahydro-4H-indolo[4,3-fg]quinoline-9-carboxamide",13274440,CCC1(NC(=O)C2C=C3c4cccc5[nH]cc(c45)CC3N(C)C2)OC2(O)C3CCCN3C(=O)C(CC(C)C)N2C1=O,JFRCRHHCXKEHBW-UHFFFAOYSA-N,100.0030265,0.100003027,561.2951193,0.000178165,3.749178122
TOX-28139,,bis(2-ethylhexyl) decanedioate,31218,CCCCC(CC)COC(=O)CCCCCCCCC(=O)OCC(CC)CCCC,VJHINFRRDQUWOJ-UHFFFAOYSA-N,540.0227808,0.540022781,426.3709101,0.001266556,2.897375486
TOX-2826,Pecazine,10-[(1-methylpiperidin-3-yl)methyl]phenothiazine,6075,CN1CCCC(CN2c3ccccc3Sc3ccccc32)C1,CBHCDHNUZWWAPP-UHFFFAOYSA-N,20.00219024,0.02000219,310.1503697,6.44919E-05,4.19049475
TOX-2828,pyrilamine,"N'-[(4-methoxyphenyl)methyl]-N,N-dimethyl-N'-pyridin-2-ylethane-1,2-diamine",4992,COc1ccc(CN(CCN(C)C)c2ccccn2)cc1,YECBIJXISLIIDS-UHFFFAOYSA-N,12.00037843,0.012000378,285.1841124,4.20794E-05,4.375930386
TOX-2841,,"2-amino-3-(3,4-dihydroxyphenyl)-2-methylpropanoic acid",4138,CC(N)(Cc1ccc(O)c(O)c1)C(=O)O,CJCSPKMFHVPWAR-UHFFFAOYSA-N,712.9763703,0.71297637,211.0844579,0.003377683,2.471381121
TOX-2870,naphazoline,"2-(naphthalen-1-ylmethyl)-4,5-dihydro-1H-imidazole",4436,c1ccc2c(CC3=NCCN3)cccc2c1,CNIIGCLFLJGOGP-UHFFFAOYSA-N,0.799961956,0.000799962,210.1156984,3.8072E-06,5.419389168
TOX-2871,NATAMYCIN,"22-(4-amino-3,5-dihydroxy-6-methyloxan-2-yl)oxy-1,3,26-trihydroxy-12-methyl-10-oxo-6,11,28-trioxatricyclo[22.3.1.05,7]octacosa-8,14,16,18,20-pentaene-25-carboxylic acid",4283516,CC1CC=CC=CC=CC=CC(OC2OC(C)C(O)C(N)C2O)CC2OC(O)(CC(O)CC3OC3C=CC(=O)O1)CC(O)C2C(=O)O,NCXMLFZGDNKEPB-UHFFFAOYSA-N,19.99900859,0.019999009,665.3047406,3.00599E-05,4.522012151
TOX-28857,Amipaque,"3-acetamido-5-[acetyl(methyl)amino]-2,4,6-triiodo-N-(3,4,5,6-tetrahydroxy-1-oxohexan-2-yl)benzamide",4172,CC(=O)Nc1c(I)c(C(=O)NC(C=O)C(O)C(O)C(O)CO)c(I)c(N(C)C(C)=O)c1I,DTZMSDADRKLCQE-UHFFFAOYSA-N,21763.02758,21.76302758,788.8541087,0.027588153,1.559277379
TOX-28913,Danitracen,10-(1-methylpiperidin-4-ylidene)-9H-anthracen-9-ol,35758,CN1CCC(=C2c3ccccc3C(O)c3ccccc32)CC1,HLBRHTFSMMEHPK-UHFFFAOYSA-N,16.10033151,0.016100332,291.1623143,5.52968E-05,4.257300344
TOX-2901,,"3-[1,5,11,14-tetrahydroxy-10-(hydroxymethyl)-13-methyl-3-(3,4,5-trihydroxy-6-methyloxan-2-yl)oxy-2,3,4,6,7,8,9,11,12,15,16,17-dodecahydro-1H-cyclopenta[a]phenanthren-17-yl]-2H-furan-5-one",4605,CC1OC(OC2CC(O)C3(CO)C4C(O)CC5(C)C(C6=CC(=O)OC6)CCC5(O)C4CCC3(O)C2)C(O)C(O)C1O,LPMXVESGRSUGHW-UHFFFAOYSA-N,0.252017672,0.000252018,584.2832768,4.313E-07,6.365192461
TOX-2905,Oxethazaine,2-[2-hydroxyethyl-[2-[methyl-(2-methyl-1-phenylpropan-2-yl)amino]-2-oxoethyl]amino]-N-methyl-N-(2-methyl-1-phenylpropan-2-yl)acetamide,4621,CN(C(=O)CN(CCO)CC(=O)N(C)C(C)(C)Cc1ccccc1)C(C)(C)Cc1ccccc1,FTLDJPRFCGDUFH-UHFFFAOYSA-N,0.581932796,0.000581933,467.3147922,1.2453E-06,5.904736695
TOX-2907,oxyphenbutazone,"4-butyl-1-(4-hydroxyphenyl)-2-phenylpyrazolidine-3,5-dione",4641,CCCCC1C(=O)N(c2ccccc2)N(c2ccc(O)cc2)C1=O,HFHZKZSRXITVMK-UHFFFAOYSA-N,104.0064123,0.104006412,324.1473925,0.000320862,3.493682417
TOX-2923,Pentetrazol,"6,7,8,9-tetrahydro-5H-tetrazolo[1,5-a]azepine",5917,C1CCc2nnnn2CC1,CWRVKFFCRWGWCS-UHFFFAOYSA-N,29.99913156,0.029999132,138.0905463,0.000217243,3.663055265
TOX-2929,Phenindamine,"2-methyl-9-phenyl-1,3,4,9-tetrahydroindeno[2,1-c]pyridine",11291,CN1CCC2=C(C1)C(c1ccccc1)c1ccccc12,ISFHAYSTHMVOJR-UHFFFAOYSA-N,15.00183648,0.015001836,261.1517496,5.74449E-05,4.240748512
TOX-2930,phenobarbital,"5-ethyl-5-phenyl-1,3-diazinane-2,4,6-trione",4763,CCC1(c2ccccc2)C(=O)NC(=O)NC1=O,DDBREPKUVSBGFI-UHFFFAOYSA-N,86.48364157,0.086483642,232.0847922,0.000372638,3.428712715
TOX-2933,PHENPROCOUMON,4-hydroxy-3-(1-phenylpropyl)chromen-2-one,54680692,CCC(c1ccccc1)c1c(O)c2ccccc2oc1=O,DQDAYGNAKTZFIW-UHFFFAOYSA-N,61.99491298,0.061994913,280.1099444,0.000221324,3.654972473
TOX-2934,dl-Mesatone,3-[1-hydroxy-2-(methylamino)ethyl]phenol,4782,CNCC(O)c1cccc(O)c1,SONNWYBIRXJNDC-UHFFFAOYSA-N,0.499976078,0.000499976,167.0946287,2.9922E-06,5.524013264
TOX-2942,PIRFENIDONE,5-methyl-1-phenylpyridin-2-one,40632,Cc1ccc(=O)n(-c2ccccc2)c1,ISWRGOKTTBVCFA-UHFFFAOYSA-N,279.9909299,0.27999093,185.084064,0.001512777,2.820225064
TOX-2948,,"5-hydroxy-9-(3,4,5-trimethoxyphenyl)-5a,6,8a,9-tetrahydro-5H-[2]benzofuro[5,6-f][1,3]benzodioxol-8-one",4865,COc1cc(C2c3cc4c(cc3C(O)C3COC(=O)C23)OCO4)cc(OC)c1OC,YJGVMLPVUAXIQN-UHFFFAOYSA-N,4.999879351,0.004999879,414.1314677,1.20732E-05,4.918178707
TOX-29595,Alinidine,"N-(2,6-dichlorophenyl)-N-prop-2-enyl-4,5-dihydro-1H-imidazol-2-amine",36354,C=CCN(C1=NCCN1)c1c(Cl)cccc1Cl,OXTYVEUAQHPPMV-UHFFFAOYSA-N,17.39916273,0.017399163,269.0486528,6.46692E-05,4.189302472
TOX-2966,probenecid,4-(dipropylsulfamoyl)benzoic acid,4911,CCCN(CCC)S(=O)(=O)c1ccc(C(=O)O)cc1,DBABZHXKTCFAPX-UHFFFAOYSA-N,303.9946737,0.303994674,285.1034791,0.001066261,2.972136543
TOX-2973,pyridoxal,3-hydroxy-5-(hydroxymethyl)-2-methylpyridine-4-carbaldehyde,1050,Cc1ncc(CO)c(C=O)c1O,RADKZDMFGJYCBB-UHFFFAOYSA-N,464.9888729,0.464988873,167.0582431,0.002783394,2.555425349
TOX-3025,Stepronin,2-[2-(thiophene-2-carbonylsulfanyl)propanoylamino]acetic acid,54120,CC(SC(=O)c1cccs1)C(=O)NCC(=O)O,JNYSEDHQJCOWQU-UHFFFAOYSA-N,533.9316221,0.533931622,273.0129498,0.001955701,2.708697605
TOX-3034,sulfadimethoxine,"4-amino-N-(2,6-dimethoxypyrimidin-4-yl)benzenesulfonamide",5323,COc1cc(NS(=O)(=O)c2ccc(N)cc2)nc(OC)n1,ZZORFUFYDOWNEF-UHFFFAOYSA-N,999.9838876,0.999983888,310.0735759,0.003224989,2.491471755
TOX-3038,sulfameter,4-amino-N-(5-methoxypyrimidin-2-yl)benzenesulfonamide,5326,COc1cnc(NS(=O)(=O)c2ccc(N)cc2)nc1,GPTONYMQFTZPKC-UHFFFAOYSA-N,100.0003568,0.100000357,280.0630112,0.000357064,3.447254204
TOX-3039,sulfamethazine,"4-amino-N-(4,6-dimethylpyrimidin-2-yl)benzenesulfonamide",5327,Cc1cc(C)nc(NS(=O)(=O)c2ccc(N)cc2)n1,ASWVTGNCAZCNNR-UHFFFAOYSA-N,2449.938382,2.449938382,278.0837467,0.008810074,2.055020445
TOX-30415,,4-[1-hydroxy-3-(3-phenylsulfanylpropylamino)propyl]phenol,36993,Oc1ccc(C(O)CCNCCCSc2ccccc2)cc1,KCGMYHBKWHSYKB-UHFFFAOYSA-N,26.99540718,0.026995407,317.14495,8.51201E-05,4.069967918
TOX-3043,sulfaphenazole,4-amino-N-(2-phenylpyrazol-3-yl)benzenesulfonamide,5335,Nc1ccc(S(=O)(=O)Nc2ccnn2-c2ccccc2)cc1,QWCJHSGMANYXCW-UHFFFAOYSA-N,440.0419883,0.440041988,314.0837467,0.001401034,2.853551345
TOX-30700,,"(2,6-diamino-10,10-dihydroxy-3a,4,8,9-tetrahydro-1H-pyrrolo[1,2-c]purin-4-yl)methyl carbamate",37173,NC(=O)OCC1N=C(N)N2CCC(O)(O)C23NC(N)=NC13,RPQXVSUAYFXFJA-UHFFFAOYSA-N,0.003999987,4.00E-06,299.134202,1.34E-08,7.873807492
TOX-30729,,1-[2-[(2-hydroxy-3-phenoxypropyl)amino]ethylamino]-3-phenoxypropan-2-ol,198153,OC(CNCCNCC(O)COc1ccccc1)COc1ccccc1,ZRTJDAGDIFOGTM-UHFFFAOYSA-N,54.99176037,0.05499176,360.2049074,0.000152668,3.816252003
TOX-3073,CARBON TETRACHLORIDE,tetrachloromethane,5943,ClC(Cl)(Cl)Cl,VZGDMQKNWNREIO-UHFFFAOYSA-N,5839.126789,5.839126789,151.8754107,0.038446821,1.41513956
TOX-3077,thiamylal,"5-pentan-2-yl-5-prop-2-enyl-2-sulfanylidene-1,3-diazinane-4,6-dione",3032285,C=CCC1(C(C)CCC)C(=O)NC(=S)NC1=O,XLOMZPUITCYLMJ-UHFFFAOYSA-N,23.99952819,0.023999528,254.1088988,9.44458E-05,4.02481717
TOX-3085,tiopronin,2-(2-sulfanylpropanoylamino)acetic acid,5483,CC(S)C(=O)NCC(=O)O,YTGJWQPHMWSCST-UHFFFAOYSA-N,1800.022059,1.800022059,163.0303141,0.011041027,1.956990538
TOX-30986,TIARAMIDE,"5-chloro-3-[2-[4-(2-hydroxyethyl)piperazin-1-yl]-2-oxoethyl]-1,3-benzothiazol-2-one",5469,O=C(Cn1c(=O)sc2ccc(Cl)cc21)N1CCN(CCO)CC1,HTJXMOGUGMSZOG-UHFFFAOYSA-N,170.9774146,0.170977415,355.0757401,0.000481524,3.317382255
TOX-3134,,"3-(4-bromophenyl)-N,N-dimethyl-3-pyridin-3-ylprop-2-en-1-amine",41987,CN(C)CC=C(c1ccc(Br)cc1)c1cccnc1,OYPPVKRFBIWMSX-UHFFFAOYSA-N,50.79839863,0.050798399,316.0575106,0.000160725,3.793916093
TOX-31856,,6-amino-2-[[2-[[2-[[2-[[2-[(2-amino-4-methylpentanoyl)amino]-3-methylbutanoyl]amino]-4-carboxybutanoyl]amino]-3-hydroxypropanoyl]amino]-3-hydroxypropanoyl]amino]hexanoic acid,53420608,CC(C)CC(N)C(=O)NC(C(=O)NC(CCC(=O)O)C(=O)NC(CO)C(=O)NC(CO)C(=O)NC(CCCCN)C(=O)O)C(C)C,RMAZHXJOTXQSHU-UHFFFAOYSA-N,159.9869439,0.159986944,661.3646555,0.000241904,3.616356439
TOX-31857,,6-amino-2-[[2-[[2-[[2-[[1-(2-amino-3-hydroxybutanoyl)pyrrolidine-2-carbonyl]amino]-3-methylbutanoyl]amino]-3-hydroxypropanoyl]amino]-4-carboxybutanoyl]amino]hexanoic acid,53464012,CC(C)C(NC(=O)C1CCCN1C(=O)C(N)C(C)O)C(=O)NC(CO)C(=O)NC(CCC(=O)O)C(=O)NC(CCCCN)C(=O)O,INISVPAOPMKHCO-UHFFFAOYSA-N,169.9902083,0.169990208,659.3490054,0.000257815,3.588691449
TOX-31969,sulfamonomethoxine,4-amino-N-(6-methoxypyrimidin-4-yl)benzenesulfonamide,5332,COc1cc(NS(=O)(=O)c2ccc(N)cc2)ncn1,WMPXPUYPYQKQCX-UHFFFAOYSA-N,1530.005459,1.530005459,280.0630112,0.005463076,2.262562774
TOX-3201,cromolyn,5-[3-(2-carboxy-4-oxochromen-5-yl)oxy-2-hydroxypropoxy]-4-oxochromene-2-carboxylic acid,2882,O=C(O)c1cc(=O)c2c(OCC(O)COc3cccc4oc(C(=O)O)cc(=O)c34)cccc2o1,IMZMKUWMOSJXDT-UHFFFAOYSA-N,2000.128105,2.000128105,468.0692613,0.004273146,2.369252309
TOX-3203,diclofenac,"2-[2-(2,6-dichloroanilino)phenyl]acetic acid",3033,O=C(O)Cc1ccccc1Nc1c(Cl)cccc1Cl,DCOPUUMXTXDBNB-UHFFFAOYSA-N,99.98210393,0.099982104,295.016684,0.000338903,3.469924306
TOX-32459,emorfazone,4-ethoxy-2-methyl-5-morpholin-4-ylpyridazin-3-one,3221,CCOc1c(N2CCOCC2)cnn(C)c1=O,URJQOOISAKEBKW-UHFFFAOYSA-N,229.9951938,0.229995194,239.1269914,0.000961812,3.016909839
TOX-32566,,"[6-[12-acetyloxy-10-[5-acetyloxy-4-(dimethylamino)-4,6-dimethyloxan-2-yl]-2-but-2-en-2-yl-11-hydroxy-12-methoxy-5-methyl-4,7-dioxonaphtho[7,6-h]chromen-8-yl]-4-(dimethylamino)-2-methyloxan-3-yl] acetate",285699,CC=C(C)c1cc(=O)c2c(C)cc3c(c2o1)C(OC)(OC(C)=O)c1c(O)c(C2CC(C)(N(C)C)C(OC(C)=O)C(C)O2)cc(C2CC(N(C)C)C(OC(C)=O)C(C)O2)c1C3=O,XYJIEMFSVFBJNI-UHFFFAOYSA-N,25.00085598,0.025000856,846.3938899,2.95381E-05,4.529617641
TOX-3268,bupivacaine,"1-butyl-N-(2,6-dimethylphenyl)piperidine-2-carboxamide",2474,CCCCN1CCCCC1C(=O)Nc1c(C)cccc1C,LEBVLXFERQHONN-UHFFFAOYSA-N,2.916664556,0.002916665,288.2201635,1.01196E-05,4.994837876
TOX-3280,methylphenidate,methyl 2-phenyl-2-piperidin-2-ylacetate,4158,COC(=O)C(c1ccccc1)C1CCCCN1,DUGOZIWVEXMGBE-UHFFFAOYSA-N,29.99987144,0.029999871,233.1415788,0.000128677,3.89050034
TOX-3295,phenylbutazone,"4-butyl-1,2-diphenylpyrazolidine-3,5-dione",4781,CCCCC1C(=O)N(c2ccccc2)N(c2ccccc2)C1=O,VYMDGNCVAMGZFE-UHFFFAOYSA-N,146.0089952,0.146008995,308.1524779,0.000473821,3.324386052
TOX-33403,o-Chlorobenzylmalononitrile,2-[(2-chlorophenyl)methyl]propanedinitrile,38713,N#CC(C#N)Cc1ccccc1Cl,YETVIAIVJSRDFR-UHFFFAOYSA-N,38.99938629,0.038999386,190.0297759,0.000205228,3.687763883
TOX-33475,CTZ,"8-oxo-7-[[2-(tetrazol-1-yl)acetyl]amino]-3-(1,3,4-thiadiazol-2-ylsulfanylmethyl)-5-thia-1-azabicyclo[4.2.0]oct-2-ene-2-carboxylic acid",2653,O=C(Cn1cnnn1)NC1C(=O)N2C(C(=O)O)=C(CSc3nncs3)CSC12,DZMVCVMFETWNIU-UHFFFAOYSA-N,3000.054482,3.000054482,440.0143639,0.006818083,2.166337712
TOX-3363,warfarin,4-hydroxy-3-(3-oxo-1-phenylbutyl)chromen-2-one,54678486,CC(=O)CC(c1ccccc1)c1c(O)c2ccccc2oc1=O,PJVWKTKQMONHTI-UHFFFAOYSA-N,99.98929717,0.099989297,308.104859,0.00032453,3.488745032
TOX-33892,Mefentanyl,N-[3-methyl-1-(2-phenylethyl)piperidin-4-yl]-N-phenylpropanamide,61996,CCC(=O)N(c1ccccc1)C1CCN(CCc2ccccc2)CC1C,MLQRZXNZHAOCHQ-UHFFFAOYSA-N,0.016999709,1.70E-05,350.2358136,4.85E-08,7.313919066
TOX-3390,oxaprozin,"3-(4,5-diphenyl-1,3-oxazol-2-yl)propanoic acid",4614,O=C(O)CCc1nc(-c2ccccc2)c(-c2ccccc2)o1,OFPXSFXSNFPTHF-UHFFFAOYSA-N,35.99729988,0.0359973,293.1051933,0.000122814,3.910753587
TOX-3415,cyclosporin A,"30-ethyl-33-(1-hydroxy-2-methylhex-4-enyl)-1,4,7,10,12,15,19,25,28-nonamethyl-6,9,18,24-tetrakis(2-methylpropyl)-3,21-di(propan-2-yl)-1,4,7,10,13,16,19,22,25,28,31-undecazacyclotritriacontane-2,5,8,11,14,17,20,23,26,29,32-undecone",2909,CC=CCC(C)C(O)C1C(=O)NC(CC)C(=O)N(C)CC(=O)N(C)C(CC(C)C)C(=O)NC(C(C)C)C(=O)N(C)C(CC(C)C)C(=O)NC(C)C(=O)NC(C)C(=O)N(C)C(CC(C)C)C(=O)N(C)C(CC(C)C)C(=O)N(C)C(C(C)C)C(=O)N1C,PMATZTZNYRCHOR-UHFFFAOYSA-N,9.999708969,0.009999709,1201.841368,8.3203E-06,5.079859788
TOX-3422,Erythrogran,"6-[4-(dimethylamino)-3-hydroxy-6-methyloxan-2-yl]oxy-14-ethyl-7,12,13-trihydroxy-4-(5-hydroxy-4-methoxy-4,6-dimethyloxan-2-yl)oxy-3,5,7,9,11,13-hexamethyl-oxacyclotetradecane-2,10-dione",3255,CCC1OC(=O)C(C)C(OC2CC(C)(OC)C(O)C(C)O2)C(C)C(OC2OC(C)CC(N(C)C)C2O)C(C)(O)CC(C)C(=O)C(C)C(O)C1(C)O,ULGZDMOVFRHVEP-UHFFFAOYSA-N,182.9907743,0.182990774,733.4612412,0.000249489,3.602947974
TOX-3430,flavoxate,2-piperidin-1-ylethyl 3-methyl-4-oxo-2-phenylchromene-8-carboxylate,3354,Cc1c(-c2ccccc2)oc2c(C(=O)OCCN3CCCCC3)cccc2c1=O,SPIUTQOUKAMGCX-UHFFFAOYSA-N,25.00210746,0.025002107,391.1783583,6.39149E-05,4.194398202
TOX-3437,diphenhydramine,"2-benzhydryloxy-N,N-dimethylethanamine",3100,CN(C)CCOC(c1ccccc1)c1ccccc1,ZZVUWRFHKOJYTH-UHFFFAOYSA-N,9.999569246,0.009999569,255.1623143,3.91891E-05,4.40683524
TOX-3442,phentermine,2-methyl-1-phenylpropan-2-amine,4771,CC(C)(N)Cc1ccccc1,DHHVAGZRUROJKS-UHFFFAOYSA-N,14.99929642,0.014999296,149.1204495,0.000100585,3.997466316
TOX-34472,,"5-bromo-N,N-diethyl-4,7-dimethyl-6,6a,8,9-tetrahydroindolo[4,3-fg]quinoline-9-carboxamide",31845,CCN(CC)C(=O)C1C=C2c3cccc4c3c(c(Br)n4C)CC2N(C)C1,KLMFUBCMJSPRPY-UHFFFAOYSA-N,15.00133297,0.015001333,415.1259246,3.61368E-05,4.442050005
TOX-34473,,"N,N-diethyl-1-methoxy-7-methyl-6,6a,8,9-tetrahydro-4H-indolo[4,3-fg]quinoline-9-carboxamide",78299425,CCN(CC)C(=O)C1C=C2c3c(OC)ccc4[nH]cc(c34)CC2N(C)C1,AYFDTTGGASATFS-UHFFFAOYSA-N,0.100009619,0.00010001,353.2103271,2.831E-07,6.54799162
TOX-34474,,"4-acetyl-N-ethyl-7-methyl-6,6a,8,9-tetrahydroindolo[4,3-fg]quinoline-9-carboxamide",78299426,CCNC(=O)C1C=C2c3cccc4c3c(cn4C(C)=O)CC2N(C)C1,UKRWCEJTOPSTEC-UHFFFAOYSA-N,4.999659182,0.004999659,337.179027,1.48279E-05,4.828920153
TOX-3458,Dihydroegotamine,"N-(7-benzyl-2-hydroxy-4-methyl-5,8-dioxo-3-oxa-6,9-diazatricyclo[7.3.0.02,6]dodecan-4-yl)-7-methyl-6,6a,8,9,10,10a-hexahydro-4H-indolo[4,3-fg]quinoline-9-carboxamide",3066,CN1CC(C(=O)NC2(C)OC3(O)C4CCCN4C(=O)C(Cc4ccccc4)N3C2=O)CC2c3cccc4[nH]cc(c34)CC21,LUZRJRNZXALNLM-UHFFFAOYSA-N,25.00047115,0.025000471,583.2794693,4.28619E-05,4.367928497
TOX-3462,L-Hyoscyamine,(8-methyl-8-azabicyclo[3.2.1]octan-3-yl) 3-hydroxy-2-phenylpropanoate,3661,CN1C2CCC1CC(OC(=O)C(CO)c1ccccc1)C2,RKUNBYITZUJHSG-UHFFFAOYSA-N,50.00431966,0.05000432,289.1677936,0.000172925,3.762142398
TOX-3466,trazodone,"2-[3-[4-(3-chlorophenyl)piperazin-1-yl]propyl]-[1,2,4]triazolo[4,3-a]pyridin-3-one",5533,O=c1n(CCCN2CCN(c3cccc(Cl)c3)CC2)nc2ccccn12,PHLBKPHSAVXXEF-UHFFFAOYSA-N,52.00391531,0.052003915,371.151288,0.000140115,3.85351493
TOX-3468,isoproterenol,"4-[1-hydroxy-2-(propan-2-ylamino)ethyl]benzene-1,2-diol",3779,CC(C)NCC(O)c1ccc(O)c(O)c1,JWZZKOKVBUJMES-UHFFFAOYSA-N,26.9998722,0.026999872,211.1208434,0.000127888,3.893169404
TOX-34712,Treburon,"methyl 3,4-dihydroxy-6-methoxy-5-sulfooxyoxane-2-carboxylate",3084947,COC(=O)C1OC(OC)C(OS(=O)(=O)O)C(O)C1O,JLYIJXURSRVSOT-UHFFFAOYSA-N,4000.039703,4.000039703,302.0307676,0.013243815,1.877986884
TOX-34741,tolciclate,"O-(4-tricyclo[6.2.1.02,7]undeca-2(7),3,5-trienyl) N-methyl-N-(3-methylphenyl)carbamothioate",5506,Cc1cccc(N(C)C(=S)Oc2ccc3c(c2)C2CCC3C2)c1,CANCCLAKQQHLNK-UHFFFAOYSA-N,94.81143002,0.09481143,323.1343853,0.000293412,3.532522478
TOX-3486,,4-aminobenzoic acid,978,Nc1ccc(C(=O)O)cc1,ALYNCZNDIQEVRV-UHFFFAOYSA-N,2000.029167,2.000029167,137.0476785,0.014593674,1.835835354
TOX-3500,,"(3,4,8b-trimethyl-2,3a-dihydro-1H-pyrrolo[2,3-b]indol-7-yl) N-methylcarbamate",4811,CNC(=O)Oc1ccc2c(c1)C1(C)CCN(C)C1N2C,PIJVFDBKTWXHHD-UHFFFAOYSA-N,0.499996368,0.000499996,275.1633769,1.8171E-06,5.740623781
TOX-3502,Methergine,"N-(1-hydroxybutan-2-yl)-7-methyl-6,6a,8,9-tetrahydro-4H-indolo[4,3-fg]quinoline-9-carboxamide",4140,CCC(CO)NC(=O)C1C=C2c3cccc4[nH]cc(c34)CC2N(C)C1,UNBRKDKAWYKMIV-UHFFFAOYSA-N,2.599701274,0.002599701,339.194677,7.6643E-06,5.115525581
TOX-3512,Briclin,"4-amino-N-[5-amino-2-[4-amino-3,5-dihydroxy-6-(hydroxymethyl)oxan-2-yl]oxy-4-[6-(aminomethyl)-3,4,5-trihydroxyoxan-2-yl]oxy-3-hydroxycyclohexyl]-2-hydroxybutanamide",2142,NCCC(O)C(=O)NC1CC(N)C(OC2OC(CN)C(O)C(O)C2O)C(O)C1OC1OC(CO)C(O)C(N)C1O,LKCWBDHBTVXHDL-UHFFFAOYSA-N,247.9966122,0.247996612,585.2857364,0.000423719,3.372922192
TOX-35280,,bis[aziridin-1-yl-[bis(aziridin-1-yl)phosphoryloxy]phosphoryl] sulfate,3040409,O=P(OP(=O)(N1CC1)N1CC1)(OS(=O)(=O)OP(=O)(OP(=O)(N1CC1)N1CC1)N1CC1)N1CC1,MKQKUFONNRQYQO-UHFFFAOYSA-N,42.00007392,0.042000074,568.0225085,7.39409E-05,4.131115491
TOX-35281,,1-(aziridin-1-yl)-N-[4-[[aziridin-1-yl-[bis(aziridin-1-yl)phosphoryl]methylidene]amino]phenyl]-1-[bis(aziridin-1-yl)phosphoryl]methanimine,3040410,O=P(C(=Nc1ccc(N=C(N2CC2)P(=O)(N2CC2)N2CC2)cc1)N1CC1)(N1CC1)N1CC1,MQSLKXHYZGHYSS-UHFFFAOYSA-N,25.49752765,0.025497528,474.1810454,5.37717E-05,4.269446118
TOX-3529,Nepenthe,"3-methyl-2,4,4a,7,7a,13-hexahydro-1H-4,12-methanobenzofuro[3,2-e]isoquinoline-7,9-diol",4253,CN1CCC23c4c5ccc(O)c4OC2C(O)C=CC3C1C5,BQJCRHHNABKAKU-UHFFFAOYSA-N,134.9985808,0.134998581,285.1364935,0.000473453,3.324723602
TOX-3536,,"9-methoxy-3-methyl-2,4,4a,7,7a,13-hexahydro-1H-4,12-methanobenzofuro[3,2-e]isoquinolin-7-ol",2828,COc1ccc2c3c1OC1C(O)C=CC4C(C2)N(C)CCC341,OROGSEYTTFOCAN-UHFFFAOYSA-N,47.73318119,0.047733181,299.1521435,0.000159562,3.79707174
TOX-35418,,"4,4,4,14,14,14-hexakis(aziridin-1-yl)-3,5,13,15-tetraza-4lambda5,14lambda5-diphosphatricyclo[15.3.1.17,11]docosa-1(21),7(22),8,10,17,19-hexaene-2,6,12,16-tetrone",3040521,O=C1NP(N2CC2)(N2CC2)(N2CC2)NC(=O)c2cccc(c2)C(=O)NP(N2CC2)(N2CC2)(N2CC2)NC(=O)c2cccc1c2,ZKCAGCLPBGCHKZ-UHFFFAOYSA-N,13.99978078,0.013999781,638.2396229,0.000021935,4.658862527
TOX-35545,Carubicin,"9-acetyl-7-(4-amino-5-hydroxy-6-methyloxan-2-yl)oxy-4,6,9,11-tetrahydroxy-8,10-dihydro-7H-tetracene-5,12-dione",430461,CC(=O)C1(O)Cc2c(O)c3c(c(O)c2C(OC2CC(N)C(O)C(C)O2)C1)C(=O)c1c(O)cccc1C3=O,XREUEWVEMYWFFA-UHFFFAOYSA-N,1.500002922,0.001500003,513.1634961,2.9231E-06,5.53416365
TOX-35699,,2-phenylpropan-1-amine,11398,CC(CN)c1ccccc1,AXORVIZLPOGIRG-UHFFFAOYSA-N,55.00000004,0.055,135.1047994,0.000407091,3.390308087
TOX-35805,,"[27-[2-(diethylamino)-2-oxoethoxy]-2,15,17,29-tetrahydroxy-11-methoxy-3,7,12,14,16,18,22-heptamethyl-6,23-dioxo-8,30-dioxa-24-azatetracyclo[23.3.1.14,7.05,28]triaconta-1(29),2,4,9,19,21,25,27-octaen-13-yl] acetate",280886,CCN(CC)C(=O)COc1cc2c(O)c3c(O)c(C)c4c(c13)C(=O)C(C)(OC=CC(OC)C(C)C(OC(C)=O)C(C)C(O)C(C)C(O)C(C)C=CC=C(C)C(=O)N2)O4,VFYNXKZVOUXHDX-UHFFFAOYSA-N,549.9742276,0.549974228,810.3938899,0.000678651,3.168353819
TOX-3605,SHIKALKIN,"5,8-dihydroxy-2-(1-hydroxy-4-methylpent-3-enyl)naphthalene-1,4-dione",5208,CC(C)=CCC(O)C1=CC(=O)c2c(O)ccc(O)c2C1=O,NEZONWMXZKDMKF-UHFFFAOYSA-N,15.99950053,0.015999501,288.0997736,5.55346E-05,4.255436492
TOX-3618,quercetin,"2-(3,4-dihydroxyphenyl)-3,5,7-trihydroxychromen-4-one",5280343,O=c1c(O)c(-c2ccc(O)c(O)c2)oc2cc(O)cc(O)c12,REFJWTPEDVJJIY-UHFFFAOYSA-N,99.99735302,0.099997353,302.0426527,0.00033107,3.480079772
TOX-36352,Camiverine,3-methylbutyl 2-phenyl-2-(2-pyrrolidin-1-ylethylamino)acetate,40984,CC(C)CCOC(=O)C(NCCN1CCCC1)c1ccccc1,HKVGEMSALZULPM-UHFFFAOYSA-N,13.00159204,0.013001592,318.2307282,4.08559E-05,4.388745578
TOX-36484,Mabuterol,1-[4-amino-3-chloro-5-(trifluoromethyl)phenyl]-2-(tert-butylamino)ethanol,3995,CC(C)(C)NCC(O)c1cc(Cl)c(N)c(C(F)(F)F)c1,JSJCTEKTBOKRST-UHFFFAOYSA-N,18.29958776,0.018299588,310.1059755,5.90108E-05,4.229068829
TOX-36739,,"1,11-dimethyl-11-azatricyclo[7.4.1.02,7]tetradeca-2(7),3,5-trien-4-ol",3246,CN1CCC2(C)CC(Cc3ccc(O)cc32)C1,ZOWQTJXNFTWSCS-UHFFFAOYSA-N,57.99774362,0.057997744,231.1623143,0.000250896,3.600505936
TOX-37004,propentofylline,"3-methyl-1-(5-oxohexyl)-7-propylpurine-2,6-dione",4938,CCCn1cnc2c1c(=O)n(CCCCC(C)=O)c(=O)n2C,RBQOQRRFDPXAGN-UHFFFAOYSA-N,88.99825692,0.088998257,306.1691906,0.000290683,3.536579985
TOX-37343,,"2-[methyl-[2-[methyl-[1-(3,4,5-trimethoxybenzoyl)oxybutan-2-yl]amino]ethyl]amino]butyl 3,4,5-trimethoxybenzoate",13059620,CCC(COC(=O)c1cc(OC)c(OC)c(OC)c1)N(C)CCN(C)C(CC)COC(=O)c1cc(OC)c(OC)c(OC)c1,ZKSIPEYIAHUPNM-UHFFFAOYSA-N,2.499838903,0.002499839,620.3308957,4.0298E-06,5.394711389
TOX-37664,Aloperine,"3,15-diazatetracyclo[7.7.1.02,7.010,15]heptadec-7-ene",3772951,C1=C2CCCNC2C2CC1C1CCCCN1C2,SKOLRLSBMUGVOY-UHFFFAOYSA-N,74.99644957,0.07499645,232.1939488,0.000322991,3.490810194
TOX-37705,,"1-(4-fluorophenyl)-4-(4-hydroxy-1,13-dimethyl-10-azatricyclo[7.3.1.02,7]trideca-2(7),3,5-trien-10-yl)butan-1-one",3082317,CC1C2Cc3ccc(O)cc3C1(C)CCN2CCCC(=O)c1ccc(F)cc1,SMDNOEGDKSJRPV-UHFFFAOYSA-N,7.850185193,0.007850185,381.2104074,2.05928E-05,4.686284846
TOX-37822,Fomocaine,4-[3-[4-(phenoxymethyl)phenyl]propyl]morpholine,71693,c1ccc(OCc2ccc(CCCN3CCOCC3)cc2)cc1,CVHGCWVMTZWGAY-UHFFFAOYSA-N,59.99518339,0.059995183,311.188529,0.000192794,3.714907195
TOX-37929,tulobuterol,2-(tert-butylamino)-1-(2-chlorophenyl)ethanol,5606,CC(C)(C)NCC(O)c1ccccc1Cl,YREYLAVBNPACJM-UHFFFAOYSA-N,19.99956088,0.019999561,227.1076919,0.000088062,4.055211383
TOX-38522,Aclacinomycin B,"methyl 4-[4-(dimethylamino)-5-[(5,14-dimethyl-6-oxo-2,4,9,13-tetraoxatricyclo[8.4.0.03,8]tetradecan-12-yl)oxy]-6-methyloxan-2-yl]oxy-2-ethyl-2,5,7-trihydroxy-6,11-dioxo-3,4-dihydro-1H-tetracene-1-carboxylate",4574589,CCC1(O)CC(OC2CC(N(C)C)C(OC3CC4OC5CC(=O)C(C)OC5OC4C(C)O3)C(C)O2)c2c(cc3c(c2O)C(=O)c2c(O)cccc2C3=O)C1C(=O)OC,RQHZAASWYUEYCJ-UHFFFAOYSA-N,4.999617223,0.004999617,809.3258699,6.1775E-06,5.209186667
TOX-3856,acebutolol,N-[3-acetyl-4-[2-hydroxy-3-(propan-2-ylamino)propoxy]phenyl]butanamide,1978,CCCC(=O)Nc1ccc(OCC(O)CNC(C)C)c(C(C)=O)c1,GOEMGAFJFRBGGG-UHFFFAOYSA-N,40.99610022,0.0409961,336.2049074,0.000121938,3.913861502
TOX-3872,Sodium carbenicillin,"6-[(2-carboxy-2-phenylacetyl)amino]-3,3-dimethyl-7-oxo-4-thia-1-azabicyclo[3.2.0]heptane-2-carboxylic acid",2560,CC1(C)SC2C(NC(=O)C(C(=O)O)c3ccccc3)C(=O)N2C1C(=O)O,FPPNZSSZRUTDAP-UHFFFAOYSA-N,3999.936573,3.999936573,378.0885573,0.010579364,1.975540429
TOX-3874,Cephamezine;Cephazoline,"3-[(5-methyl-1,3,4-thiadiazol-2-yl)sulfanylmethyl]-8-oxo-7-[[2-(tetrazol-1-yl)acetyl]amino]-5-thia-1-azabicyclo[4.2.0]oct-2-ene-2-carboxylic acid",2618,Cc1nnc(SCC2=C(C(=O)O)N3C(=O)C(NC(=O)Cn4cnnn4)C3SC2)s1,MLYYVTUWGNIJIB-UHFFFAOYSA-N,2499.895493,2.499895493,454.0300139,0.005506014,2.25916271
TOX-3875,,"3-(acetyloxymethyl)-7-[[2-(2-amino-1,3-thiazol-4-yl)-2-methoxyiminoacetyl]amino]-8-oxo-5-thia-1-azabicyclo[4.2.0]oct-2-ene-2-carboxylic acid",2632,CON=C(C(=O)NC1C(=O)N2C(C(=O)O)=C(COC(C)=O)CSC12)c1csc(N)n1,GPRBEKHLDVQUJE-UHFFFAOYSA-N,1880.107316,1.880107316,455.0569399,0.004131587,2.383883103
TOX-3888,Cerubidin,"9-acetyl-7-(4-amino-5-hydroxy-6-methyloxan-2-yl)oxy-6,9,11-trihydroxy-4-methoxy-8,10-dihydro-7H-tetracene-5,12-dione",2958,COc1cccc2c1C(=O)c1c(O)c3c(c(O)c1C2=O)CC(O)(C(C)=O)CC3OC1CC(N)C(O)C(C)O1,STQGQHZAVUOBTE-UHFFFAOYSA-N,4.999753568,0.004999754,527.1791461,0.000009484,5.023009623
TOX-38888,Depramine,"3-benzo[b][1]benzazepin-11-yl-N,N-dimethylpropan-1-amine",67534,CN(C)CCCN1c2ccccc2C=Cc2ccccc21,AFBYHZACPPSJKD-UHFFFAOYSA-N,6.000021546,0.006000022,278.1782987,0.000021569,4.666170437
TOX-39169,Toosendanin,"[4-acetyloxy-6-(furan-3-yl)-12,16,19-trihydroxy-5,11,15-trimethyl-3-oxo-9,17-dioxahexacyclo[13.3.3.01,14.02,11.05,10.08,10]henicosan-21-yl] acetate",22556220,CC(=O)OC1CC(O)C23COC(O)C1(C)C2CC(O)C1(C)C3C(=O)C(OC(C)=O)C2(C)C(c3ccoc3)CC3OC321,NAHTXVIXCMUDLF-UHFFFAOYSA-N,4.199831888,0.004199832,574.241412,7.3137E-06,5.135862602
TOX-3923,,"1-N,3-N-bis(1,3-dihydroxypropan-2-yl)-5-(2-hydroxypropanoylamino)-2,4,6-triiodobenzene-1,3-dicarboxamide",3734,CC(O)C(=O)Nc1c(I)c(C(=O)NC(CO)CO)c(I)c(C(=O)NC(CO)CO)c1I,XQZXYNRDCRIARQ-UHFFFAOYSA-N,20000.30884,20.00030884,776.8541087,0.025745257,1.589302765
TOX-3930,TETRAMISOLE,"6-phenyl-2,3,5,6-tetrahydroimidazo[2,1-b][1,3]thiazole",3913,c1ccc(C2CN3CCSC3=N2)cc1,HLFSDGLLUJUHTE-UHFFFAOYSA-N,14.99941262,0.014999413,204.0721194,7.35005E-05,4.133709423
TOX-39329,ioxaglic acid,"3-[[2-[[3-[acetyl(methyl)amino]-2,4,6-triiodo-5-(methylcarbamoyl)benzoyl]amino]acetyl]amino]-5-(2-hydroxyethylcarbamoyl)-2,4,6-triiodobenzoic acid",3742,CNC(=O)c1c(I)c(C(=O)NCC(=O)Nc2c(I)c(C(=O)O)c(I)c(C(=O)NCCO)c2I)c(I)c(N(C)C(C)=O)c1I,TYYBFXNZMFNZJT-UHFFFAOYSA-N,10700.14336,10.70014336,1268.565851,0.008434835,2.07392342
TOX-39340,,5-methyl-2-(2-naphthalen-2-yloxyethyl)-1H-pyrazol-3-one,22769190,Cc1cc(=O)n(CCOc2ccc3ccccc3c2)[nH]1,INCLABAHEPQBCG-UHFFFAOYSA-N,24.99944097,0.024999441,268.1211778,9.32393E-05,4.030400821
TOX-3936,DL-Methamphetamine,N-methyl-1-phenylpropan-2-amine,1206,CNC(C)Cc1ccccc1,MYWUZJCMWCOHBA-UHFFFAOYSA-N,2.999859287,0.002999859,149.1204495,0.000020117,4.69643632
TOX-3939,metoclopramide,4-amino-5-chloro-N-[2-(diethylamino)ethyl]-2-methoxybenzamide,4168,CCN(CC)CCNC(=O)c1cc(Cl)c(N)cc1OC,TTWJBBZEZQICBI-UHFFFAOYSA-N,27.45613478,0.027456135,299.1400546,9.17835E-05,4.037235171
TOX-3942,Mit-C,"(11-amino-7-methoxy-12-methyl-10,13-dioxo-2,5-diazatetracyclo[7.4.0.02,7.04,6]trideca-1(9),11-dien-8-yl)methyl carbamate",351727,COC12C(COC(N)=O)C3=C(C(=O)C(C)=C(N)C3=O)N1CC1NC12,NWIBSHFKIJFRCO-UHFFFAOYSA-N,3.399979663,0.00339998,334.1277197,1.01757E-05,4.992436187
TOX-3948,,3-(1-methylpyrrolidin-2-yl)pyridine,942,CN1CCCC1c1cccnc1,SNICXCGAKADSCV-UHFFFAOYSA-N,6.249768851,0.006249769,162.1156984,3.85513E-05,4.413961117
TOX-3962,PROCAINAMIDE,4-amino-N-[2-(diethylamino)ethyl]benzamide,4913,CCN(CC)CCNC(=O)c1ccc(N)cc1,REQCZEXYDRLIBE-UHFFFAOYSA-N,124.9994689,0.124999469,235.1684623,0.000531532,3.274470912
TOX-3973,sulpiride,N-[(1-ethylpyrrolidin-2-yl)methyl]-2-methoxy-5-sulfamoylbenzamide,5355,CCN1CCCC1CNC(=O)c1cc(S(N)(=O)=O)ccc1OC,BGRJTUBHPOOWDU-UHFFFAOYSA-N,51.43431293,0.051434313,341.1409272,0.000150772,3.821680883
TOX-3983,tripelennamine,"N'-benzyl-N,N-dimethyl-N'-pyridin-2-ylethane-1,2-diamine",5587,CN(C)CCN(Cc1ccccc1)c1ccccn1,UFLGIAIHIAPJJC-UHFFFAOYSA-N,8.999823776,0.008999824,255.1735477,3.52694E-05,4.452601646
TOX-39855,,"N-(7-butan-2-yl-2-hydroxy-4-methyl-5,8-dioxo-3-oxa-6,9-diazatricyclo[7.3.0.02,6]dodecan-4-yl)-7-methyl-6,6a,8,9-tetrahydro-4H-indolo[4,3-fg]quinoline-9-carboxamide",76543937,CCC(C)C1C(=O)N2CCCC2C2(O)OC(C)(NC(=O)C3C=C4c5cccc6[nH]cc(c56)CC4N(C)C3)C(=O)N12,KJILSMAJKRVRFV-UHFFFAOYSA-N,89.99079707,0.089990797,547.2794693,0.000164433,3.784011058
TOX-3990,acetamide,acetamide,178,CC(N)=O,DLFVBJFMPXGRIB-UHFFFAOYSA-N,7500.253941,7.500253941,59.03711378,0.127043032,0.89604915
TOX-3996,amobarbital,"5-ethyl-5-(3-methylbutyl)-1,3-diazinane-2,4,6-trione",2164,CCC1(CCC(C)C)C(=O)NC(=O)NC1=O,VIROVYVQCGLCII-UHFFFAOYSA-N,58.56464888,0.058564649,226.1317424,0.000258985,3.586725985
TOX-40044,,"N,N-diethyl-1-hydroxy-7-methyl-6,6a,8,9-tetrahydro-4H-indolo[4,3-fg]quinoline-9-carboxamide",71438863,CCN(CC)C(=O)C1C=C2c3c(O)ccc4[nH]cc(c34)CC2N(C)C1,SJBIVHSZSSHVGK-UHFFFAOYSA-N,0.299965531,0.000299966,339.194677,8.843E-07,6.053377675
TOX-4008,Cemandil,7-[(2-formyloxy-2-phenylacetyl)amino]-3-[(1-methyltetrazol-5-yl)sulfanylmethyl]-8-oxo-5-thia-1-azabicyclo[4.2.0]oct-2-ene-2-carboxylic acid,2615,Cn1nnnc1SCC1=C(C(=O)O)N2C(=O)C(NC(=O)C(OC=O)c3ccccc3)C2SC1,RRJHESVQVSRQEX-UHFFFAOYSA-N,1999.906223,1.999906223,490.0729243,0.004080834,2.389251077
TOX-4009,cephaprin,3-(acetyloxymethyl)-8-oxo-7-[(2-pyridin-4-ylsulfanylacetyl)amino]-5-thia-1-azabicyclo[4.2.0]oct-2-ene-2-carboxylic acid,2616,CC(=O)OCC1=C(C(=O)O)N2C(=O)C(NC(=O)CSc3ccncc3)C2SC1,UQLLWWBDSUHNEB-UHFFFAOYSA-N,3000.198362,3.000198362,423.0558773,0.007091731,2.149247763
TOX-40116,,10-[2-(4-methylpiperazin-1-yl)ethyl]phenothiazine,3045437,CN1CCN(CCN2c3ccccc3Sc3ccccc32)CC1,KXSRCCZGVUUIAA-UHFFFAOYSA-N,36.00210149,0.036002101,325.1612687,0.000110721,3.955770958
TOX-40118,,9-[(1-methylpiperidin-2-yl)methyl]carbazole,43403,CN1CCCCC1Cn1c2ccccc2c2ccccc21,JVFDOOGBFMRGJE-UHFFFAOYSA-N,12.5000449,0.012500045,278.1782987,4.49354E-05,4.347411674
TOX-40122,,9-[(1-methylpiperidin-3-yl)methyl]carbazole,43406,CN1CCCC(Cn2c3ccccc3c3ccccc32)C1,UXGCHWUZMSCPMX-UHFFFAOYSA-N,18.00006465,0.018000065,278.1782987,6.47069E-05,4.189049182
TOX-4015,cefuroxime,3-(carbamoyloxymethyl)-7-[[2-(furan-2-yl)-2-methoxyiminoacetyl]amino]-8-oxo-5-thia-1-azabicyclo[4.2.0]oct-2-ene-2-carboxylic acid,2659,CON=C(C(=O)NC1C(=O)N2C(C(=O)O)=C(COC(N)=O)CSC12)c1ccco1,JFPVXVDWJQMJEE-UHFFFAOYSA-N,1500.031811,1.500031811,424.0688845,0.003537236,2.451335939
TOX-4020,citric acid,"2-hydroxypropane-1,2,3-tricarboxylic acid",311,O=C(O)CC(O)(CC(=O)O)C(=O)O,KRKNYBCHXYNGOX-UHFFFAOYSA-N,391.414727,0.391414727,192.0270026,0.002038332,2.690725141
TOX-4025,Cyclobutyrol,2-(1-hydroxycyclohexyl)butanoic acid,72065,CCC(C(=O)O)C1(O)CCCCC1,NIVFTEMPSCMWDE-UHFFFAOYSA-N,1919.989694,1.919989694,186.1255944,0.01031556,1.9865072
TOX-4027,desipramine,"3-(5,6-dihydrobenzo[b][1]benzazepin-11-yl)-N-methylpropan-1-amine",2995,CNCCCN1c2ccccc2CCc2ccccc21,HCYAFALTSJYZDH-UHFFFAOYSA-N,12.00054057,0.012000541,266.1782987,4.50846E-05,4.345971835
TOX-4073,METHAQUALONE,2-methyl-3-(2-methylphenyl)quinazolin-4-one,6292,Cc1ccccc1-n1c(C)nc2ccccc2c1=O,JEYCTXHKTXCGPB-UHFFFAOYSA-N,109.5396973,0.109539697,250.1106131,0.000437965,3.358560584
TOX-4096,promazine,"N,N-dimethyl-3-phenothiazin-10-ylpropan-1-amine",4926,CN(C)CCCN1c2ccccc2Sc2ccccc21,ZGUGWUXLJSTTMA-UHFFFAOYSA-N,20.99793268,0.020997933,284.1347196,7.39013E-05,4.131347766
TOX-41224,PROCATEROL,8-hydroxy-5-[1-hydroxy-2-(propan-2-ylamino)butyl]-1H-quinolin-2-one,4916,CCC(NC(C)C)C(O)c1ccc(O)c2[nH]c(=O)ccc12,FKNXQNWAXFXVNW-UHFFFAOYSA-N,82.99914254,0.082999143,290.1630426,0.000286043,3.543568491
TOX-4123,atenolol,2-[4-[2-hydroxy-3-(propan-2-ylamino)propoxy]phenyl]acetamide,2249,CC(C)NCC(O)COc1ccc(CC(N)=O)cc1,METKIMKYRPQLGS-UHFFFAOYSA-N,49.99981223,0.049999812,266.1630426,0.000187854,3.726179379
TOX-41293,Betameprodine,(3-ethyl-1-methyl-4-phenylpiperidin-4-yl) propanoate,61118,CCC(=O)OC1(c2ccccc2)CCN(C)CC1CC,ODEGQXRCQDVXSJ-UHFFFAOYSA-N,18.00052289,0.018000523,275.188529,6.54116E-05,4.184345206
TOX-41513,,"7-[[2-(3,5-dichloro-4-oxopyridin-1-yl)acetyl]amino]-3-[(5-methyl-1,3,4-thiadiazol-2-yl)sulfanylmethyl]-8-oxo-5-thia-1-azabicyclo[4.2.0]oct-2-ene-2-carboxylic acid",432140,Cc1nnc(SCC2=C(C(=O)O)N3C(=O)C(NC(=O)Cn4cc(Cl)c(=O)c(Cl)c4)C3SC2)s1,VTLCNEGVSVJLDN-UHFFFAOYSA-N,3199.679097,3.199679097,546.9612369,0.005849919,2.232850125
TOX-4153,thioridazine,10-[2-(1-methylpiperidin-2-yl)ethyl]-2-methylsulfanylphenothiazine,5452,CSc1ccc2c(c1)N(CCC1CCCCN1C)c1ccccc1S2,KLBQZWRITKRQQV-UHFFFAOYSA-N,26.00091209,0.026000912,370.1537408,7.02435E-05,4.15339356
TOX-41704,,N-[[diethylamino(dimethylamino)phosphoryl]oxy-(dimethylamino)phosphoryl]-N-ethylethanamine,114072,CCN(CC)P(=O)(OP(=O)(N(C)C)N(CC)CC)N(C)C,ZPFAMENELPQWLE-UHFFFAOYSA-N,49.99985394,0.049999854,342.1949641,0.000146115,3.835304878
TOX-41705,,N-[bis[ethyl(methyl)amino]phosphoryloxy-[ethyl(methyl)amino]phosphoryl]-N-methylethanamine,114073,CCN(C)P(=O)(OP(=O)(N(C)CC)N(C)CC)N(C)CC,BJOSTNDCLMXDNM-UHFFFAOYSA-N,29.99991234,0.029999912,342.1949641,8.76691E-05,4.057153628
TOX-41706,,N-[dimethylamino-[dimethylamino-[ethyl(methyl)amino]phosphoryl]oxyphosphoryl]-N-methylethanamine,114074,CCN(C)P(=O)(OP(=O)(N(C)C)N(C)CC)N(C)C,XPDINFYMQPIJDG-UHFFFAOYSA-N,15.99964365,0.015999644,314.163664,5.09277E-05,4.293045643
TOX-41707,,N-[diethylamino-[diethylamino-[ethyl(methyl)amino]phosphoryl]oxyphosphoryl]-N-methylethanamine,114075,CCN(C)P(=O)(OP(=O)(N(C)CC)N(CC)CC)N(CC)CC,DJIRWBPYSOWEQJ-UHFFFAOYSA-N,39.99946005,0.03999946,370.2262643,0.000108041,3.966413096
TOX-41737,Dipropylene glycol dinonanoate,3-(3-nonanoyloxypropoxy)propyl nonanoate,114078,CCCCCCCCC(=O)OCCCOCCCOC(=O)CCCCCCCC,QNQFILNCKAALEB-UHFFFAOYSA-N,1059.930974,1.059930974,414.3345246,0.002558153,2.592073539
TOX-4179,histamine,2-(1H-imidazol-5-yl)ethanamine,774,NCCc1cnc[nH]1,NTYJJOPFIAHURM-UHFFFAOYSA-N,2.763049721,0.00276305,111.0796473,2.48745E-05,4.604245792
TOX-4184,meclofenoxate,2-(dimethylamino)ethyl 2-(4-chlorophenoxy)acetate,4039,CN(C)CCOC(=O)COc1ccc(Cl)cc1,XZTYGFHCIAKPGJ-UHFFFAOYSA-N,149.9959258,0.149995926,257.0818711,0.000583456,3.233991989
TOX-41915,,ethyl 5-fluorohexanoate,44671,CCOC(=O)CCCC(C)F,NPPLOQPYSBIGSI-UHFFFAOYSA-N,0.199995068,0.000199995,162.1056079,1.2337E-06,5.908778753
TOX-41916,,2-fluoroethyl 5-fluorohexanoate,44672,CC(F)CCCC(=O)OCCF,GTOZSKMMLOMDHE-UHFFFAOYSA-N,0.09999778,1.00E-04,180.0961861,5.552E-07,6.255514157
TOX-4203,,"N,N-diethyl-7-methyl-6,6a,8,9-tetrahydro-4H-indolo[4,3-fg]quinoline-9-carboxamide",3981,CCN(CC)C(=O)C1C=C2c3cccc4[nH]cc(c34)CC2N(C)C1,VAYOSLLFUXYJDT-UHFFFAOYSA-N,0.299962899,0.000299963,323.1997624,9.281E-07,6.032403491
TOX-4206,drofenine,2-(diethylamino)ethyl 2-cyclohexyl-2-phenylacetate,3166,CCN(CC)CCOC(=O)C(c1ccccc1)c1ccccc1,AGJBLWCLQCKRJP-UHFFFAOYSA-N,30.58521316,0.030585213,311.188529,9.82852E-05,4.007512068
TOX-4247,APHOLATE,"2,2,4,4,6,6-hexakis(aziridin-1-yl)-1,3,5-triaza-2lambda5,4lambda5,6lambda5-triphosphacyclohexa-1,3,5-triene",5845,C1CN1P1(N2CC2)=NP(N2CC2)(N2CC2)=NP(N2CC2)(N2CC2)=N1,PXZAWHSJYIECNQ-UHFFFAOYSA-N,2.899932612,0.002899933,387.1367517,7.4907E-06,5.125476496
TOX-42539,,"N,N,N',N'-tetrakis(2-chloroethyl)ethane-1,2-diamine",45428,ClCCN(CCCl)CCN(CCCl)CCCl,JKPPVAYNBVUZHO-UHFFFAOYSA-N,2.500032245,0.002500032,308.0380594,0.000008116,5.090658769
TOX-42550,,"2,9-dichloro-11-[3-(4-methylpiperazin-1-yl)propyl]benzo[b][1]benzazepine",115857,CN1CCN(CCCN2c3cc(Cl)ccc3C=Cc3ccc(Cl)cc32)CC1,BTHNVPOEPFEMNS-UHFFFAOYSA-N,12.00092451,0.012000925,401.1425532,2.99169E-05,4.52408403
TOX-42551,,"2-benzo[b][1]benzazepin-11-yl-N,N-diethylethanamine",115858,CCN(CC)CCN1c2ccccc2C=Cc2ccccc21,COAKLNSLMLYVFE-UHFFFAOYSA-N,7.999288704,0.007999289,292.1939488,2.73766E-05,4.562619846
TOX-42552,,"1-(5,6-dihydrobenzo[b][1]benzazepin-11-yl)-N,N-diethylpropan-2-amine",115375,CCN(CC)C(C)CN1c2ccccc2CCc2ccccc21,IFKXGGXTWBFSFQ-UHFFFAOYSA-N,12.00120594,0.012001206,308.2252489,3.89365E-05,4.409643324
TOX-42557,,"1-benzo[b][1]benzazepin-11-yl-N,N-dimethylpropan-2-amine",115376,CC(CN1c2ccccc2C=Cc2ccccc21)N(C)C,BSZNQHDGIACTOZ-UHFFFAOYSA-N,8.000028735,0.008000029,278.1782987,2.87586E-05,4.5412317
TOX-4261,,"4-[2-(10,13-dimethyl-3-oxo-1,2,4,5,6,7,8,9,11,12,14,15,16,17-tetradecahydrocyclopenta[a]phenanthren-17-yl)-2-oxoethoxy]-4-oxobutanoic acid",3821262,CC12CCC(=O)CC1CCC1C2CCC2(C)C(C(=O)COC(=O)CCC(=O)O)CCC12,KLRNMIUKAXHHFS-UHFFFAOYSA-N,94.98748147,0.094987481,432.2511889,0.000219751,3.658069824
TOX-42666,,"7-methyl-N-phenylmethoxy-6,6a,8,9-tetrahydro-4H-indolo[4,3-fg]quinoline-9-carboxamide",71439176,CN1CC(C(=O)NOCc2ccccc2)C=C2c3cccc4[nH]cc(c34)CC21,DNKCQSVUEVTFGH-UHFFFAOYSA-N,0.049992502,5.00E-05,373.179027,0.000000134,6.873012355
TOX-4267,Benzpiperylone,4-benzyl-2-(1-methylpiperidin-4-yl)-5-phenyl-1H-pyrazol-3-one,98514,CN1CCC(n2[nH]c(-c3ccccc3)c(Cc3ccccc3)c2=O)CC1,KMGARVOVYXNAOF-UHFFFAOYSA-N,83.00907721,0.083009077,347.1997624,0.000239082,3.621453833
TOX-42716,,"2,4,6-triiodo-N-methyl-3,5-bis(2,3,4,5,6-pentahydroxyhexanoylamino)benzamide",10440766,CNC(=O)c1c(I)c(NC(=O)C(O)C(O)C(O)C(O)CO)c(I)c(NC(=O)C(O)C(O)C(O)C(O)CO)c1I,ASFIRRNYUOVVLY-UHFFFAOYSA-N,23800.95286,23.80095286,898.875632,0.026478583,1.577105263
TOX-42880,,"4-ethyl-1-methyl-8-sulfanylidene-7,9-diazaspiro[4.5]decane-6,10-dione",3035079,CCC1CCC(C)C12C(=O)NC(=S)NC2=O,ZUXKNXSIYYEMIT-UHFFFAOYSA-N,50.99830234,0.050998302,240.0932488,0.00021241,3.672824229
TOX-42888,,"1,3,4-trimethyl-8-sulfanylidene-7,9-diazaspiro[4.5]decane-6,10-dione",3035085,CC1CC(C)C2(C(=O)NC(=S)NC2=O)C1C,OBZXSPFUUDQVCK-UHFFFAOYSA-N,75.99747013,0.07599747,240.0932488,0.000316533,3.499580813
TOX-42904,,"1,4-diethyl-8-sulfanylidene-7,9-diazaspiro[4.5]decane-6,10-dione",3035095,CCC1CCC(CC)C12C(=O)NC(=S)NC2=O,BYXPKMLEVPOTAE-UHFFFAOYSA-N,25.99948892,0.025999489,254.1088988,0.000102316,3.990055063
TOX-42907,,"4-ethyl-1,2-dimethyl-8-sulfanylidene-7,9-diazaspiro[4.5]decane-6,10-dione",3035097,CCC1CC(C)C(C)C12C(=O)NC(=S)NC2=O,SUHQHRJFPWBQNF-UHFFFAOYSA-N,41.99917437,0.041999174,254.1088988,0.00016528,3.781779121
TOX-4313,,2-(diethylamino)ethyl 2-cyclohexyl-2-hydroxy-2-phenylacetate,201050,CCN(CC)CCOC(=O)C(O)(c1ccccc1)c1ccccc1,YXUBHIRQBSIPFE-UHFFFAOYSA-N,15.27835466,0.015278355,327.1834437,4.66966E-05,4.330714732
TOX-4318,propylene glycol,"propane-1,2-diol",1030,CC(O)CO,DNIAPMSPPWPWGF-UHFFFAOYSA-N,6499.572898,6.499572898,76.0524295,0.085461739,1.068228273
TOX-4320,Phencarbamide,"S-[2-(diethylamino)ethyl] N,N-diphenylcarbamothioate",6008,CCN(CC)CCSC(=O)N(c1ccccc1)c1ccccc1,BZGIPVGCJGXQTA-UHFFFAOYSA-N,20.00115686,0.020001157,328.1609344,6.09492E-05,4.215031764
TOX-43232,,"5-pent-2-enyl-5-propan-2-yl-1,3-diazinane-2,4,6-trione",46528,CCC=CCC1(C(C)C)C(=O)NC(=O)NC1=O,FFFGGYAYNKCRNT-UHFFFAOYSA-N,63.99811986,0.06399812,238.1317424,0.000268751,3.570650074
TOX-4329,mephenesin,"3-(2-methylphenoxy)propane-1,2-diol",4059,Cc1ccccc1OCC(O)CO,JWDYCNIAQWPBHD-UHFFFAOYSA-N,125.000686,0.125000686,182.0942943,0.000686461,3.163383942
TOX-4342,tyramine,4-(2-aminoethyl)phenol,5610,NCCc1ccc(O)cc1,DZGWFCGJZKJUFP-UHFFFAOYSA-N,299.9956259,0.299995626,137.084064,0.002188406,2.659872048
TOX-4343,CYSTEAMINE,2-aminoethanethiol,6058,NCCS,UFULAYFCSOUIOV-UHFFFAOYSA-N,149.9961114,0.149996111,77.02992022,0.001947245,2.710579448
TOX-4347,METHYLHYDRAZINE,methylhydrazine,6061,CNN,HDZGCSFEDULWCS-UHFFFAOYSA-N,11.99973954,0.01199974,46.05309819,0.000260563,3.584087033
TOX-43524,Carinamide,4-(benzylsulfonylamino)benzoic acid,10825,O=C(O)c1ccc(NS(=O)(=O)Cc2ccccc2)cc1,ZOFLWJXPXAHZLI-UHFFFAOYSA-N,1418.961033,1.418961033,291.0565289,0.004875208,2.312006877
TOX-4375,FLUOROACETIC ACID,2-fluoroacetic acid,5237,O=C(O)CF,QEWYKACRFQMRMB-UHFFFAOYSA-N,0.27385426,0.000273854,78.01170756,3.5104E-06,5.454640283
TOX-4395,bemegride,"4-ethyl-4-methylpiperidine-2,6-dione",2310,CCC1(C)CC(=O)NC(=O)C1,ORRZGUBHBVWWOP-UHFFFAOYSA-N,22.99896261,0.022998963,155.0946287,0.00014829,3.82888851
TOX-4409,,"4a,5,5a,7,8,13a,15,15a,15b,16-decahydro-2H-4,6-methanoindolo[3,2,1-ij]oxepino[2,3,4-de]pyrrolo[2,3-h]quinolin-14-one",5304,O=C1CC2OCC=C3CN4CCC56c7ccccc7N1C5C2C3CC46,QMGVPVSNSZLJIA-UHFFFAOYSA-N,0.341975759,0.000341976,334.1681279,1.0234E-06,5.989969704
TOX-4417,,"4-[2-(3,5-dimethyl-2-oxocyclohexyl)-2-hydroxyethyl]piperidine-2,6-dione",2900,CC1CC(C)C(=O)C(C(O)CC2CC(=O)NC(=O)C2)C1,YPHMISFOHDHNIV-UHFFFAOYSA-N,16.99987917,0.016999879,281.1627082,6.04628E-05,4.218511883
TOX-4430,methanol,methanol,887,CO,OKKJLVBELUTLKV-UHFFFAOYSA-N,8906.999995,8.906999995,32.02621475,0.278115914,0.555774159
TOX-4437,,"N,N-dimethylformamide",6228,CN(C)C=O,ZMXDDKWLCZADIW-UHFFFAOYSA-N,1799.876874,1.799876874,73.05276384,0.024638039,1.608393855
TOX-4458,Mercaptosuccinic acid,2-sulfanylbutanedioic acid,6268,O=C(O)CC(S)C(=O)O,NJRXVEJTAYWCQJ-UHFFFAOYSA-N,1000.0333,1.0000333,149.9986797,0.006666947,2.176072975
TOX-4464,,propan-1-ol,1031,CCCO,BDERNNFJNOPAEC-UHFFFAOYSA-N,483.0321491,0.483032149,60.05751488,0.008042826,2.094591321
TOX-44657,,N-[2-[[5-[(dimethylamino)methyl]furan-2-yl]methylsulfanyl]ethyl]-N'-methyl-2-nitroethanimidamide,9883333,CN=C(C[N+](=O)[O-])NCCSCc1ccc(CN(C)C)o1,SYNOVMDJYWJCON-UHFFFAOYSA-N,108.9996533,0.108999653,314.1412616,0.000346977,3.459699867
TOX-4472,Pipradrol,diphenyl(piperidin-2-yl)methanol,10083,OC(c1ccccc1)(c1ccccc1)C1CCCCN1,XSWHNYGMWWVAIE-UHFFFAOYSA-N,15.00157083,0.015001571,267.1623143,5.61515E-05,4.25063846
TOX-44880,,"5-[1-(2-methylpropylsulfanyl)ethyl]-5-propyl-2-sulfanylidene-1,3-diazinane-4,6-dione",3033344,CCCC1(C(C)SCC(C)C)C(=O)NC(=S)NC1=O,PETJLHNLZCDVKA-UHFFFAOYSA-N,103.0119188,0.103011919,302.1122699,0.000340972,3.467280887
TOX-45114,,"5-but-2-enyl-5-prop-2-enyl-2-sulfanylidene-1,3-diazinane-4,6-dione",3033354,C=CCC1(CC=CC)C(=O)NC(=S)NC1=O,QBQJPHIBWFAYST-UHFFFAOYSA-N,72.99938741,0.072999387,238.0775987,0.00030662,3.513399318
TOX-45115,,"5-(1-butylsulfanylethyl)-5-prop-2-enyl-1,3-diazinane-2,4,6-trione",48524,C=CCC1(C(C)SCCCC)C(=O)NC(=O)NC1=O,CVSZSEPCBQQDNS-UHFFFAOYSA-N,34.9998769,0.034999877,284.1194635,0.000123187,3.909434469
TOX-45117,,"5-(2-butylsulfanylethyl)-5-prop-2-enyl-2-sulfanylidene-1,3-diazinane-4,6-dione",3033356,C=CCC1(CCSCCCC)C(=O)NC(=S)NC1=O,XBKQLRPRXKVBHG-UHFFFAOYSA-N,59.99021471,0.059990215,300.0966199,0.000199903,3.699180687
TOX-45118,,"5-(butylsulfanylmethyl)-5-prop-2-enyl-1,3-diazinane-2,4,6-trione",48530,C=CCC1(CSCCCC)C(=O)NC(=O)NC1=O,FQOOLQSUOPHTID-UHFFFAOYSA-N,46.99930457,0.046999305,270.1038134,0.000174005,3.759439284
TOX-45124,,"5-(ethylsulfanylmethyl)-5-prop-2-enyl-1,3-diazinane-2,4,6-trione",48546,C=CCC1(CSCC)C(=O)NC(=O)NC1=O,IVBRHHPWBIUNCT-UHFFFAOYSA-N,158.0000001,0.158,242.0725133,0.000652697,3.185288392
TOX-45128,,"5-but-3-en-2-yl-5-prop-2-enyl-2-sulfanylidene-1,3-diazinane-4,6-dione",3033361,C=CCC1(C(C)C=C)C(=O)NC(=S)NC1=O,CIFKLCGMJLPAFM-UHFFFAOYSA-N,57.99951323,0.057999513,238.0775987,0.000243616,3.613294185
TOX-45130,,"5-prop-2-enyl-5-(propylsulfanylmethyl)-1,3-diazinane-2,4,6-trione",48566,C=CCC1(CSCCC)C(=O)NC(=O)NC1=O,WCEAIJAZNKBHLQ-UHFFFAOYSA-N,72.99800637,0.072998006,256.0881634,0.00028505,3.545078506
TOX-45131,,"5-(2-methylpropyl)-5-(1-prop-2-enylsulfanylethyl)-1,3-diazinane-2,4,6-trione",48568,C=CCSC(C)C1(CC(C)C)C(=O)NC(=O)NC1=O,VBKPVKRXXDBXQW-UHFFFAOYSA-N,45.99983828,0.045999838,284.1194635,0.000161903,3.790744681
TOX-45132,,"5-(2-methylpropyl)-5-(1-prop-2-enylsulfanylethyl)-2-sulfanylidene-1,3-diazinane-4,6-dione",3033363,C=CCSC(C)C1(CC(C)C)C(=O)NC(=S)NC1=O,XPKBSEAHSDMPPT-UHFFFAOYSA-N,72.98809444,0.072988094,300.0966199,0.000243215,3.614009078
TOX-45133,,"5-ethyl-5-(prop-2-enylsulfanylmethyl)-1,3-diazinane-2,4,6-trione",48572,C=CCSCC1(CC)C(=O)NC(=O)NC1=O,RZQIQKCJXWIXCQ-UHFFFAOYSA-N,155.9999999,0.156,242.0725133,0.000644435,3.190820881
TOX-45200,,"5-ethyl-5-(2-ethylbutylsulfanylmethyl)-1,3-diazinane-2,4,6-trione",48725,CCC(CC)CSCC1(CC)C(=O)NC(=O)NC1=O,JMBVWCQCRLAGNZ-UHFFFAOYSA-N,64.99841127,0.064998411,286.1351136,0.00022716,3.643668415
TOX-45209,,"5-ethyl-5-(1-ethylsulfanylbutyl)-2-sulfanylidene-1,3-diazinane-4,6-dione",3033369,CCCC(SCC)C1(CC)C(=O)NC(=S)NC1=O,SHSCZEWWKUIDET-UHFFFAOYSA-N,31.99578421,0.031995784,288.0966199,0.000111059,3.954445404
TOX-45210,,"5-ethyl-5-(2-ethyl-1-ethylsulfanylbutyl)-1,3-diazinane-2,4,6-trione",48740,CCSC(C(CC)CC)C1(CC)C(=O)NC(=O)NC1=O,ILERSEVUEVTUFN-UHFFFAOYSA-N,64.9991345,0.064999135,300.1507636,0.000216555,3.664431879
TOX-45213,,"5-ethyl-5-(1-ethylsulfanyl-2-methylpropyl)-1,3-diazinane-2,4,6-trione",48746,CCSC(C(C)C)C1(CC)C(=O)NC(=O)NC1=O,AHGIEYXXAOXNPX-UHFFFAOYSA-N,44.00000003,0.044,272.1194635,0.000161694,3.791306929
TOX-45215,,"5-ethyl-5-(hexylsulfanylmethyl)-1,3-diazinane-2,4,6-trione",48750,CCCCCCSCC1(CC)C(=O)NC(=O)NC1=O,OQDQWXDENSTGST-UHFFFAOYSA-N,42.998949,0.042998949,286.1351136,0.000150275,3.823113316
TOX-45218,,"5-ethyl-5-(2-methylpropylsulfanylmethyl)-1,3-diazinane-2,4,6-trione",48757,CCC1(CSCC(C)C)C(=O)NC(=O)NC1=O,CYOOJZDTAYVGFV-UHFFFAOYSA-N,103.9987924,0.103998792,258.1038134,0.000402934,3.394766125
TOX-45221,,"5-ethyl-5-[1-(3-methylbutylsulfanyl)ethyl]-1,3-diazinane-2,4,6-trione",48764,CCC1(C(C)SCCC(C)C)C(=O)NC(=O)NC1=O,BVYBUKGTZIFCJB-UHFFFAOYSA-N,44.99890009,0.0449989,286.1351136,0.000157265,3.803369258
TOX-45222,,"5-ethyl-5-[1-(3-methylbutylsulfanyl)ethyl]-2-sulfanylidene-1,3-diazinane-4,6-dione",3033375,CCC1(C(C)SCCC(C)C)C(=O)NC(=S)NC1=O,NVOVQSVSXLEGCH-UHFFFAOYSA-N,51.00590151,0.051005902,302.1122699,0.000168831,3.772547936
TOX-45223,,"5-ethyl-5-(3-methylbutylsulfanylmethyl)-1,3-diazinane-2,4,6-trione",48768,CCC1(CSCCC(C)C)C(=O)NC(=O)NC1=O,QQDPWYAUARKZON-UHFFFAOYSA-N,60.99999997,0.061,272.1194635,0.000224166,3.649429771
TOX-45224,,"5-ethyl-5-(3-methylbutylsulfanylmethyl)-2-sulfanylidene-1,3-diazinane-4,6-dione",3033377,CCC1(CSCCC(C)C)C(=O)NC(=S)NC1=O,MOTRTFNYSTWHCE-UHFFFAOYSA-N,60.99196355,0.060991964,288.0966199,0.000211707,3.674265548
TOX-45229,,"5-ethyl-5-(1-propan-2-ylsulfanylpropyl)-1,3-diazinane-2,4,6-trione",48779,CCC(SC(C)C)C1(CC)C(=O)NC(=O)NC1=O,KFVVJUSRWVTBTK-UHFFFAOYSA-N,9.999999996,0.01,272.1194635,3.67486E-05,4.434759606
TOX-45232,,"5-but-3-en-2-yl-5-ethyl-2-sulfanylidene-1,3-diazinane-4,6-dione",3033380,C=CC(C)C1(CC)C(=O)NC(=S)NC1=O,WNZAQJGCZRRQSX-UHFFFAOYSA-N,58.99973934,0.058999739,226.0775987,0.000260971,3.583407439
TOX-45235,,"5-ethyl-5-(pentan-2-ylsulfanylmethyl)-1,3-diazinane-2,4,6-trione",48792,CCCC(C)SCC1(CC)C(=O)NC(=O)NC1=O,LTFBSQVREUDCFM-UHFFFAOYSA-N,72.99999995,0.073,272.1194635,0.000268265,3.571436746
TOX-45478,,"5-butan-2-yl-5-but-2-enyl-2-sulfanylidene-1,3-diazinane-4,6-dione",3033388,CC=CCC1(C(C)CC)C(=O)NC(=S)NC1=O,LBAJCNFKAGARBF-UHFFFAOYSA-N,52.9989581,0.052998958,254.1088988,0.000208568,3.680752542
TOX-45479,,"5-but-2-enyl-5-ethyl-2-sulfanylidene-1,3-diazinane-4,6-dione",3033390,CC=CCC1(CC)C(=O)NC(=S)NC1=O,QCXQHOFJDTZLMI-UHFFFAOYSA-N,52.99976585,0.052999766,226.0775987,0.000234432,3.629983581
TOX-45481,,"5-but-2-enyl-5-(2-methylpropyl)-2-sulfanyl-1,3-diazinane-4,6-dione",3033392,CC=CCC1(CC(C)C)C(=O)NC(S)NC1=O,ALPVREZJIKUUAA-UHFFFAOYSA-N,113.9995553,0.113999555,256.1245489,0.000445094,3.351548049
TOX-45482,,"5-but-2-enyl-5-(3-methylbutyl)-2-sulfanylidene-1,3-diazinane-4,6-dione",3033394,CC=CCC1(CCC(C)C)C(=O)NC(=S)NC1=O,PDRBXJGLHOWRML-UHFFFAOYSA-N,151.9988673,0.151998867,268.1245489,0.000566897,3.246496227
TOX-45487,,"5-but-2-enyl-5-propan-2-yl-2-sulfanylidene-1,3-diazinane-4,6-dione",3003841,CC=CCC1(C(C)C)C(=O)NC(=S)NC1=O,SRABXPYYLYHQEQ-UHFFFAOYSA-N,32.99890153,0.032998902,240.0932488,0.000137442,3.861880465
TOX-45489,,"5-but-2-enyl-5-pentan-2-yl-2-sulfanylidene-1,3-diazinane-4,6-dione",3033398,CC=CCC1(C(C)CCC)C(=O)NC(=S)NC1=O,KBYMVACFWWINMA-UHFFFAOYSA-N,48.99963484,0.048999635,268.1245489,0.00018275,3.738143735
TOX-45493,,"5-but-2-enyl-5-propyl-2-sulfanylidene-1,3-diazinane-4,6-dione",3033401,CC=CCC1(CCC)C(=O)NC(=S)NC1=O,DASWMKWTPHZQNX-UHFFFAOYSA-N,120.9959722,0.120995972,240.0932488,0.000503954,3.297609035
TOX-45495,,"5-butan-2-yl-5-(butylsulfanylmethyl)-1,3-diazinane-2,4,6-trione",49174,CCCCSCC1(C(C)CC)C(=O)NC(=O)NC1=O,BERVIHMQTXEWGU-UHFFFAOYSA-N,43.99892456,0.043998925,286.1351136,0.00015377,3.813129095
TOX-45496,,"5-butyl-5-(butylsulfanylmethyl)-1,3-diazinane-2,4,6-trione",49176,CCCCSCC1(CCCC)C(=O)NC(=O)NC1=O,IKRHMCOFDNJOSX-UHFFFAOYSA-N,59.99853351,0.059998534,286.1351136,0.000209686,3.678430521
TOX-45499,,"5-butan-2-yl-5-(ethylsulfanylmethyl)-1,3-diazinane-2,4,6-trione",49184,CCSCC1(C(C)CC)C(=O)NC(=O)NC1=O,DTCMEAQQTQSTST-UHFFFAOYSA-N,100.9988271,0.100998827,258.1038134,0.000391311,3.407478091
TOX-45500,,"5-butan-2-yl-5-(ethylsulfanylmethyl)-2-sulfanylidene-1,3-diazinane-4,6-dione",3033404,CCSCC1(C(C)CC)C(=O)NC(=S)NC1=O,LOVRFLJREPVWEZ-UHFFFAOYSA-N,81.99671297,0.081996713,274.0809698,0.00029917,3.524082439
TOX-45505,,"5-but-3-en-2-yl-5-butyl-2-sulfanylidene-1,3-diazinane-4,6-dione",3033408,C=CC(C)C1(CCCC)C(=O)NC(=S)NC1=O,WUHBAYMWQXSFSZ-UHFFFAOYSA-N,56.99887946,0.056998879,254.1088988,0.000224309,3.649153556
TOX-45514,,"5-(1-butylsulfanylethyl)-5-ethyl-1,3-diazinane-2,4,6-trione",49217,CCCCSC(C)C1(CC)C(=O)NC(=O)NC1=O,XDKIEIGEXSKEFX-UHFFFAOYSA-N,55.00000004,0.055,272.1194635,0.000202117,3.694396916
TOX-45515,,"5-(2-butylsulfanylethyl)-5-ethyl-1,3-diazinane-2,4,6-trione",49219,CCCCSCCC1(CC)C(=O)NC(=O)NC1=O,LQOOYUPWMPMDBD-UHFFFAOYSA-N,72.99999995,0.073,272.1194635,0.000268265,3.571436746
TOX-45516,,"5-(1-butylsulfanylethyl)-5-ethyl-2-sulfanylidene-1,3-diazinane-4,6-dione",3033416,CCCCSC(C)C1(CC)C(=O)NC(=S)NC1=O,JBZRHMMTTFQQGF-UHFFFAOYSA-N,56.99249057,0.056992491,288.0966199,0.000197824,3.703720527
TOX-45518,,"5-(1-butylsulfanylethyl)-5-propyl-1,3-diazinane-2,4,6-trione",49225,CCCCSC(C)C1(CCC)C(=O)NC(=O)NC1=O,PGBGKEINPSDDFU-UHFFFAOYSA-N,57.99858237,0.057998582,286.1351136,0.000202697,3.693153778
TOX-45520,,"5-(butylsulfanylmethyl)-5-ethyl-1-methyl-1,3-diazinane-2,4,6-trione",49229,CCCCSCC1(CC)C(=O)NC(=O)N(C)C1=O,WBAJTZNYTILDDB-UHFFFAOYSA-N,78.00000002,0.078,272.1194635,0.000286639,3.542665003
TOX-45522,,"5-(tert-butylsulfanylmethyl)-5-ethyl-1,3-diazinane-2,4,6-trione",49233,CCC1(CSC(C)(C)C)C(=O)NC(=O)NC1=O,JAZRFZJBOPYNGT-UHFFFAOYSA-N,161.9981188,0.161998119,258.1038134,0.000627647,3.20228445
TOX-45523,,"5-(butylsulfanylmethyl)-1-methyl-5-(2-methylpropyl)-1,3-diazinane-2,4,6-trione",49235,CCCCSCC1(CC(C)C)C(=O)NC(=O)N(C)C1=O,LYIHANRCRAMXRN-UHFFFAOYSA-N,61.99917446,0.061999174,300.1507636,0.00020656,3.684953546
TOX-45524,,"5-(butylsulfanylmethyl)-5-propan-2-yl-1,3-diazinane-2,4,6-trione",49237,CCCCSCC1(C(C)C)C(=O)NC(=O)NC1=O,KOJRMAZZLSCWIT-UHFFFAOYSA-N,53.00000003,0.053,272.1194635,0.000194767,3.710483736
TOX-45526,,"5-(butylsulfanylmethyl)-1-methyl-5-propyl-1,3-diazinane-2,4,6-trione",49241,CCCCSCC1(CCC)C(=O)NC(=O)N(C)C1=O,OYWKTHQHHLYAJW-UHFFFAOYSA-N,68.99831348,0.068998313,286.1351136,0.000241139,3.617732681
TOX-45527,,"5-(3-butylsulfanylpropyl)-5-ethyl-1,3-diazinane-2,4,6-trione",49243,CCCCSCCCC1(CC)C(=O)NC(=O)NC1=O,AUEIQTYIRMUIEJ-UHFFFAOYSA-N,64.99841127,0.064998411,286.1351136,0.00022716,3.643668415
TOX-45528,,"5-(3-butylsulfanylpropyl)-5-ethyl-2-sulfanylidene-1,3-diazinane-4,6-dione",3033420,CCCCSCCCC1(CC)C(=O)NC(=S)NC1=O,WOBIAESBBGUVPI-UHFFFAOYSA-N,40.00462862,0.040004629,302.1122699,0.000132416,3.878058121
TOX-45531,,"5-ethyl-5-(1-pentylsulfanylethyl)-1,3-diazinane-2,4,6-trione",49250,CCCCCSC(C)C1(CC)C(=O)NC(=O)NC1=O,ZXLWNMGXMJHTSH-UHFFFAOYSA-N,35.99912008,0.03599912,286.1351136,0.000125812,3.900279271
TOX-45532,,"5-ethyl-5-(1-pentylsulfanylethyl)-2-sulfanylidene-1,3-diazinane-4,6-dione",3033422,CCCCCSC(C)C1(CC)C(=O)NC(=S)NC1=O,SKNTWEMVHUEXQI-UHFFFAOYSA-N,45.00520725,0.045005207,302.1122699,0.000148969,3.826905598
TOX-45533,,"5-ethyl-5-(pentylsulfanylmethyl)-1,3-diazinane-2,4,6-trione",49254,CCCCCSCC1(CC)C(=O)NC(=O)NC1=O,GPTCMXLNCBJODE-UHFFFAOYSA-N,53.00000003,0.053,272.1194635,0.000194767,3.710483736
TOX-45540,,"5-(1-ethylsulfanylethyl)-5-hexyl-1,3-diazinane-2,4,6-trione",49270,CCCCCCC1(C(C)SCC)C(=O)NC(=O)NC1=O,JGQCCQOSPIMRRX-UHFFFAOYSA-N,44.9994009,0.044999401,300.1507636,0.000149923,3.824132721
TOX-45541,,"5-(1-ethylsulfanylethyl)-5-hexyl-2-sulfanylidene-1,3-diazinane-4,6-dione",3033424,CCCCCCC1(C(C)SCC)C(=O)NC(=S)NC1=O,XEZSGPOZFPVJRJ-UHFFFAOYSA-N,58.0014661,0.058001466,316.12792,0.000183475,3.736423883
TOX-45543,,"5-(ethylsulfanylmethyl)-5-hexyl-1,3-diazinane-2,4,6-trione",49276,CCCCCCC1(CSCC)C(=O)NC(=O)NC1=O,ZFCBCSJFPBLOMX-UHFFFAOYSA-N,43.99892456,0.043998925,286.1351136,0.00015377,3.813129095
TOX-45548,,"5-(ethylsulfanylmethyl)-5-pentan-2-yl-1,3-diazinane-2,4,6-trione",49286,CCCC(C)C1(CSCC)C(=O)NC(=O)NC1=O,QQGHZXVCXVFNMJ-UHFFFAOYSA-N,69.99999997,0.07,272.1194635,0.00025724,3.589661566
TOX-45552,,"5-(2-methylpropyl)-5-(methylsulfanylmethyl)-2-sulfanylidene-1,3-diazinane-4,6-dione",3033428,CSCC1(CC(C)C)C(=O)NC(=S)NC1=O,KTXRKOSYXVWACC-UHFFFAOYSA-N,110.0067593,0.110006759,260.0653198,0.000422997,3.373663071
TOX-45555,,"1-methyl-5-(3-methylbut-2-enyl)-5-propan-2-yl-1,3-diazinane-2,4,6-trione",49297,CC(C)=CCC1(C(C)C)C(=O)NC(=O)N(C)C1=O,HZKWVKRKHMKCIA-UHFFFAOYSA-N,4.999920737,0.004999921,252.1473925,1.98294E-05,4.702691362
TOX-45569,,"5-but-3-en-2-yl-5-pentyl-2-sulfanylidene-1,3-diazinane-4,6-dione",3033432,C=CC(C)C1(CCCCC)C(=O)NC(=S)NC1=O,WDKZDXPEZYYLPP-UHFFFAOYSA-N,156.9988299,0.15699883,268.1245489,0.000585544,3.232440163
TOX-45573,,"5-but-3-en-2-yl-5-propyl-2-sulfanylidene-1,3-diazinane-4,6-dione",3033435,C=CC(C)C1(CCC)C(=O)NC(=S)NC1=O,HJZVSYSRQBYTMU-UHFFFAOYSA-N,72.99757002,0.07299757,240.0932488,0.000304038,3.517071545
TOX-45613,,"5-(1-butylsulfanylethyl)-5-propyl-2-sulfanylidene-1,3-diazinane-4,6-dione",3033438,CCCCSC(C)C1(CCC)C(=O)NC(=S)NC1=O,NSBPOSPONLVTIJ-UHFFFAOYSA-N,58.00671146,0.058006711,302.1122699,0.000192004,3.716690119
TOX-45615,,"5-(ethylsulfanylmethyl)-5-pentan-2-yl-2-sulfanylidene-1,3-diazinane-4,6-dione",3033440,CCCC(C)C1(CSCC)C(=O)NC(=S)NC1=O,QTPPQWRVWZEVSX-UHFFFAOYSA-N,55.99262227,0.055992622,288.0966199,0.000194354,3.711407356
TOX-45617,,"5-but-3-en-2-yl-5-(3-methylbutyl)-2-sulfanylidene-1,3-diazinane-4,6-dione",3033442,C=CC(C)C1(CCC(C)C)C(=O)NC(=S)NC1=O,WWYHKVOUKDDPAH-UHFFFAOYSA-N,102.9992325,0.102999233,268.1245489,0.000384147,3.41550259
TOX-45627,,"5-ethyl-5-(propylsulfanylmethyl)-1,3-diazinane-2,4,6-trione",49383,CCCSCC1(CC)C(=O)NC(=O)NC1=O,DALQHPNTWWRXHH-UHFFFAOYSA-N,123.9969548,0.123996955,244.0881634,0.000508001,3.2941357
TOX-4575,TABUN,[dimethylamino(ethoxy)phosphoryl]formonitrile,6500,CCOP(=O)(C#N)N(C)C,PJVJTCIRVMBVIA-UHFFFAOYSA-N,0.063000389,6.30E-05,162.0558142,3.888E-07,6.410321386
TOX-46984,,"2,2-diethylthiomorpholin-3-one",95099,CCC1(CC)SCCNC1=O,PERBLUYSNRUQEQ-UHFFFAOYSA-N,184.9989324,0.184998932,173.0874351,0.001068818,2.97109632
TOX-47094,,"5,7-bis(3,4-dimethoxyphenyl)-1,3-diazatricyclo[3.3.1.13,7]decan-6-one",50382,COc1ccc(C23CN4CN(C2)CC(c2ccc(OC)c(OC)c2)(C4)C3=O)cc1OC,WVAKPGIBSASGOB-UHFFFAOYSA-N,20.00014133,0.020000141,424.199822,4.71479E-05,4.326537417
TOX-47096,,"5,7-bis(2-methoxyphenyl)-1,3-diazatricyclo[3.3.1.13,7]decan-6-one",50384,COc1ccccc1C12CN3CN(C1)CC(c1ccccc1OC)(C3)C2=O,LXGADDSZICFRTB-UHFFFAOYSA-N,65.99185059,0.065991851,364.1786926,0.000181207,3.741824225
TOX-47097,,"5,7-bis(4-methoxyphenyl)-1,3-diazatricyclo[3.3.1.13,7]decan-6-one",50385,COc1ccc(C23CN4CN(C2)CC(c2ccc(OC)cc2)(C4)C3=O)cc1,WVFOCVWNOFMPFW-UHFFFAOYSA-N,9.998765253,0.009998765,364.1786926,2.74557E-05,4.56136816
TOX-47515,,"7-[[4-(2-amino-1-carboxy-2-oxoethylidene)-1,3-dithietane-2-carbonyl]amino]-7-methoxy-3-[(1-methyltetrazol-5-yl)sulfanylmethyl]-8-oxo-5-thia-1-azabicyclo[4.2.0]oct-2-ene-2-carboxylic acid",4630412,COC1(NC(=O)C2SC(=C(C(N)=O)C(=O)O)S2)C(=O)N2C(C(=O)O)=C(CSc3nnnn3C)CSC21,SRZNHPXWXCNNDU-UHFFFAOYSA-N,5999.66646,5.99966646,575.0021445,0.010434164,1.981542357
TOX-47550,,"4-(dimethylamino)-5,6,10,11,12a-pentahydroxy-6-methyl-1,3,12-trioxo-4,4a,5,5a-tetrahydrotetracene-2-carboxamide",118984634,CN(C)C1C(=O)C(C(N)=O)C(=O)C2(O)C(O)=C3C(=O)c4c(O)cccc4C(C)(O)C3C(O)C12,JRKKETOWZBGAML-UHFFFAOYSA-N,111.9905135,0.111990514,460.1481803,0.000243379,3.613716473
TOX-4791,Thenalidine,1-methyl-N-phenyl-N-(thiophen-2-ylmethyl)piperidin-4-amine,27901,CN1CCC(N(Cc2cccs2)c2ccccc2)CC1,KLOHYVOVXOUKQI-UHFFFAOYSA-N,19.99692785,0.019996928,286.1503697,6.98826E-05,4.155631032
TOX-4804,Dimethisoquin,"2-(3-butylisoquinolin-1-yl)oxy-N,N-dimethylethanamine",6857,CCCCc1cc2ccccc2c(OCCN(C)C)n1,XNMYNYSCEJBRPZ-UHFFFAOYSA-N,5.000146848,0.005000147,272.1888634,1.83701E-05,4.735887593
TOX-4838,DL-Tartaric acid,"2,3-dihydroxybutanedioic acid",875,O=C(O)C(O)C(O)C(=O)O,FEWJPZIEWOKRBE-UHFFFAOYSA-N,113.0030115,0.113003012,150.0164379,0.000753271,3.123048832
TOX-4839,,"1,3,4,5,6-pentahydroxyhexan-2-one",1101,O=C(CO)C(O)C(O)C(O)CO,BJHIKXHVCXFQLS-UHFFFAOYSA-N,15000.33303,15.00033303,180.0633881,0.083305847,1.079324516
TOX-4845,Pentitol,"pentane-1,2,3,4,5-pentol",827,OCC(O)C(O)C(O)CO,HEBKCHPVOIAQTA-UHFFFAOYSA-N,4000.105159,4.000105159,152.0684735,0.026304632,1.579967778
TOX-48903,,N-[2-[ethoxy(methyl)phosphoryl]oxyethyl]-N-propan-2-ylpropan-2-amine,51437,CCOP(C)(=O)OCCN(C(C)C)C(C)C,IEMIPTMSCIDZLN-UHFFFAOYSA-N,163.9954318,0.163995432,251.1650303,0.000652939,3.185127422
TOX-4893,,2-chlorobenzaldehyde,6996,O=Cc1ccccc1Cl,FPYUJUBAXZAQNL-UHFFFAOYSA-N,8.499455775,0.008499456,140.0028925,6.07091E-05,4.21674589
TOX-49213,,"2-amino-N-[4-amino-3-[3-amino-6-(1-aminoethyl)oxan-2-yl]oxy-2,5-dihydroxy-6-methoxycyclohexyl]-N-methylacetamide",2248,COC1C(O)C(N)C(OC2OC(C(C)N)CCC2N)C(O)C1N(C)C(=O)CN,BIDUPMYXGFNAEJ-UHFFFAOYSA-N,654.0064516,0.654006452,405.2587338,0.0016138,2.792150351
TOX-50151,,"5-but-3-en-2-yl-5-(2-methylpropyl)-2-sulfanylidene-1,3-diazinane-4,6-dione",3033566,C=CC(C)C1(CC(C)C)C(=O)NC(=S)NC1=O,LNXYLCPNTPLQFE-UHFFFAOYSA-N,52.9989581,0.052998958,254.1088988,0.000208568,3.680752542
TOX-50152,,"5-[1-(2-methylpropylsulfanyl)ethyl]-5-propyl-1,3-diazinane-2,4,6-trione",52059,CCCC1(C(C)SCC(C)C)C(=O)NC(=O)NC1=O,KJYXYMHNEZSDKL-UHFFFAOYSA-N,115.9971648,0.115997165,286.1351136,0.000405393,3.392123782
TOX-50231,,"5-(1-butylsulfanylethyl)-5-prop-2-enyl-2-sulfanylidene-1,3-diazinane-4,6-dione",3033568,C=CCC1(C(C)SCCCC)C(=O)NC(=S)NC1=O,JGVCTSBZNYCPSQ-UHFFFAOYSA-N,39.99347639,0.039993476,300.0966199,0.000133269,3.875271947
TOX-50239,,"5-(ethylsulfanylmethyl)-5-propan-2-yl-1,3-diazinane-2,4,6-trione",52182,CCSCC1(C(C)C)C(=O)NC(=O)NC1=O,DHBMQPSZLLQHBI-UHFFFAOYSA-N,105.9973968,0.105997397,244.0881634,0.000434259,3.36225152
TOX-50252,,"5-ethyl-5-(ethylsulfanylmethyl)-1,3-diazinane-2,4,6-trione",52198,CCSCC1(CC)C(=O)NC(=O)NC1=O,SNVWRFXKKIEGGB-UHFFFAOYSA-N,211.0009161,0.211000916,230.0725133,0.000917106,3.037580396
TOX-50254,,"5-(ethylsulfanylmethyl)-5-(2-methylpropyl)-1,3-diazinane-2,4,6-trione",52202,CCSCC1(CC(C)C)C(=O)NC(=O)NC1=O,ZKYPYMAGULMPKU-UHFFFAOYSA-N,114.9986646,0.114998665,258.1038134,0.000445552,3.351101624
TOX-50317,,2-(diethylamino)ethyl 4-[[3-hydroxy-5-(hydroxymethyl)-2-methylpyridin-4-yl]methylamino]benzoate,52269,CCN(CC)CCOC(=O)c1ccc(NCc2c(CO)cnc(C)c2O)cc1,QBJBWGYVTKMLEV-UHFFFAOYSA-N,130.00671,0.13000671,387.2158064,0.000335747,3.473987309
TOX-51154,Denzimol,2-imidazol-1-yl-1-[4-(2-phenylethyl)phenyl]ethanol,53626,OC(Cn1ccnc1)c1ccc(CCc2ccccc2)cc1,IAWIJHCUEPVIOO-UHFFFAOYSA-N,22.40137903,0.022401379,292.1575633,7.66757E-05,4.115342379
TOX-5121,,"3-sulfanylpropane-1,2-diol",7291,OCC(O)CS,PJUIMOJAAPLTRJ-UHFFFAOYSA-N,249.9953776,0.249995378,108.0245005,0.002314247,2.635590288
TOX-5144,Genite,"(2,4-dichlorophenyl) benzenesulfonate",7327,O=S(=O)(Oc1ccc(Cl)cc1Cl)c1ccccc1,,115.0128973,0.115012897,301.9571205,0.000380892,3.419198731
TOX-5171,FURFURYL ALCOHOL,furan-2-ylmethanol,7361,OCC1CCCO1,XPFVYQJUAUNWIW-UHFFFAOYSA-N,696.3713985,0.696371399,102.0680796,0.006822617,2.166049018
TOX-52381,,2-pentan-2-yl-6-propan-2-ylphenol,3058300,CCCC(C)c1cccc(C(C)C)c1O,LRZHPFKOOGPXPU-UHFFFAOYSA-N,19.99912759,0.019999128,206.1670653,9.70045E-05,4.013208238
TOX-5242,Iofendylate,ethyl 10-(4-iodophenyl)undecanoate,7458,CCOC(=O)CCCCCCCCC(C)c1ccc(I)cc1,LAYLQVBQIBQVLL-UHFFFAOYSA-N,999.8967203,0.99989672,416.1212282,0.002402898,2.619264728
TOX-52825,Adimolol,3-[3-[(2-hydroxy-3-naphthalen-1-yloxypropyl)amino]-3-methylbutyl]-1H-benzimidazol-2-one,71227,CC(C)(CCn1c(=O)[nH]c2ccccc21)NCC(O)COc1cccc2ccccc12,YWRIUGFSIQMHJK-UHFFFAOYSA-N,16.3990227,0.016399023,419.2208918,3.91179E-05,4.40762495
TOX-5313,,"3,7-dinitroso-1,3,5,7-tetrazabicyclo[3.3.1]nonane",7549,O=NN1CN2CN(C1)CN(N=O)C2,MWRWFPQBGSZWNV-UHFFFAOYSA-N,129.9965087,0.129996509,186.0865236,0.000698581,3.155783234
TOX-53152,Juliprosopin,,127122,CC1NC(CCCCCCCCCCC2=CCN3CCCC3C2CCCCCCCCCCC2CCC(O)C(C)N2)CCC1O,WJNGOLJEAOQNFW-UHFFFAOYSA-N,33.1068995,0.0331069,629.5859286,5.25852E-05,4.279136502
TOX-5365,triacetin,"2,3-diacetyloxypropyl acetate",5541,CC(=O)OCC(COC(C)=O)OC(C)=O,URAYPUMNDPQOKB-UHFFFAOYSA-N,749.9828152,0.749982815,218.0790382,0.003439041,2.463562611
TOX-5381,,bis(2-ethylhexyl) hexanedioate,7641,CCCCC(CC)COC(=O)CCCCC(=O)OCC(CC)CCCC,SAOKZLXYCUGLFA-UHFFFAOYSA-N,540.0378866,0.540037887,370.3083098,0.001458347,2.836139229
TOX-5382,,bis(2-ethylhexyl) nonanedioate,7642,CCCCC(CC)COC(=O)CCCCCCCC(=O)OCC(CC)CCCC,ZDWGXBPVPXVXMQ-UHFFFAOYSA-N,639.9146983,0.639914698,412.35526,0.001551853,2.809149453
TOX-55045,Ohmefentanyl,N-[1-(2-hydroxy-2-phenylethyl)-3-methylpiperidin-4-yl]-N-phenylpropanamide,62279,CCC(=O)N(c1ccccc1)C1CCN(CC(O)c2ccccc2)CC1C,FRPRNNRJTCONEC-UHFFFAOYSA-N,0.0072999,7.30E-06,366.2307282,1.99E-08,7.70043787
TOX-55278,Cui xing an,"[3-[2-(dimethylamino)ethoxy]phenyl] N,N-dimethylcarbamate",133238,CN(C)CCOc1cccc(OC(=O)N(C)C)c1,KEQGIRWMQGDVQW-UHFFFAOYSA-N,84.99865246,0.084998652,252.1473925,0.000337099,3.472242441
TOX-5556,ACRYLONITRILE,prop-2-enenitrile,7855,C=CC#N,NLHHRLWOUZZQLW-UHFFFAOYSA-N,68.99479866,0.068994799,53.0265491,0.001301137,2.885677013
TOX-5562,GLYOXAL,oxaldehyde,7860,O=CC=O,LEQAOMBKQFMDFZ-UHFFFAOYSA-N,60.00413532,0.060004135,58.0054793,0.001034456,2.985287838
TOX-5567,taurine,2-aminoethanesulfonic acid,1123,NCCS(=O)(=O)O,XOAAWQZATWQOTB-UHFFFAOYSA-N,1000.00799,1.00000799,125.0146641,0.007999126,2.096957488
TOX-5571,SARIN,2-[fluoro(methyl)phosphoryl]oxypropane,7871,CC(C)OP(C)(=O)F,DYAHQFWOVKZOOW-UHFFFAOYSA-N,0.014999572,1.50E-05,140.0402444,1.071E-07,6.970173993
TOX-5595,,1-methoxypropan-2-ol,7900,COCC(C)O,ARXJGSRGQADJSQ-UHFFFAOYSA-N,1199.97337,1.19997337,90.06807956,0.013322959,1.875399295
TOX-56233,Nipradilol,"[8-[2-hydroxy-3-(propan-2-ylamino)propoxy]-3,4-dihydro-2H-chromen-3-yl] nitrate",72006,CC(C)NCC(O)COc1cccc2c1OCC(O[N+](=O)[O-])C2,OMCPLEZZPVJJIS-UHFFFAOYSA-N,19.99944842,0.019999448,326.1477864,6.13202E-05,4.212396417
TOX-5685,MALONONITRILE,propanedinitrile,8010,N#CCC#N,CUONGYYJJVDODC-UHFFFAOYSA-N,27.99872851,0.027998729,66.02179806,0.000424083,3.372549038
TOX-57380,,N-(2-amino-3-phenylpropanoyl)-1-[5-(diaminomethylideneamino)-1-oxopentan-2-yl]pyrrolidine-2-carboxamide,78301015,N=C(N)NCCCC(C=O)N1CCCC1C(=O)NC(=O)C(N)Cc1ccccc1,RFULKDJDFTTYSV-UHFFFAOYSA-N,40.00009941,0.040000099,402.2379388,9.94439E-05,4.00242196
TOX-57455,Nesosteine,"2-(1,3-thiazolidine-3-carbonyl)benzoic acid",158613,O=C(O)c1ccccc1C(=O)N1CCSC1,XVAYJUBRRZOANH-UHFFFAOYSA-N,3500.000003,3.500000003,237.0459642,0.014765069,1.830764521
TOX-57467,IBZM,N-[(1-ethylpyrrolidin-2-yl)methyl]-2-hydroxy-3-iodo-6-methoxybenzamide,5120,CCN1CCCC1CNC(=O)c1c(OC)ccc(I)c1O,CANPFCFJURGKAX-UHFFFAOYSA-N,49.99901046,0.04999901,404.0596905,0.000123742,3.907484118
TOX-57518,Shikonin propionate,"[1-(5,8-dihydroxy-1,4-dioxonaphthalen-2-yl)-4-methylpent-3-enyl] propanoate",3069073,CCC(=O)OC(CC=C(C)C)C1=CC(=O)c2c(O)ccc(O)c2C1=O,DLBQFLWCDFTEQG-UHFFFAOYSA-N,9.751047585,0.009751048,344.1259884,2.83357E-05,4.547666196
TOX-5760,sebacic acid,decanedioic acid,5192,O=C(O)CCCCCCCCC(=O)O,CXMXRPHRNRROMY-UHFFFAOYSA-N,1440.000001,1.440000001,202.1205091,0.007124463,2.147247891
TOX-5777,thiodiglycol,2-(2-hydroxyethylsulfanyl)ethanol,5447,OCCSCCO,YODZTKMDCQEPHD-UHFFFAOYSA-N,3000.024551,3.000024551,122.0401506,0.024582275,1.609377926
TOX-5790,,2-butoxyethanol,8133,CCCCOCCO,POAOYUHQDCAZBD-UHFFFAOYSA-N,251.9872056,0.251987206,118.0993797,0.002133688,2.670869126
TOX-5811,TRIETHYLENE GLYCOL,2-[2-(2-hydroxyethoxy)ethoxy]ethanol,8172,OCCOCCOCCO,ZIBGPFATKBEMQZ-UHFFFAOYSA-N,1899.949391,1.899949391,150.0892089,0.012658801,1.897607436
TOX-5843,propoxur,(2-propan-2-yloxyphenyl) N-methylcarbamate,4944,CNC(=O)Oc1ccccc1OC(C)C,ISRUGXGCCGIOQO-UHFFFAOYSA-N,4.999880521,0.004999881,209.1051933,2.39108E-05,4.621405193
TOX-58441,,"N-[1-[2-(1,3-dioxan-2-yl)ethyl]-3-methylpiperidin-4-yl]-N-phenylpropanamide",3070233,CCC(=O)N(c1ccccc1)C1CCN(CCC2OCCCO2)CC1C,LKXYBUGCZDVXLN-UHFFFAOYSA-N,0.079000438,7.90E-05,360.2412929,2.193E-07,6.658963993
TOX-5851,DIMEFOX,N-[dimethylamino(fluoro)phosphoryl]-N-methylmethanamine,8264,CN(C)P(=O)(F)N(C)C,PGJBQBDNXAZHBP-UHFFFAOYSA-N,2.999902676,0.002999903,154.0671279,1.94714E-05,4.710602821
TOX-5896,Synhexyl,"3-hexyl-6,6,9-trimethyl-7,8,9,10-tetrahydrobenzo[c]chromen-1-ol",8334,CCCCCCc1cc(O)c2c(c1)OC(C)(C)C1=C2CC(C)CC1,OORFXDSWECAQLI-UHFFFAOYSA-N,143.0017413,0.143001741,328.2402303,0.000435662,3.360850483
TOX-59282,,1-[2-(dimethylamino)acetyl]-4-phenylpiperidine-4-carbaldehyde,3024722,CN(C)CC(=O)N1CCC(C=O)(c2ccccc2)CC1,CQBXGINKSXJDAO-UHFFFAOYSA-N,49.99927099,0.049999271,274.1681279,0.000182367,3.739053294
TOX-59534,,"N-[3-methyl-1-[2-(1,3-thiazol-4-yl)ethyl]piperidin-4-yl]-N-phenylpropanamide",3024949,CCC(=O)N(c1ccccc1)C1CCN(CCc2cscn2)CC1C,CABCXKKEYBMKPB-UHFFFAOYSA-N,0.140990929,0.000140991,357.1874835,3.947E-07,6.40370506
TOX-5963,Tropine,8-methyl-8-azabicyclo[3.2.1]octan-3-ol,8424,CN1C2CCC1CC(O)C2,CYHOMWAPJJPNMW-UHFFFAOYSA-N,49.99858366,0.049998584,141.1153641,0.00035431,3.450616599
TOX-59782,,1-[2-(benzylamino)ethyl]-4-phenylpiperidine-4-carbaldehyde,3062467,O=CC1(c2ccccc2)CCN(CCNCc2ccccc2)CC1,GWXMNOCWNWMXNI-UHFFFAOYSA-N,29.99516209,0.029995162,322.2045135,9.30936E-05,4.031080407
TOX-60012,,"2,4-dihydro-[1,2,4]triazolo[3,4-c][1,4]benzothiazin-1-one",127161,O=c1[nH]nc2n1-c1ccccc1SC2,DEHMKMLLYRNHIJ-UHFFFAOYSA-N,228.9977683,0.228997768,205.0309828,0.001116894,2.951988244
TOX-6105,,heptan-2-amine,5603,CCCCCC(C)N,VSRBKQFNFZQRBM-UHFFFAOYSA-N,22,0.022,115.1360995,0.000191078,3.718788832
TOX-6128,,"[16,17-diacetyloxy-10,12,14,23-tetrahydroxy-6,10,19-trimethyl-13-(2-methylbutanoyloxy)-24-oxa-4-azaheptacyclo[12.12.0.02,11.04,9.015,25.018,23.019,25]hexacosan-22-yl] 2,3-dihydroxy-2-methylbutanoate",4975,CCC(C)C(=O)OC1C(O)C2C(CN3CC(C)CCC3C2(C)O)C2CC34OC5(O)C(OC(=O)C(C)(O)C(C)O)CCC3(C)C5C(OC(C)=O)C(OC(C)=O)C4C21O,BFLXOMFFVWQPAZ-UHFFFAOYSA-N,0.039997679,4.00E-05,809.4197703,4.94E-08,7.306139017
TOX-6130,,"[2-(11,17-dihydroxy-10,13-dimethyl-3-oxo-7,8,9,11,12,14,15,16-octahydro-6H-cyclopenta[a]phenanthren-17-yl)-2-oxoethyl] dihydrogen phosphate",4896,CC12C=CC(=O)C=C1CCC1C2C(O)CC2(C)C1CCC2(O)C(=O)COP(=O)(O)O,JDOZJEUDSLGTLU-UHFFFAOYSA-N,359.9762955,0.359976296,440.1600045,0.000817831,3.087336674
TOX-6160,Oxanamide,2-ethyl-3-propyloxirane-2-carboxamide,31365,CCCC1OC1(CC)C(N)=O,WBLPIVIXQOFTPQ-UHFFFAOYSA-N,359.9931307,0.359993131,157.1102787,0.00229134,2.639910385
TOX-6210,Azapetine,"6-prop-2-enyl-5,7-dihydrobenzo[d][2]benzazepine",8966,C=CCN1Cc2ccccc2-c2ccccc2C1,NYGHGTMKALXFIA-UHFFFAOYSA-N,26.49415671,0.026494157,235.1360995,0.000112676,3.948169209
TOX-62288,,"3-(2,3-dihydro-1,4-benzodioxin-3-ylmethylamino)-1-morpholin-4-ylpropan-1-one",3064380,O=C(CCNCC1COc2ccccc2O1)N1CCOCC1,KONQRDABLMBSAO-UHFFFAOYSA-N,69.99954303,0.069999543,306.1579572,0.000228639,3.640850347
TOX-62332,,"3-(2,3-dihydro-1,4-benzodioxin-3-ylmethylamino)-N-methylpropanamide",3064425,CNC(=O)CCNCC1COc2ccccc2O1,ZTWTVQAXEPWJMT-UHFFFAOYSA-N,89.99712342,0.089997123,250.1317424,0.000359799,3.44394018
TOX-6238,Propivan,2-(diethylamino)ethyl 2-phenylpentanoate,101611,CCCC(C(=O)OCCN(CC)CC)c1ccccc1,DQFCPAIGWCDSJM-UHFFFAOYSA-N,19.99942321,0.019999423,277.2041791,7.21469E-05,4.141782303
TOX-62538,,4-[2-(dibutylamino)ethoxy]pyrimidin-2-amine,3025151,CCCCN(CCCC)CCOc1ccnc(N)n1,QOKOFSWPBFMPCP-UHFFFAOYSA-N,45.99844587,0.045998446,266.2106615,0.00017279,3.762482286
TOX-62540,,4-[2-(diethylamino)ethoxy]pyrimidin-2-amine,3025152,CCN(CC)CCOc1ccnc(N)n1,WGNULDMOVQJCAF-UHFFFAOYSA-N,173.9991727,0.173999173,210.1480612,0.000827984,3.081978204
TOX-62541,,4-[2-[bis(2-methylpropyl)amino]ethoxy]pyrimidin-2-amine,3025153,CC(C)CN(CCOc1ccnc(N)n1)CC(C)C,PCQHIQNBBCVCED-UHFFFAOYSA-N,15.99945943,0.015999459,266.2106615,6.01007E-05,4.221120135
TOX-62542,,4-[2-(dimethylamino)ethoxy]pyrimidin-2-amine,3025154,CN(C)CCOc1ccnc(N)n1,DJPLUEGVLBIDTL-UHFFFAOYSA-N,439.983098,0.439983098,182.1167611,0.00241594,2.616913924
TOX-6268,Amprotropine,"[3-(diethylamino)-2,2-dimethylpropyl] 3-hydroxy-2-phenylpropanoate",8645,CCN(CC)CC(C)(C)COC(=O)C(CO)c1ccccc1,ORXLOAFNULMXBG-UHFFFAOYSA-N,24.99723518,0.024997235,307.2147438,8.13673E-05,4.089550078
TOX-6281,Chloropyrilene,"N'-[(5-chlorothiophen-2-yl)methyl]-N,N-dimethyl-N'-pyridin-2-ylethane-1,2-diamine",8993,CN(C)CCN(Cc1ccc(Cl)s1)c1ccccn1,XAEXSWVTEJHRMH-UHFFFAOYSA-N,86.48859691,0.086488597,295.0909963,0.000293091,3.532997107
TOX-6286,Piperoxan,"1-(2,3-dihydro-1,4-benzodioxin-3-ylmethyl)piperidine",6040,c1ccc2c(c1)OCC(CN1CCCCC1)O2,LYKMMUBOEFYJQG-UHFFFAOYSA-N,34.99984997,0.03499985,233.1415788,0.000150123,3.82355355
TOX-6330,,2-[ethyl(2-hydroxyethyl)amino]ethanol,8769,CCN(CCO)CCO,AKNUHUCEWALCOI-UHFFFAOYSA-N,199.9984984,0.199998498,133.1102787,0.001502502,2.823184858
TOX-6383,malonic acid,propanedioic acid,867,O=C(O)CC(=O)O,OFOBLEOULBTSOW-UHFFFAOYSA-N,659.9936583,0.659993658,104.0109586,0.006345424,2.197539336
TOX-63911,,(2-pyrrolidin-1-ylcyclohexyl) N-(3-pentoxyphenyl)carbamate,12805573,CCCCCOc1cccc(NC(=O)OC2CCCCC2N2CCCC2)c1,HVYGHQWGUABUST-UHFFFAOYSA-N,2.949803082,0.002949803,374.2569429,7.8818E-06,5.103376841
TOX-6416,Protoveratrine,"[16,17-diacetyloxy-10,12,14,23-tetrahydroxy-6,10,19-trimethyl-13-(2-methylbutanoyloxy)-24-oxa-4-azaheptacyclo[12.12.0.02,11.04,9.015,25.018,23.019,25]hexacosan-22-yl] 2-hydroxy-2-methylbutanoate",4974,CCC(C)C(=O)OC1C(O)C2C(CN3CC(C)CCC3C2(C)O)C2CC34OC5(O)C(OC(=O)C(C)(O)CC)CCC3(C)C5C(OC(C)=O)C(OC(C)=O)C4C21O,HYTGGNIMZXFORS-UHFFFAOYSA-N,0.023498579,2.35E-05,793.4248557,2.96E-08,7.528464201
TOX-6482,SCHRADAN,N-[bis(dimethylamino)phosphoryloxy-(dimethylamino)phosphoryl]-N-methylmethanamine,9037,CN(C)P(=O)(OP(=O)(N(C)C)N(C)C)N(C)C,SZKKRCSOSQAJDE-UHFFFAOYSA-N,5.999937125,0.005999937,286.1323639,2.09691E-05,4.678420283
TOX-6497,phenylpropanolamine,2-amino-1-phenylpropan-1-ol,4786,CC(N)C(O)c1ccccc1,DLNKOYKMWOXYQA-UHFFFAOYSA-N,50.00033066,0.050000331,151.099714,0.00033091,3.480290766
TOX-6535,,"benzo[b][1,4]benzoxazepine",9213,C1=Nc2ccccc2Oc2ccccc21,NPUACKRELIJTFM-UHFFFAOYSA-N,25.99986682,0.025999867,195.0684139,0.000133286,3.875215829
TOX-6536,ACRIDINE,acridine,9215,c1ccc2nc3ccccc3cc2c1,DZBUGLKDJFMEHC-UHFFFAOYSA-N,99.99888417,0.099998884,179.0734993,0.000558424,3.253036166
TOX-6613,,"11-[3-(dimethylamino)propyl]-5,6-dihydrobenzo[b][1]benzazepin-3-ol",108051,CN(C)CCCN1c2ccccc2CCc2cc(O)ccc21,ROTCPJFWLNDKHU-UHFFFAOYSA-N,12.49940961,0.01249941,296.1888634,4.22008E-05,4.374679225
TOX-6625,Acetamidoeugenol,"N,N-diethyl-2-(2-methoxy-4-prop-2-enylphenoxy)acetamide",67538,C=CCc1ccc(OCC(=O)N(CC)CC)c(OC)c1,AXNKGLDCLYLVLQ-UHFFFAOYSA-N,54.99920687,0.054999207,277.1677936,0.000198433,3.702386338
TOX-6644,PARAOXON,diethyl (4-nitrophenyl) phosphate,9395,CCOP(=O)(OCC)Oc1ccc([N+](=O)[O-])cc1,WYMSBXTXOHUIGT-UHFFFAOYSA-N,0.299992369,0.000299992,275.0558738,1.0907E-06,5.962310716
TOX-6655,pimethixene,1-methyl-4-thioxanthen-9-ylidenepiperidine,4822,CN1CCC(=C2c3ccccc3Sc3ccccc32)CC1,NZLVRVYNQYGMAB-UHFFFAOYSA-N,17.99785301,0.017997853,293.1238206,6.14002E-05,4.211830412
TOX-6854,Benhepazone,1-benzylcyclohepta[d]imidazol-2-one,9689,O=c1nc2cccccc-2n1Cc1ccccc1,PUDJZXFLQHLFGS-UHFFFAOYSA-N,29.99949212,0.029999492,236.094963,0.000127065,3.895972819
TOX-68842,,N-[5-(diaminomethylideneamino)-1-oxopentan-2-yl]-1-[2-(methylamino)-3-phenylpropanoyl]pyrrolidine-2-carboxamide,14632458,CNC(Cc1ccccc1)C(=O)N1CCCC1C(=O)NC(C=O)CCCNC(=N)N,KAGLWQUWUNBAOO-UHFFFAOYSA-N,39.99750319,0.039997503,416.2535889,9.60893E-05,4.017325109
TOX-6975,,methyl 4-fluorobutanoate,9841,COC(=O)CCCF,ZVGDFKFLRMGSFF-UHFFFAOYSA-N,0.099997503,1.00E-04,120.0586577,8.329E-07,6.079404328
TOX-7078,Methyl fluoroacetate,methyl 2-fluoroacetate,9959,COC(=O)CF,RJBYSQHLLIHSLT-UHFFFAOYSA-N,0.200002172,0.000200002,92.02735762,2.1733E-06,5.66288224
TOX-7193,,"2,6-dimethyl-19-oxa-17-azapentacyclo[14.2.1.02,14.03,11.06,10]nonadecan-8-ol",12315226,CC12CCC3C(CCC4CC5NCC(O5)C43C)C1CC(O)C2,HJCSQOSWSRPBOU-UHFFFAOYSA-N,1.000124402,0.001000124,305.2354792,3.2766E-06,5.484580989
TOX-72300,Clofexamide,2-(4-chlorophenoxy)-N-[2-(diethylamino)ethyl]acetamide,28554,CCN(CC)CCNC(=O)COc1ccc(Cl)cc1,UORGKWWJEQDTGX-UHFFFAOYSA-N,166.995895,0.166995895,284.1291556,0.000587746,3.230810005
TOX-72316,mefexamide,N-[2-(diethylamino)ethyl]-2-(4-methoxyphenoxy)acetamide,4045,CCN(CC)CCNC(=O)COc1ccc(OC)cc1,HUNIPYLVUPMFCZ-UHFFFAOYSA-N,134.996148,0.134996148,280.1786926,0.000481822,3.317113728
TOX-72434,,"16-methoxy-5-oxa-10-azatetracyclo[8.7.0.01,13.02,7]heptadeca-2(7),13-dien-4-one",222907,COC1CC=C2CCN3CCC4=C(CC(=O)OC4)C23C1,ALSKYCOJJPXPFS-UHFFFAOYSA-N,2.509907152,0.002509907,275.1521435,9.1219E-06,5.039915244
TOX-72464,Delavaconitine,"(11-ethyl-5,8-dihydroxy-6,16-dimethoxy-11-azahexacyclo[7.7.2.12,5.01,10.03,8.013,17]nonadecan-4-yl) benzoate",121441,CCN1CC2CCC(OC)C34C2CC(C13)C1(O)CC(OC)C2(O)CC4C1C2OC(=O)c1ccccc1,HPXCSFGRIIAHER-UHFFFAOYSA-N,4.999678481,0.004999678,497.277738,1.00541E-05,4.997656941
TOX-72505,Propanidid,propyl 2-[4-[2-(diethylamino)-2-oxoethoxy]-3-methoxyphenyl]acetate,15004,CCCOC(=O)Cc1ccc(OCC(=O)N(CC)CC)c(OC)c1,KEJXLQUPYHWCNM-UHFFFAOYSA-N,74.9964436,0.074996444,337.188923,0.000222417,3.65283263
TOX-7252,,"5-bromo-N,N-diethyl-7-methyl-6,6a,8,9-tetrahydro-4H-indolo[4,3-fg]quinoline-9-carboxamide",627310,CCN(CC)C(=O)C1C=C2c3cccc4[nH]c(Br)c(c34)CC2N(C)C1,VKRAXSZEDRWLAG-UHFFFAOYSA-N,5.999463142,0.005999463,401.1102745,1.49571E-05,4.825151397
TOX-7254,,"N-ethyl-7-methyl-6,6a,8,9-tetrahydro-4H-indolo[4,3-fg]quinoline-9-carboxamide",101704,CCNC(=O)C1C=C2c3cccc4[nH]cc(c34)CC2N(C)C1,VEBWTGYUIBTVNR-UHFFFAOYSA-N,0.900042657,0.000900043,295.1684623,3.0493E-06,5.51580686
TOX-72651,,"(7-methyl-6,6a,8,9-tetrahydro-4H-indolo[4,3-fg]quinolin-9-yl)-pyrrolidin-1-ylmethanone",54301816,CN1CC(C(=O)N2CCCC2)C=C2c3cccc4[nH]cc(c34)CC21,SETDYMMXQQXCRP-UHFFFAOYSA-N,0.399970133,0.00039997,321.1841124,1.2453E-06,5.904726492
TOX-72658,,"N-[(4,7-dimethyl-6,6a,8,9,10,10a-hexahydroindolo[4,3-fg]quinolin-9-yl)methyl]-2-methylpropanamide",78172221,CC(C)C(=O)NCC1CC2c3cccc4c3c(cn4C)CC2N(C)C1,XLAFTMYBZIKQER-UHFFFAOYSA-N,7.500375571,0.007500376,339.2310625,2.21099E-05,4.655412602
TOX-72682,,"ethyl N-[(7-methyl-6,6a,8,9,10,10a-hexahydro-4H-indolo[4,3-fg]quinolin-9-yl)methyl]carbamate",12852157,CCOC(=O)NCC1CC2c3cccc4[nH]cc(c34)CC2N(C)C1,MPYLLEFSSGNSNY-UHFFFAOYSA-N,3.99965794,0.003999658,327.194677,1.22241E-05,4.912783379
TOX-72803,,"12-hydroxy-5,13,25-trimethylspiro[2,10,16,23-tetraoxatetracyclo[22.2.1.03,8.08,25]heptacosa-4,18,20-triene-26,2'-oxirane]-11,17,22-trione",104830,CC1=CC2OC3CC4OC(=O)C=CC=CC(=O)OCCC(C)C(O)C(=O)OCC2(CC1)C4(C)C31CO1,NLUGUZJQJYVUHS-UHFFFAOYSA-N,0.54004298,0.000540043,502.2202827,1.0753E-06,5.968465923
TOX-72878,,"2-[[4,8-dihydroxy-5-(4-methyl-2-sulfoanilino)-9,10-dioxoanthracen-1-yl]amino]-5-methylbenzenesulfonic acid",76676,Cc1ccc(Nc2ccc(O)c3c2C(=O)c2c(O)ccc(Nc4ccc(C)cc4S(=O)(=O)O)c2C3=O)c(S(=O)(=O)O)c1,DOXXOFOESSOQBZ-UHFFFAOYSA-N,12.99953163,0.012999532,610.0715869,2.13082E-05,4.671453094
TOX-73029,Tetramethylsuccinonitrile,"2,2,3,3-tetramethylbutanedinitrile",18745,CC(C)(C#N)C(C)(C)C#N,ZVQXQPNJHRNGID-UHFFFAOYSA-N,19.99882522,0.019998825,136.1000484,0.000146942,3.832853795
TOX-73049,Metabutoxycaine,2-(diethylamino)ethyl 3-amino-2-butoxybenzoate,19247,CCCCOc1c(N)cccc1C(=O)OCCN(CC)CC,LJQWYEFHNLTPBZ-UHFFFAOYSA-N,16.99878736,0.016998787,308.2099928,5.51533E-05,4.258428774
TOX-73053,,"5-ethyl-5-(4-methylpent-3-en-2-yl)-1,3-diazinane-2,4,6-trione",19251,CCC1(C(C)C=C(C)C)C(=O)NC(=O)NC1=O,VELIJARCYHAWJO-UHFFFAOYSA-N,19.99941247,0.019999412,238.1317424,8.39847E-05,4.075800052
TOX-73112,,bis(2-ethylhexoxy)-oxophosphanium,6327514,CCCCC(CC)CO[PH](=O)OCC(CC)CCCC,ZLMKQJQJURXYLC-UHFFFAOYSA-N,99.66811027,0.09966811,306.2323816,0.000325466,3.487494888
TOX-7330,,3-pyrrolidin-2-ylpyridine,412,c1cncc(C2CCCN2)c1,MYKUKUCHPMASKF-UHFFFAOYSA-N,2.999817827,0.002999818,148.1000484,2.02553E-05,4.693460319
TOX-73422,,"6-[(2-carboxy-2-thiophen-3-ylacetyl)amino]-3,3-dimethyl-7-oxo-4-thia-1-azabicyclo[3.2.0]heptane-2-carboxylic acid",5471,CC1(C)SC2C(NC(=O)C(C(=O)O)c3ccsc3)C(=O)N2C1C(=O)O,OHKOGUYZJXTSFX-UHFFFAOYSA-N,7999.271661,7.999271661,384.0449782,0.020828997,1.681331645
TOX-73643,Laevuflex,"2-(hydroxymethyl)oxane-2,3,4,5-tetrol",3426,OCC1(O)OCC(O)C(O)C1O,LKDRXBCSQODPBY-UHFFFAOYSA-N,13350.29641,13.35029641,180.0633881,0.074142204,1.129934509
TOX-73711,Dibozane,"1,4-bis(2,3-dihydro-1,4-benzodioxin-3-ylmethyl)piperazine",94342,c1ccc2c(c1)OCC(CN1CCN(CC3COc4ccccc4O3)CC1)O2,PDDQPUUOEBGDSN-UHFFFAOYSA-N,43.00449721,0.043004497,382.1892573,0.000112522,3.948764601
TOX-73748,,"N-(2,6-dimethylphenyl)-1-azabicyclo[2.2.2]octane-3-carboxamide",129640,Cc1cccc(C)c1NC(=O)C1CN2CCC1CC2,HCIRLKXASKPUHN-UHFFFAOYSA-N,8.499835502,0.008499836,258.1732133,0.000032923,4.482500659
TOX-7405,Mustard gas,1-chloro-2-(2-chloroethylsulfanyl)ethane,10461,ClCCSCCCl,QKSKPIVNLNLAAV-UHFFFAOYSA-N,1.099993086,0.001099993,157.9723766,6.9632E-06,5.157191197
TOX-74071,,"N,N-diethyl-2-(2-tricyclo[9.4.0.03,8]pentadeca-1(15),3,5,7,9,11,13-heptaenylideneamino)oxyethanamine",32956,CCN(CC)CCON=c1c2ccccc2ccc2ccccc12,MQXTUDRUBYKIAB-UHFFFAOYSA-N,11.99865183,0.011998652,320.1888634,3.74737E-05,4.426273771
TOX-74086,,"6-[8-(3,4-dihydroxy-2,4,5-trimethyloxolan-2-yl)-7-methylocta-1,3,5,7-tetraenyl]-4-methoxy-5-methylpyran-2-one",293275,COc1cc(=O)oc(C=CC=CC=CC(C)=CC2(C)OC(C)C(C)(O)C2O)c1C,JLSVDPQAIKFBTO-UHFFFAOYSA-N,5.000161499,0.005000161,402.2042387,1.24319E-05,4.905462611
TOX-7440,Prodromine,"3-methyl-9-(2-morpholin-4-ylethoxy)-2,4,4a,7,7a,13-hexahydro-1H-4,12-methanobenzofuro[3,2-e]isoquinolin-7-ol",521308,CN1CCC23c4c5ccc(OCCN6CCOCC6)c4OC2C(O)C=CC3C1C5,GPFAJKDEDBRFOS-UHFFFAOYSA-N,299.9977419,0.299997742,398.2205574,0.000753346,3.12300569
TOX-7451,Ergokryptine,"N-[2-hydroxy-7-(2-methylpropyl)-5,8-dioxo-4-propan-2-yl-3-oxa-6,9-diazatricyclo[7.3.0.02,6]dodecan-4-yl]-7-methyl-6,6a,8,9-tetrahydro-4H-indolo[4,3-fg]quinoline-9-carboxamide",99049,CC(C)CC1C(=O)N2CCCC2C2(O)OC(NC(=O)C3C=C4c5cccc6[nH]cc(c56)CC4N(C)C3)(C(C)C)C(=O)N12,YDOTUXAWKBPQJW-UHFFFAOYSA-N,0.949983498,0.000949983,575.3107694,1.6513E-06,5.782186442
TOX-7495,,"3,4,5-trimethyl-6,8-dioxo-3,4-dihydroisochromene-7-carboxylic acid",54429206,CC1=C2C(=COC(C)C2C)C(=O)C(C(=O)O)C1=O,WGHFZLWVTJTRML-UHFFFAOYSA-N,19.00000001,0.019,250.0841235,7.59744E-05,4.11933252
TOX-7499,Iodomethamate,"3,5-diiodo-1-methyl-4-oxopyridine-2,6-dicarboxylic acid",68212,Cn1c(C(=O)O)c(I)c(=O)c(I)c1C(=O)O,QXXSPCOLSLNNNE-UHFFFAOYSA-N,5100.022725,5.100022725,448.8257183,0.011363036,1.944505623
TOX-7509,Psilocybine,[3-[2-(dimethylamino)ethyl]-1H-indol-4-yl] dihydrogen phosphate,10624,CN(C)CCc1c[nH]c2cccc(OP(=O)(O)O)c12,QVDSEJDULKLHCG-UHFFFAOYSA-N,12.99990852,0.012999909,284.0925937,4.57594E-05,4.339519616
TOX-7510,PSILOCIN,3-[2-(dimethylamino)ethyl]-1H-indol-4-ol,4980,CN(C)CCc1c[nH]c2cccc(O)c12,SPCIYGNTAMCTRO-UHFFFAOYSA-N,6.999897198,0.006999897,204.1262631,0.000034292,4.464807223
TOX-7519,Pyrathiazine,10-(2-pyrrolidin-1-ylethyl)phenothiazine,10646,c1ccc2c(c1)Sc1ccccc1N2CCN1CCCC1,KJKJUXGEMYCCJN-UHFFFAOYSA-N,35.99526376,0.035995264,296.1347196,0.00012155,3.915243968
TOX-7534,pyridoxamine,4-(aminomethyl)-5-(hydroxymethyl)-2-methylpyridin-3-ol,1052,Cc1ncc(CO)c(CN)c1O,NHZMQXZHNVQTQA-UHFFFAOYSA-N,699.9750296,0.69997503,168.0898776,0.00416429,2.380459013
TOX-7582,ETAFEDRINE,2-[ethyl(methyl)amino]-1-phenylpropan-1-ol,10734,CCN(C)C(C)C(O)c1ccccc1,IRVLBORJKFZWMI-UHFFFAOYSA-N,69.99637851,0.069996379,193.1466642,0.0003624,3.440811641
TOX-75862,,2-[2-chloroethyl(methyl)amino]ethanol,103983,CN(CCO)CCCl,DOIGXYACGZWLMR-UHFFFAOYSA-N,11.99999999,0.012,137.0607417,8.75524E-05,4.057731832
TOX-7596,,2-chloro-1-phenylethanone,10757,O=C(CCl)c1ccccc1,IMACFCSSMIZSPP-UHFFFAOYSA-N,29.99883568,0.029998836,154.0185425,0.000194774,3.71046861
TOX-7604,,3-(2-methylpiperidin-1-yl)propyl cyclohexanecarboxylate,115672,CC1CCCCN1CCCOC(=O)c1ccccc1,LWBAYRVWDMTLKC-UHFFFAOYSA-N,19.65845112,0.019658451,261.172879,7.52699E-05,4.123378779
TOX-76043,,"N,N-bis(2-chloroethyl)-2-ethenylsulfonylethanamine",115970,C=CS(=O)(=O)CCN(CCCl)CCCl,ILSOXKMICJIDOD-UHFFFAOYSA-N,2.549941196,0.002549941,259.0200551,9.8446E-06,5.006803226
TOX-76268,,"N-(7-butan-2-yl-4-ethyl-2-hydroxy-5,8-dioxo-3-oxa-6,9-diazatricyclo[7.3.0.02,6]dodecan-4-yl)-7-methyl-6,6a,8,9-tetrahydro-4H-indolo[4,3-fg]quinoline-9-carboxamide",53462915,CCC(C)C1C(=O)N2CCCC2C2(O)OC(CC)(NC(=O)C3C=C4c5cccc6[nH]cc(c56)CC4N(C)C3)C(=O)N12,CSCHZSGPMAJLID-UHFFFAOYSA-N,90.002724,0.090002724,561.2951193,0.000160348,3.794935612
TOX-7627,fusaric acid,5-butylpyridine-2-carboxylic acid,3442,CCCCc1ccc(C(=O)O)nc1,DGMPVYSXXIOGJY-UHFFFAOYSA-N,150.0008369,0.150000837,179.0946287,0.000837551,3.076988879
TOX-7639,,2-chloro-N-(2-chloroethyl)-N-ethylethanamine,10848,CCN(CCCl)CCCl,UQZPGHOJMQTOHB-UHFFFAOYSA-N,1.999964722,0.001999965,169.0425048,1.18311E-05,4.926973584
TOX-7640,,8-azabicyclo[3.2.1]octan-3-ol,68147,OC1CC2CCC(C1)N2,YYMCYJLIYNNOMK-UHFFFAOYSA-N,49.99724818,0.049997248,127.099714,0.00039337,3.405198472
TOX-76624,,"2-(5-methoxy-2-methyl-1H-indol-3-yl)-N,N-dimethylethanamine",49756,COc1ccc2[nH]c(C)c(CCN(C)C)c2c1,ACEHBQPPDDGCGZ-UHFFFAOYSA-N,21.99933712,0.021999337,232.1575633,9.47604E-05,4.023373242
TOX-76698,,1-[ethoxy(2-phenylethenyl)phosphoryl]oxy-4-nitrobenzene,3051179,CCOP(=O)(C=Cc1ccccc1)Oc1ccc([N+](=O)[O-])cc1,LOAAVSXIKWMBQK-UHFFFAOYSA-N,1.229963095,0.001229963,333.0766092,3.6927E-06,5.432652054
TOX-7740,,4-methyl-1-propan-2-ylbicyclo[3.1.0]hexan-3-one,11027,CC1C(=O)CC2(C(C)C)CC12,USMNOWBWPHYOEA-UHFFFAOYSA-N,0.030998575,3.10E-05,152.1201151,2.038E-07,6.690844916
TOX-7755,Pavatrin,2-(diethylamino)ethyl 9H-fluorene-9-carboxylate,11059,CCN(CC)CCOC(=O)C1c2ccccc2-c2ccccc21,SHLRAXTXBZMDPP-UHFFFAOYSA-N,15.99953458,0.015999535,309.172879,5.17495E-05,4.286094041
TOX-7756,Thiphenamil,"S-[2-(diethylamino)ethyl] 2,2-diphenylethanethioate",11061,CCN(CC)CCSC(=O)C(c1ccccc1)c1ccccc1,WHLUQAYNVOGZST-UHFFFAOYSA-N,19.0004061,0.019000406,327.1656854,5.80758E-05,4.236004863
TOX-7774,Neutral Red Base,"8-N,8-N,3-trimethylphenazine-2,8-diamine",11106,Cc1cc2nc3ccc(N(C)C)cc3nc2cc1N,GLVRJEJEXGVOMJ-UHFFFAOYSA-N,96.59578865,0.096595789,252.1374965,0.000383108,3.416679244
TOX-7783,Perilla ketone,1-(furan-3-yl)-4-methylpentan-1-one,68381,CC(C)CCC(=O)c1ccoc1,LVHLZMUFIYAEQB-UHFFFAOYSA-N,14.00000001,0.014,166.0993797,8.42869E-05,4.074239975
TOX-7792,,"4-[2-(dimethylamino)-1-hydroxyethyl]benzene-1,2-diol",11139,CN(C)CC(O)c1ccc(O)c(O)c1,RLATYNCITHOLTJ-UHFFFAOYSA-N,2.499949298,0.002499949,197.1051933,1.26833E-05,4.896766867
TOX-7800,trichlormethine,"2-chloro-N,N-bis(2-chloroethyl)ethanamine",5561,ClCCN(CCCl)CCCl,FDAYLTPAFBGXAB-UHFFFAOYSA-N,2.499657748,0.002499658,203.0035324,1.23134E-05,4.909623046
TOX-7822,METHANESULFONYL FLUORIDE,methanesulfonyl fluoride,11207,CS(=O)(=O)F,KNWQLFOXPQZGPX-UHFFFAOYSA-N,3.370068709,0.003370069,97.98377856,3.43941E-05,4.463515428
TOX-7836,,"N-[2-hydroxy-4-methyl-7-(2-methylpropyl)-5,8-dioxo-3-oxa-6,9-diazatricyclo[7.3.0.02,6]dodecan-4-yl]-7-methyl-6,6a,8,9-tetrahydro-4H-indolo[4,3-fg]quinoline-9-carboxamide",275306,CC(C)CC1C(=O)N2CCCC2C2(O)OC(C)(NC(=O)C3C=C4c5cccc6[nH]cc(c56)CC4N(C)C3)C(=O)N12,NESVMZOPWPCFAU-UHFFFAOYSA-N,99.98977462,0.099989775,547.2794693,0.000182703,3.738253567
TOX-7887,,"1,6-bis(2-chloroethylamino)hexane-2,3,4,5-tetrol",11337,OC(CNCCCl)C(O)C(O)C(O)CNCCCl,MQXVYODZCMMZEM-UHFFFAOYSA-N,49.99967234,0.049999672,304.0956625,0.000164421,3.784043067
TOX-78879,,1-(2-hydroxyethyl)-4-phenylpiperidine-4-carbaldehyde,3022003,O=CC1(c2ccccc2)CCN(CCO)CC1,ZEBWWPGDMZRNRC-UHFFFAOYSA-N,59.9997428,0.059999743,233.1415788,0.000257353,3.589470345
TOX-7895,,4-tert-butyl-2-phenylphenol,11351,CC(C)(C)c1ccc(O)c(-c2ccccc2)c1,IYPYKRAEQZVXSC-UHFFFAOYSA-N,17.79929216,0.017799292,226.1357652,7.87106E-05,4.103966523
TOX-79366,,4-(4-formyl-4-phenylpiperidin-1-yl)butanenitrile,21149863,N#CCCCN1CCC(C=O)(c2ccccc2)CC1,MJJFFKAQFPGNNF-UHFFFAOYSA-N,29.99894674,0.029998947,256.1575633,0.000117111,3.931401176
TOX-79380,,1-[3-(diethylamino)propanoyl]-4-phenylpiperidine-4-carbaldehyde,3024403,CCN(CC)CCC(=O)N1CCC(C=O)(c2ccccc2)CC1,QOGHKTAUEOAMAW-UHFFFAOYSA-N,19.99715592,0.019997156,316.2150781,6.32391E-05,4.199014342
TOX-79402,,1-(2-morpholin-4-ylethyl)-4-phenylpiperidine-4-carbaldehyde,3024415,O=CC1(c2ccccc2)CCN(CCN2CCOCC2)CC1,DXNCWMMFFYIAHL-UHFFFAOYSA-N,99.99404796,0.099994048,302.1994281,0.000330888,3.480319488
TOX-79506,,4-phenyl-1-(2-piperidin-1-ylethyl)piperidine-4-carbaldehyde,3024479,O=CC1(c2ccccc2)CCN(CCN2CCCCC2)CC1,VDFSCYRXDJMMMR-UHFFFAOYSA-N,29.99540681,0.029995407,300.2201635,9.99114E-05,4.000385101
TOX-7965,,ethyl 6-fluorohexanoate,11518,CCOC(=O)CCCCCF,ARWCSVYFRYFFPQ-UHFFFAOYSA-N,0.199995068,0.000199995,162.1056079,1.2337E-06,5.908778753
TOX-7990,,2-fluoroethyl 6-fluorohexanoate,11580,O=C(CCCCCF)OCCF,PGJLRGDGBHMBSQ-UHFFFAOYSA-N,0.09999778,1.00E-04,180.0961861,5.552E-07,6.255514157
TOX-80271,,N-[3-methyl-1-(4-methylpent-3-enyl)piperidin-4-yl]-N-phenylpropanamide,3073882,CCC(=O)N(c1ccccc1)C1CCN(CCC=C(C)C)CC1C,OHWDJNXKJYQEIJ-UHFFFAOYSA-N,0.084,0.000084,328.2514636,2.559E-07,6.591927385
TOX-80325,,N-(1-but-3-enyl-3-methylpiperidin-4-yl)-N-phenylpropanamide,3074075,C=CCCN1CCC(N(C(=O)CC)c2ccccc2)C(C)C1,GSHVJFJRMLMIJR-UHFFFAOYSA-N,0.799877516,0.000799878,300.2201635,2.6643E-06,5.574416368
TOX-80326,,"N-[1-(3,4-dimethylpent-3-enyl)-3-methylpiperidin-4-yl]-N-phenylpropanamide",3074076,CCC(=O)N(c1ccccc1)C1CCN(CCC(C)=C(C)C)CC1C,DCTDSQSKICPHDB-UHFFFAOYSA-N,0.059995271,6.00E-05,342.2671137,1.753E-07,6.756248153
TOX-80327,,N-[1-(4-chloropent-3-enyl)-3-methylpiperidin-4-yl]-N-phenylpropanamide,3074077,CCC(=O)N(c1ccccc1)C1CCN(CCC=C(C)Cl)CC1C,IKFXOJSVDKIILX-UHFFFAOYSA-N,0.039997936,4.00E-05,348.1968412,1.149E-07,6.939787246
TOX-80328,,N-[1-(4-chloro-3-methylpent-3-enyl)-3-methylpiperidin-4-yl]-N-phenylpropanamide,78301431,CCC(=O)N(c1ccccc1)C1CCN(CCC(C)=C(C)Cl)CC1C,DAUUSDZVHHGBMF-UHFFFAOYSA-N,0.049993801,5.00E-05,362.2124913,0.000000138,6.860047266
TOX-80329,,N-[1-[2-(cyclohexen-1-yl)ethyl]-3-methylpiperidin-4-yl]-N-phenylpropanamide,3074079,CCC(=O)N(c1ccccc1)C1CCN(CCC2=CCCCC2)CC1C,LYBYICKVYDJKID-UHFFFAOYSA-N,0.07099239,7.10E-05,354.2671137,2.004E-07,6.698119042
TOX-80330,,N-[3-methyl-1-[2-(N-methylanilino)ethyl]piperidin-4-yl]-N-phenylpropanamide,3074080,CCC(=O)N(c1ccccc1)C1CCN(CCN(C)c2ccccc2)CC1C,NRHZTBUXTIRERQ-UHFFFAOYSA-N,0.024996838,2.50E-05,379.2623627,6.59E-08,7.181054671
TOX-80416,,N-[1-[2-hydroxy-2-(3-methyl-1H-pyrrol-2-yl)ethyl]-3-methylpiperidin-4-yl]-N-phenylpropanamide,3074347,CCC(=O)N(c1ccccc1)C1CCN(CC(O)c2[nH]ccc2C)CC1C,MQTHRMLXQJYOHK-UHFFFAOYSA-N,0.250993887,0.000250994,369.2416272,6.798E-07,6.167647512
TOX-80417,,"methyl 4-(N-propanoylanilino)-1-[2-(1,3-thiazol-4-yl)ethyl]piperidine-3-carboxylate",3074348,CCC(=O)N(c1ccccc1)C1CCN(CCc2cscn2)CC1C(=O)OC,CEUPBXDBNBQGGN-UHFFFAOYSA-N,0.397968281,0.000397968,401.1773127,0.000000992,6.003487906
TOX-80418,,"methyl 1-[2-(1,3-dioxan-2-yl)ethyl]-4-(N-propanoylanilino)piperidine-3-carboxylate",3074349,CCC(=O)N(c1ccccc1)C1CCN(CCC2OCCCO2)CC1C(=O)OC,DJGAUJIDNAGYMR-UHFFFAOYSA-N,0.429992559,0.000429993,404.2311221,1.0637E-06,5.973168807
TOX-80419,,methyl 1-[2-hydroxy-2-(3-methyl-1H-pyrrol-2-yl)ethyl]-4-(N-propanoylanilino)piperidine-3-carboxylate,3074350,CCC(=O)N(c1ccccc1)C1CCN(CC(O)c2[nH]ccc2C)CC1C(=O)OC,PSIIAXVYWZDJTG-UHFFFAOYSA-N,2.509890744,0.002509891,413.2314565,6.0738E-06,5.216538557
TOX-80420,,methyl 1-[2-(cyclohexen-1-yl)ethyl]-4-(N-propanoylanilino)piperidine-3-carboxylate,3074351,CCC(=O)N(c1ccccc1)C1CCN(CCC2=CCCCC2)CC1C(=O)OC,BGQYYMLKBCTSJW-UHFFFAOYSA-N,0.007999057,8.00E-06,398.2569429,2.01E-08,7.697124564
TOX-80421,,methyl 1-but-3-enyl-4-(N-propanoylanilino)piperidine-3-carboxylate,3074352,C=CCCN1CCC(N(C(=O)CC)c2ccccc2)C(C(=O)OC)C1,JOQKFXIVXGCWAO-UHFFFAOYSA-N,1.999680653,0.001999681,344.2099928,5.8095E-06,5.235862829
TOX-80422,,methyl 1-(4-methylpent-3-enyl)-4-(N-propanoylanilino)piperidine-3-carboxylate,3074353,CCC(=O)N(c1ccccc1)C1CCN(CCC=C(C)C)CC1C(=O)OC,XOHLMCMFSJPISL-UHFFFAOYSA-N,0.004999879,5.00E-06,372.2412929,1.34E-08,7.871865054
TOX-80423,,"methyl 1-(3,4-dimethylpent-3-enyl)-4-(N-propanoylanilino)piperidine-3-carboxylate",3074354,CCC(=O)N(c1ccccc1)C1CCN(CCC(C)=C(C)C)CC1C(=O)OC,PNWCAOZHGRRFTH-UHFFFAOYSA-N,0.019998137,2.00E-05,386.2569429,5.18E-08,7.28588676
TOX-80424,,methyl 1-(4-chloropent-3-enyl)-4-(N-propanoylanilino)piperidine-3-carboxylate,3074355,CCC(=O)N(c1ccccc1)C1CCN(CCC=C(C)Cl)CC1C(=O)OC,RKFRIVQTUBFGFM-UHFFFAOYSA-N,0.039997251,4.00E-05,392.1866705,0.000000102,6.991462685
TOX-80425,,methyl 1-(4-chloro-3-methylpent-3-enyl)-4-(N-propanoylanilino)piperidine-3-carboxylate,78301574,CCC(=O)N(c1ccccc1)C1CCN(CCC(C)=C(C)Cl)CC1C(=O)OC,SSNYLCDPBASQER-UHFFFAOYSA-N,0.039994692,4.00E-05,406.2023205,9.85E-08,7.006740043
TOX-80426,,methyl 1-[2-(N-methylanilino)ethyl]-4-(N-propanoylanilino)piperidine-3-carboxylate,3074357,CCC(=O)N(c1ccccc1)C1CCN(CCN(C)c2ccccc2)CC1C(=O)OC,HCDUIWSUWHCDFN-UHFFFAOYSA-N,0.199973085,0.000199973,423.2521919,4.725E-07,6.325627669
TOX-8044,DIMETHYL MORPHOLINOPHOSPHORAMIDATE,4-dimethoxyphosphorylmorpholine,11698,COP(=O)(OC)N1CCOCC1,BZXUQIDKDGGYPB-UHFFFAOYSA-N,346.9911095,0.34699111,195.0660446,0.001778839,2.74986333
TOX-8082,,"(7-methyl-6,6a,8,9-tetrahydro-4H-indolo[4,3-fg]quinolin-9-yl)methanol",3982,CN1CC(CO)C=C2c3cccc4[nH]cc(c34)CC21,BIXJFIJYBLJTMK-UHFFFAOYSA-N,0.319996225,0.000319996,254.1419132,1.2591E-06,5.89993144
TOX-81326,ANILINE,aniline,6115,Nc1ccccc1,PAYRUJLWNCNPSJ-UHFFFAOYSA-N,64.00068716,0.064000687,93.05784922,0.000687752,3.162568374
TOX-8340,,propyl nitrate,12307,CCCO[N+](=O)[O-],JNTOKFNBDFMTIV-UHFFFAOYSA-N,199.9942908,0.199994291,105.0425931,0.001903935,2.720347836
TOX-8353,,5-aminohexanoic acid,79087,CC(N)CCCC(=O)O,IPCUHQYGWOKSLR-UHFFFAOYSA-N,599.9771305,0.599977131,131.0946287,0.004576672,2.339450201
TOX-8424,pramoxine,4-[3-(4-butoxyphenoxy)propyl]morpholine,4886,CCCCOc1ccc(OCCCN2CCOCC2)cc1,DQKXQSGTHWVTAD-UHFFFAOYSA-N,38.99906954,0.03899907,293.1990937,0.000133012,3.876108378
TOX-8447,FLUOROACETAMIDE,2-fluoroacetamide,12542,NC(=O)CF,FVTWJXMFYOXOKK-UHFFFAOYSA-N,0.250006489,0.000250006,77.02769197,3.2457E-06,5.488695604
TOX-8489,,"1-[fluoro(methyl)phosphoryl]oxy-3,3-dimethylbutane",120309,CC(C)(C)CCOP(C)(=O)F,NKKBXWZXFGXITE-UHFFFAOYSA-N,0.099997255,1.00E-04,182.0871946,5.492E-07,6.260291326
TOX-8565,Triethyl trithiophosphite,tris(ethylsulfanyl)phosphane,69642,CCSP(SCC)SCC,MPXYHFPQDPRCNM-UHFFFAOYSA-N,50.00909681,0.050009097,214.0073501,0.000233679,3.631379678
TOX-8806,Hexaethyl tetraphosphate,diethoxyphosphoryl [diethoxyphosphoryloxy(ethoxy)phosphoryl] ethyl phosphate,12960,CCOP(=O)(OCC)OP(=O)(OCC)OP(=O)(OCC)OP(=O)(OCC)OCC,DAJYZXUXDOSMCG-UHFFFAOYSA-N,0.689993185,0.000689993,506.0636875,1.3635E-06,5.865360374
TOX-8816,,"N,N-dimethylbutanamide",12973,CCCC(=O)N(C)C,VIJUZNJJLALGNJ-UHFFFAOYSA-N,789.9588462,0.789958846,115.099714,0.006863256,2.163469778
TOX-9035,Homochlorcyclizine,"1-[(4-chlorophenyl)-phenylmethyl]-4-methyl-1,4-diazepane",3627,CN1CCCN(C(c2ccccc2)c2ccc(Cl)cc2)CC1,WEUCDJCFJHYFRL-UHFFFAOYSA-N,20.00254083,0.020002541,314.1549764,6.36709E-05,4.196058778
TOX-9043,,"7,9-dimethoxy-3-methyl-2,4,7a,13-tetrahydro-1H-4,12-methanobenzofuro[3,2-e]isoquinoline",408120,COC1=CC=C2C3Cc4ccc(OC)c5c4C2(CCN3C)C1O5,FQXXSQDCDRQNQE-UHFFFAOYSA-N,3.351204475,0.003351204,311.1521435,1.07703E-05,4.96777187
TOX-9088,,"2-chloro-N,N-diethylethanamine",13364,CCN(CC)CCCl,YMDNODNLFSHHCV-UHFFFAOYSA-N,39.99764079,0.039997641,135.0814771,0.0002961,3.528561425
TOX-92220,,"(1,3-dimethyl-4-phenylpiperidin-4-yl) propanoate",6471,CCC(=O)OC1(c2ccccc2)CCN(C)CC1C,UVAZQQHAVMNMHE-UHFFFAOYSA-N,18.99963651,0.018999637,261.172879,7.27474E-05,4.138182784
TOX-92224,,2-(diethylamino)ethyl 1-phenylcyclopentane-1-carboxylate,6472,CCN(CC)CCOC(=O)C1(c2ccccc2)CCCC1,OFAIGZWCDGNZGT-UHFFFAOYSA-N,24.99835878,0.024998359,289.2041791,8.64384E-05,4.063293068
TOX-9376,Prosympal,"N-(2,3-dihydro-1,4-benzodioxin-3-ylmethyl)-N-ethylethanamine",13718,CCN(CC)CC1COc2ccccc2O1,BGWGNDUTMDMIKZ-UHFFFAOYSA-N,24.99887033,0.02499887,221.1415788,0.000113045,3.946750022
TOX-9396,THENYLDIAMINE,"N,N-dimethyl-N'-pyridin-2-yl-N'-(thiophen-3-ylmethyl)ethane-1,2-diamine",7066,CN(C)CCN(Cc1ccsc1)c1ccccn1,RCGYDFVCAAKKNG-UHFFFAOYSA-N,11.99981636,0.011999816,261.1299686,4.59534E-05,4.337682117
TOX-9481,,"1-[4-(3,4,5-trimethoxybenzoyl)piperazin-1-yl]propan-2-yl 3,4,5-trimethoxybenzoate",13813,COc1cc(C(=O)OC(C)CN2CCN(C(=O)c3cc(OC)c(OC)c(OC)c3)CC2)cc(OC)c1OC,TWZWYGOBLUMNKN-UHFFFAOYSA-N,200.0037553,0.200003755,532.2420807,0.000375776,3.425071058
TOX-9526,,"2,4-dimethylthiolane 1,1-dioxide",70483,CC1CC(C)S(=O)(=O)C1,WKFQMDFSDQFAIC-UHFFFAOYSA-N,36.00072862,0.036000729,148.0558006,0.000243157,3.614114137
TOX-9807,ethopropazine,"N,N-diethyl-1-phenothiazin-10-ylpropan-2-amine",3290,CCN(CC)C(C)CN1c2ccccc2Sc2ccccc21,CDOZDBSBBXSXLB-UHFFFAOYSA-N,15.00086403,0.015000864,312.1660198,4.80541E-05,4.318269352
TOX-9956,Etifelmine,2-benzhydrylidenebutan-1-amine,68840,CCC(CN)=C(c1ccccc1)c1ccccc1,WNKCJOWTKXGERE-UHFFFAOYSA-N,19.99949442,0.019999494,237.1517496,8.43321E-05,4.074007316
