TAID,Canonical SMILES,pLD50,Class,MolWt,TPSA,LogP,NumHDonors,NumHAcceptors,NumRotatableBonds,RingCount
TOX-145,Oc1ccc(O)cc1,2.980847919,0,110.11199999999998,40.46,1.0977999999999999,2,2,0,1
TOX-245,S=P(N1CC1)(N1CC1)N1CC1,4.303455608,1,189.22399999999996,9.03,0.15770000000000017,0,1,3,3
TOX-1292,O=CC(O)C1OC(=O)C(O)C1O,1.740451725,0,176.12400000000002,104.06,-2.8066,3,6,2,1
TOX-1311,COc1ccc2[nH]cc(CCNC(C)=O)c2c1,2.814270376,0,232.28299999999996,54.12,1.8550999999999997,2,2,4,2
TOX-1342,CC(C=CC1=C(C)CCCC1(C)C)=CC=CC(C)=CC(=O)O,3.602423059,1,300.44200000000006,37.3,5.602600000000005,1,1,5,1
TOX-1351,COc1cc(-c2oc3cc(O)cc(O)c3c(=O)c2O)ccc1O,1.454451091,0,316.265,120.36000000000001,2.291000000000001,4,7,2,3
TOX-1396,Nc1nc(=O)c2nc(CNc3ccc(C(=O)NC(CCC(=O)O)C(=O)O)cc3)cnc2[nH]1,2.934602186,0,441.40400000000017,213.27999999999994,-0.04479999999999945,6,9,9,3
TOX-1443,COc1ccc2cc1Oc1ccc(cc1)CC1c3c(cc4c(c3Oc3cc5c(cc3OC)CCN(C)C5C2)OCO4)CCN1C,4.026806963,1,606.7190000000002,61.86000000000001,6.873900000000009,0,8,2,9
TOX-1451,CC(C)CC1C(=O)N2CCCC2C2(O)OC(NC(=O)C3C=C4c5cccc6[nH]c(Br)c(c56)CC4N(C)C3)(C(C)C)C(=O)N12,3.957731809,1,654.6059999999999,118.21,3.192800000000001,3,6,5,7
TOX-1498,CCN1CC2(COC)C(O)CC(OC)C34C5CC6(O)C(OC)C(O)C(OC(C)=O)(C5C6OC(=O)c5ccccc5)C(C(OC)C23)C14,6.906712653,1,645.7460000000003,153.45000000000002,0.6481000000000043,3,12,9,7
TOX-1520,CC=C(C)C(=O)OC1CCN2CC=C(COC(=O)C(O)(C(C)OC)C(C)(C)O)C12,3.669592302,1,411.4950000000001,105.53,0.9588000000000008,2,8,8,2
TOX-1566,CCC1(O)C(=O)OCc2c1cc1n(c2=O)Cc2cc3ccccc3nc2-1,3.17244954,0,348.35800000000006,81.42,2.0796,1,6,1,5
TOX-1572,COc1ccc(Cc2nccc3cc(OC)c(OC)cc23)cc1OC,4.317935719,1,339.3910000000001,49.81,3.860000000000003,0,5,6,3
TOX-1577,CC=C1CC(C)C(C)(O)C(=O)OCC2CCN3CCC(OC1=O)C23,3.749742643,1,337.41600000000005,76.07,1.2727,1,6,0,3
TOX-1581,C=C1CC(=CC)C(=O)OC2CCN3CC=C(COC(=O)C1(C)O)C23,3.619538925,1,333.384,76.07,1.1128999999999998,1,6,0,3
TOX-1585,CCC1C2CC3C4N(C)c5ccccc5C45CC(C2C5O)N3C1O,4.141701746,1,326.44,46.94,1.5545,2,4,1,7
TOX-1586,CC1C(=O)OC2CCN3CC=C(COC(=O)C(C)(O)C1(C)O)C23,3.70118887,1,325.361,96.3,-0.3925999999999994,2,7,0,3
TOX-1615,CC(C)C(O)(C(=O)OCC1=CCN2CCCC12)C(C)O,3.12573646,0,283.36799999999994,70.0,0.7018999999999995,2,5,5,2
TOX-1662,O=C1C=C2C=CC3CC2(O1)C1CCCCN31,4.157719429,1,217.26799999999994,29.54,1.405,0,3,0,4
TOX-1666,CCC1C(=O)OCC1Cc1cncn1C,3.37137509,0,208.261,44.12,1.1618000000000002,0,4,3,2
TOX-1680,CNC(C)C(O)c1ccccc1,3.378954166,0,165.236,32.26,1.3278999999999999,2,2,3,1
TOX-1683,CC(=O)NC(CS)C(=O)O,2.038813082,0,163.198,66.4,-0.4945,3,3,3,0
TOX-1686,OCC1=CCN2CCC(O)C12,2.073013654,0,155.19700000000003,43.7,-0.6461000000000001,2,3,1,2
TOX-1704,C=C(C)C1CC=C(C)CC1,3.09257135,0,136.23799999999997,0.0,3.308900000000002,0,0,1,1
TOX-1713,O=[N+]([O-])c1ccc(O)c([N+](=O)[O-])c1,3.407506623,0,184.10699999999997,106.51000000000002,1.2086,1,5,2,1
TOX-1716,CCOCCO,1.574369299,0,90.122,29.46,0.015200000000000047,1,2,3,0
TOX-1721,COc1ccc2c(c1)c(CC(=O)OCC(=O)O)c(C)n2C(=O)c1ccc(Cl)cc1,4.166378031,1,415.82900000000006,94.82999999999998,3.4705200000000014,1,6,6,3
TOX-1736,CCC(=O)N(c1ccccc1)C1(COC)CCN(CCn2nnn(CC)c2=O)CC1,3.942691491,1,416.52600000000024,85.49000000000001,1.3838999999999997,0,8,9,3
TOX-1740,NC12CC3CC(CC(C3)C1)C2,3.225134315,0,151.253,26.02,1.9139,1,1,0,4
TOX-1742,CC1(C)SC2C(N=CN3CCCCCC3)C(=O)N2C1C(=O)O,2.336032549,0,325.4339999999999,73.21000000000001,1.4062000000000001,1,4,3,3
TOX-1744,NCCCCCC(=O)O,1.599087512,0,131.175,63.32000000000001,0.5901000000000001,2,2,5,0
TOX-1746,CN(C)CCC=C1c2ccccc2CCc2ccccc21,4.296655854,1,277.411,3.24,4.168600000000003,0,1,3,3
TOX-1753,COc1ccc(C(=O)N2CCCC2=O)cc1,3.641651646,1,219.23999999999995,46.61,1.4578,0,3,2,2
TOX-1759,CCN(CC)CCCN(c1ccccc1)C1Cc2ccccc2C1,4.288067185,1,322.4960000000001,6.48,4.392300000000004,0,2,8,3
TOX-1763,COc1ccc(CCN2CCC(Nc3nc4ccccc4n3Cc3ccc(F)cc3)CC2)cc1,4.210833657,1,458.58100000000024,42.32,5.351300000000005,1,5,8,5
TOX-1769,CN1CCCC(n2nc(Cc3ccc(Cl)cc3)c3ccccc3c2=O)CC1,4.170772485,1,381.9070000000002,38.13,4.297500000000004,0,4,3,4
TOX-1771,O=NN(CCCl)C(=O)NCCCl,4.188519218,1,214.052,61.77,1.157,1,3,5,0
TOX-1773,O=C(O)COc1nn(Cc2ccccc2)c2ccccc12,2.967544029,0,282.29900000000004,64.35,2.548,1,4,5,3
TOX-1774,CCCCOc1cc(C(=O)OCCN(CC)CC)ccc1N,4.740689668,1,308.42199999999997,64.79,2.946300000000001,1,5,10,1
TOX-1776,O=C(O)c1ccc(NC(=O)C(Cc2ccc(O)cc2)NC(=O)c2ccccc2)cc1,2.920810739,0,404.4220000000001,115.73000000000002,3.0702000000000016,4,4,7,3
TOX-1779,CN(C)CCCOc1nn(Cc2ccccc2)c2ccccc12,3.85174616,1,309.413,30.29,3.4151000000000016,0,4,7,3
TOX-1790,O=c1[nH]c(=O)n(C2CC(O)C(CO)O2)cc1Br,2.120212342,0,307.1,104.55000000000001,-1.0602,3,6,2,2
TOX-1793,CCCC1OC2CC3C4CCC5=CC(=O)C=CC5(C)C4C(O)CC3(C)C2(C(=O)CO)O1,3.63855135,1,430.5410000000002,93.06,2.7168000000000014,2,6,4,5
TOX-1794,CCCCNc1cc(C(=O)O)cc(S(N)(=O)=O)c1Oc1ccccc1,3.260229178,0,364.42300000000006,118.71999999999998,3.036500000000001,3,5,8,2
TOX-1795,COC12CCC3(CC1C(C)(O)C(C)(C)C)C1Cc4ccc(O)c5c4C3(CCN1CC1CC1)C2O5,4.027768833,1,467.6500000000003,62.16,4.413800000000004,2,5,4,8
TOX-1798,CN(Cc1ccc(C(C)(C)C)cc1)Cc1cccc2ccccc12,3.501319996,0,317.476,3.24,5.769300000000006,0,1,4,3
TOX-1811,CC1(C)SC2C(NC(=O)C(C(=O)Oc3ccc4c(c3)CCC4)c3ccccc3)C(=O)N2C1C(=O)O,3.22401058,0,494.5690000000003,113.01,2.4962,2,6,6,5
TOX-1813,CCN(CC)CCOCCOC(=O)C1(c2ccccc2)CCCC1,4.124768134,1,333.47200000000015,38.77,3.400000000000002,0,4,10,2
TOX-1815,CCCCNC(=O)NS(=O)(=O)c1ccc(N)cc1,2.441905141,0,271.342,101.29,1.0568,3,4,5,1
TOX-1818,CC(C)(C)NCC(O)COc1cccc2c1CCC(=O)N2,3.766691906,1,292.37899999999996,70.58999999999999,1.6990999999999998,3,4,5,2
TOX-1819,C=CC1=C(C(=O)O)N2C(=O)C(NC(=O)C(=NO)c3csc(N)n3)C2SC1,2.295630635,0,395.4220000000001,158.21000000000004,-0.17179999999999884,4,9,5,3
TOX-1820,CON=C(C(=O)NC1C(=O)N2C(C(=O)O)=C(C=Cc3scnc3C)CSC12)c1csc(N)n1,2.227064528,0,506.5910000000002,160.10000000000002,1.2927199999999992,3,11,7,4
TOX-1823,CON=C(C(=O)NC1C(=O)N2C(C(=O)O)=C(CSc3nc(C)c(CC(=O)O)s3)CSC12)c1csc(N)n1,1.921322728,0,584.683,197.39999999999998,0.9987200000000007,4,13,10,4
TOX-1825,CN(C)CCn1nnnc1SCC1=C(C(=O)O)N2C(=O)C(NC(=O)Cc3csc(N)n3)C2SC1,2.154431807,0,525.6420000000002,172.45999999999998,-0.653199999999996,3,13,10,4
TOX-1837,O=C(NC(CO)C(O)c1ccc([N+](=O)[O-])cc1)C(Cl)Cl,3.274879075,0,323.13199999999995,112.70000000000002,0.9089999999999998,3,5,6,1
TOX-1842,CCN(CC)CCCC(C)Nc1ccnc2cc(Cl)ccc12,3.725859343,1,319.88000000000005,28.16,4.810600000000004,1,3,8,2
TOX-1845,CCCNC(=O)NS(=O)(=O)c1ccc(Cl)cc1,2.670117692,0,276.745,75.27000000000001,1.7379,2,3,4,1
TOX-1846,CN(C)CCC=C1c2ccccc2Sc2ccc(Cl)cc21,4.10044489,1,315.869,3.24,5.188000000000004,0,2,3,3
TOX-1853,CCOC(=O)C(CCc1ccccc1)NC1CCCN2CCCC(C(=O)O)N2C1=O,4.143256737,1,417.5060000000003,99.18,1.5955,2,6,8,3
TOX-1855,O=C(O)c1cc(-c2ccccc2)nc2ccccc12,2.618201506,0,249.269,50.19,3.6000000000000014,1,2,2,3
TOX-1861,CN(C)CCC(O)(c1ccccc1)c1ccccc1Cl,3.736816277,1,289.80600000000004,23.47,3.5276000000000023,1,2,5,2
TOX-1862,Clc1cccc(Cl)c1NC1=NCCN1,3.897485492,1,230.09799999999998,36.42,2.3644999999999996,2,3,1,2
TOX-1865,Cc1onc(-c2ccccc2Cl)c1C(=O)NC1C(=O)N2C1SC(C)(C)C2C(=O)O,2.418435667,0,435.8890000000002,112.74,2.5487200000000003,2,6,4,4
TOX-1866,COC(=O)C1C(OC(=O)c2ccccc2)CC2CCC1N2C,4.24820148,1,303.35800000000006,55.84,1.8677,0,5,3,3
TOX-1884,COC(=O)C1C2CC3c4[nH]c5ccccc5c4CCN3CC2CC(OC(=O)c2cc(OC)c(OC)c(OC)c2)C1OC,4.58600549,1,578.6620000000004,108.55000000000001,4.162500000000003,1,9,7,6
TOX-1890,COc1ccc2c(c1)C13CCCCC1C(C2)N(C)CC3,4.22147143,1,271.404,12.47,3.3834000000000026,0,2,1,4
TOX-1895,Cc1onc(-c2c(Cl)cccc2Cl)c1C(=O)NC1C(=O)N2C1SC(C)(C)C2C(=O)O,2.955225523,0,470.3340000000002,112.74,3.2021200000000007,2,6,4,4
TOX-1903,CC1OC(OC2C(O)CC(OC3C(O)CC(OC4CCC5(C)C(CCC6C5CCC5(C)C(C7=CC(=O)OC7)CCC65O)C4)OC3C)OC2C)CC(O)C1O,5.292304169,1,764.9500000000003,182.82999999999998,3.2473000000000014,5,13,7,8
TOX-1904,NNc1nnc(NN)c2ccccc12,3.056258093,0,190.21000000000004,101.88,0.20100000000000012,4,6,2,2
TOX-1905,CCCCCC(O)C=CC1C(O)CC(O)C1CC=CCCCC(=O)O,3.523976573,0,354.48700000000014,97.99,3.0429000000000013,4,4,12,1
TOX-1908,OC(CCCN1CCCCC1)(c1ccccc1)c1ccccc1,4.027928887,1,309.45300000000003,23.47,4.188600000000004,1,2,6,3
TOX-1915,CC(CCc1ccc(O)cc1)NCCc1ccc(O)c(O)c1,3.703542094,1,301.386,72.72,2.956800000000002,4,4,7,2
TOX-1918,O=c1[nH]c2ccccc2n1CCCN1CCC(n2c(=O)[nH]c3cc(Cl)ccc32)CC1,4.00843863,1,425.92000000000013,78.82,3.353200000000002,2,5,5,5
TOX-1920,CN(C)CCC=C1c2ccccc2COc2ccccc21,4.301828135,1,279.383,12.47,3.9624000000000033,0,2,3,3
TOX-1923,CCCCCc1cc(O)c2c(c1)OC(C)(C)C1CCC(C)=CC21,4.034799347,1,314.46900000000005,29.46,5.735800000000006,1,2,4,3
TOX-1924,O=C(CCCN1CC=C(n2c(=O)[nH]c3ccccc32)CC1)c1ccc(F)cc1,4.101752324,1,379.4350000000002,58.1,3.6784000000000026,1,4,6,4
TOX-1933,CC(=Cc1ccccc1)C=C1SC(=S)N(CC(=O)O)C1=O,6.097305877,1,319.40700000000004,57.61000000000001,2.918700000000001,1,4,4,2
TOX-1943,COC(=O)CCc1ccc(OCC(O)CNC(C)C)cc1,3.618839397,1,295.379,67.79,1.5298999999999996,2,5,9,1
TOX-1952,O=C(Cn1ccnc1[N+](=O)[O-])NCCO,1.760482547,0,214.18099999999998,110.29,-1.1002,2,6,5,1
TOX-1954,O=C(O)CN(CCN(CC(=O)O)CC(=O)O)CC(=O)O,3.832055167,1,292.244,155.68,-2.0711999999999957,4,6,11,0
TOX-1956,COc1cc(C2c3cc4c(cc3C(OC3OC5COC(C)OC5C(O)C3O)C3COC(=O)C23)OCO4)cc(OC)c1O,4.006057389,1,588.5620000000004,160.83,1.3385999999999993,3,13,5,7
TOX-1964,CCC(=O)N(c1ccccc1)C1CCN(CCc2ccccc2)CC1,5.062703662,1,336.47900000000004,23.550000000000004,4.136700000000004,0,2,6,3
TOX-1965,O=C(O)Cc1sc(-c2ccccc2)nc1-c1ccc(Cl)cc1,3.313123049,0,329.8080000000001,50.19,4.757600000000003,1,3,4,3
TOX-1969,CN1CCN(c2c(F)cc3c(=O)c(C(=O)O)cn(CCF)c3c2F)CC1,4.257446301,1,369.3430000000002,65.78,1.6991999999999998,1,5,4,3
TOX-1970,COC1(NC(=O)CSC(F)F)C(=O)N2C(C(=O)O)=C(CSc3nnnn3CCO)COC21,1.888183493,0,496.4740000000003,169.0,-1.290599999999999,3,12,11,3
TOX-1971,Cc1onc(-c2c(F)cccc2Cl)c1C(=O)NC1C(=O)N2C1SC(C)(C)C2C(=O)O,2.823623022,0,453.8790000000002,112.74,2.6878199999999994,2,6,4,4
TOX-1975,Fc1ccc(C(c2ccc(F)cc2)N2CCN(CC=Cc3ccccc3)CC2)cc1,4.062539441,1,404.5040000000001,6.48,5.3852000000000055,0,2,6,4
TOX-1976,CC1(C)OC2CC3C4CC(F)C5=CC(=O)C=CC5(C)C4C(O)CC3(C)C2(C(=O)CO)O1,3.93013411,1,434.50400000000025,93.06,2.2747000000000006,2,6,2,5
TOX-1989,NCCCC(=O)O,1.314138372,0,103.12099999999998,63.32000000000001,-0.19009999999999977,2,2,3,0
TOX-1991,CNC(=O)CN(CCN(CCN(CC(=O)O)CC(=O)NC)CC(=O)O)CC(=O)O,1.920256172,0,419.4350000000002,179.81999999999996,-3.3617999999999926,5,8,16,0
TOX-1994,CNC(C)C1CCC(N)C(OC2C(N)CC(N)C(OC3OCC(C)(O)C(NC)C3O)C2O)O1,3.833710907,1,477.6030000000002,199.72999999999996,-3.327499999999993,8,12,7,3
TOX-2006,CCC1CN2CCC1CC2C(O)c1ccnc2ccc(OC)cc12,4.008386436,1,326.4400000000001,45.59,3.3972000000000024,1,4,4,5
TOX-2011,CC#CCC(C)C(O)C=CC1C(O)CC2CC(=CCCCC(=O)O)CC21,3.48102576,0,360.4940000000002,77.76,3.5413000000000023,3,3,8,2
TOX-2012,CCOC(=O)C(CCc1ccccc1)NC(C)C(=O)N1C(=O)N(C)CC1C(=O)O,2.908743331,0,405.45100000000025,116.25000000000001,0.8762000000000008,2,6,9,2
TOX-2016,CC(=O)N(CC(C)C(=O)O)c1c(I)cc(I)c(N)c1I,2.942932408,0,613.9590000000001,83.63,3.156200000000001,2,3,4,1
TOX-2018,CCC(Cc1c(I)cc(I)c(N)c1I)C(=O)O,3.272339119,0,570.9340000000001,63.32000000000001,3.7359000000000018,2,2,4,1
TOX-2019,CN(C)C=Nc1c(I)cc(I)c(CCC(=O)O)c1I,3.297282049,0,597.9600000000002,52.900000000000006,3.7390000000000025,1,2,5,1
TOX-2023,O=[N+]([O-])OC1COC2C(O)COC12,2.310124801,0,191.13899999999998,91.06000000000002,-1.2782000000000002,1,6,2,2
TOX-2025,CC(COc1ccccc1)NC(C)C(O)c1ccc(O)cc1,3.592297628,0,301.386,61.72,2.871200000000001,3,4,7,2
TOX-2027,COC1C(OC(C)=O)CC(=O)OC(C)CC=CC=CC(O)C(C)CC(CC=O)C1OC1OC(C)C(OC2CC(C)(O)C(OC(=O)CC(C)C)C(C)O2)C(N(C)C)C1O,3.326689076,0,828.0060000000001,206.04999999999998,3.0134000000000056,3,16,12,3
TOX-2028,NCC1OC(OC2C(N)CC(N)C(OC3OC(CO)C(O)C(N)C3O)C2O)C(O)C(O)C1O,3.188729631,0,484.5030000000001,282.61,-7.2913999999999985,11,15,6,3
TOX-2029,CNC1(c2ccccc2Cl)CCCCC1=O,3.604967444,1,237.7299999999999,29.1,2.897800000000001,1,2,2,2
TOX-2033,OCC1OC(OC2C(CO)OC(O)C(O)C2O)C(O)C(O)C1O,1.349478417,0,342.297,189.52999999999997,-5.397199999999993,8,11,4,2
TOX-2036,CCC(C(N)=O)N1CCCC1=O,2.054632271,0,170.212,63.400000000000006,-0.12729999999999997,1,2,3,1
TOX-2037,CC(C)(C)NCC(O)COc1cccc2c1CCCC2=O,4.066213255,1,291.391,58.559999999999995,2.3334,2,4,5,2
TOX-2039,NC(Cc1ccc(O)c(O)c1)C(=O)O,3.294617889,0,197.18999999999997,103.78000000000002,0.052200000000000135,4,4,3,1
TOX-2040,CC1COc2c(N3CCN(C)CC3)c(F)cc3c(=O)c(C(=O)O)cn1c23,3.12148505,0,361.37300000000005,75.00999999999999,1.5439999999999998,1,6,2,4
TOX-2049,CN1CCN(C2=Nc3ccccc3Oc3ccc(Cl)cc32)CC1,4.259446287,1,327.8150000000001,28.07,3.7714000000000025,0,4,0,4
TOX-2051,Cc1ncc(COP(=O)(O)O)c(CN(CCN(CC(=O)O)Cc2c(COP(=O)(O)O)cnc(C)c2O)CC(=O)O)c1O,2.463255761,0,638.4600000000003,280.84,0.1966399999999996,8,12,17,2
TOX-2053,CNC1(C)C2CCC(C2)C1(C)C,3.900947868,1,167.296,12.03,2.4206000000000003,1,1,1,2
TOX-2057,NC(Cc1ccc(N(CCCl)CCCl)cc1)C(=O)O,4.47762523,1,305.205,66.56,1.925,2,3,8,1
TOX-2058,Cc1cccc(C)c1NC(=O)C1CCCCN1C,3.871561163,1,246.35399999999996,32.34,2.7262400000000007,1,2,2,2
TOX-2059,CC(O)C1C(=O)N2C(C(=O)O)=C(SC3CNC(C(=O)N(C)C)C3)C(C)C12,2.128491686,0,383.4700000000002,110.17999999999999,-0.3079999999999994,3,6,5,3
TOX-2078,CC(=O)Nc1c(I)c(C(=O)O)c(I)c(N(C)C(C)=O)c1I,1.642476488,0,627.9420000000001,86.71000000000001,3.1397000000000013,2,3,3,1
TOX-2080,COCC(=O)OC1(CCN(C)CCCc2nc3ccccc3[nH]2)CCc2cc(F)ccc2C1C(C)C,4.333165653,1,495.6390000000002,67.45,5.270900000000005,1,5,11,4
TOX-2081,Cc1ncc2n1-c1ccc(Cl)cc1C(c1ccccc1F)=NC2,3.636891928,1,325.77400000000006,30.18,4.324220000000002,0,3,1,4
TOX-2083,CCN(CC)C(=O)C1(c2ccccc2)CC1CN,3.718226939,1,246.35399999999998,46.33,1.7713999999999999,1,2,5,2
TOX-2088,OC(CBr)C(O)C(O)C(O)CBr,2.348881899,0,307.966,80.92,-0.7802000000000002,4,4,5,0
TOX-2094,CC(=O)Oc1cc(C(C)C)c(OCCN(C)C)cc1C,3.940755227,1,279.38,38.77,2.9841200000000017,0,4,6,1
TOX-2095,CC(=CC(=O)OCCCCCCCCC(=O)O)CC1OCC(CC2OC2C(C)C(C)O)C(O)C1O,2.581983092,0,500.62900000000013,146.05,2.5925000000000016,4,8,16,2
TOX-2097,CC(=O)N(C)C,1.518266676,0,87.122,20.310000000000002,0.09450000000000003,0,1,0,0
TOX-2099,CC(C)(C)NCC(O)COc1cccc2c1CC(O)C(O)C2,3.717917785,1,309.406,81.95,0.6347999999999998,4,5,5,2
TOX-2107,COC(=O)C1=C(C#N)NC(C)=C(C(=O)OC(C)C)C1c1cccc([N+](=O)[O-])c1,4.601050042,1,385.3760000000001,131.56,2.4578800000000003,1,8,5,2
TOX-2110,CCOC(=O)C1=C(C)NC(C)=C(C(=O)OC)C1c1cccc([N+](=O)[O-])c1,4.456050359,1,360.36600000000004,107.77000000000001,2.5657000000000005,1,7,5,2
TOX-2112,CN(CCCl)CCCl,5.149030949,1,156.056,3.24,1.3958,0,1,4,0
TOX-2113,CCN(CC)N=O,2.561766951,0,102.137,32.67,1.0095999999999998,0,2,3,0
TOX-2116,CCn1cc(C(=O)O)c(=O)c2cc(F)c(N3CCNCC3)cc21,3.11481409,0,319.336,74.57000000000001,1.2683,2,5,3,3
TOX-2124,OCCN1CCN(CCCN2c3ccccc3C=Cc3ccccc32)CC1,4.055038977,1,363.50500000000017,29.950000000000003,3.308500000000002,1,4,6,4
TOX-2125,CC(C)NCC(O)c1cc(O)cc(O)c1,3.497163895,0,211.261,72.72,1.1291999999999998,4,4,4,1
TOX-2127,Cc1onc(-c2ccccc2)c1C(=O)NC1C(=O)N2C1SC(C)(C)C2C(=O)O,5.270866722,1,401.44400000000013,112.74,1.89532,2,6,4,4
TOX-2128,O=c1[nH]c2ccccc2n1CCCN1CCN(C(c2ccccc2)c2ccccc2)CC1,4.167221553,1,426.5640000000001,44.27,4.126900000000004,1,4,7,5
TOX-2130,C=CCOc1ccccc1OCC(O)CNC(C)C,3.905011745,1,265.35299999999995,50.72,1.9890999999999999,2,4,9,1
TOX-2132,CN1CCCN=C1COC(=O)C(O)(c1ccccc1)C1CCCCC1,3.592410152,0,344.4550000000002,62.129999999999995,2.731700000000001,1,5,5,3
TOX-2140,NCC1OC(OC2C(CO)OC(OC3C(O)C(N)CC(N)C3OC3OC(CO)C(O)C(O)C3N)C2O)C(N)C(O)C1O,3.563706703,0,615.6340000000004,347.32,-8.861700000000015,13,19,9,4
TOX-2146,CC(C)(C)NCC(O)COc1ccccc1C1CCCC1,4.121850422,1,291.4350000000001,41.489999999999995,3.472000000000002,2,3,6,2
TOX-2149,CC(C)=CCN1CCC2(C)c3cc(O)ccc3CC1C2C,4.132991504,1,285.43100000000004,23.47,3.8826000000000027,1,2,2,3
TOX-2151,CN1CCN(CCCN2c3ccccc3Sc3ccccc32)CC1,3.627346537,1,339.50800000000015,9.72,3.9268000000000027,0,4,4,4
TOX-2153,N#Cc1ccc2c(c1)N(CCCN1CCC(O)CC1)c1ccccc1S2,4.018412991,1,365.502,50.5,4.007780000000003,1,5,4,4
TOX-2163,O=c1[nH]c2ccccc2n1C1CCN(CCCC(c2ccc(F)cc2)c2ccc(F)cc2)CC1,3.709725728,1,461.5560000000001,41.03,5.8570000000000055,1,3,7,5
TOX-2165,CC(C)NCC(O)COc1cccc2[nH]ccc12,3.687158934,1,248.32600000000002,57.279999999999994,1.9055999999999995,3,3,6,2
TOX-2168,COc1cccc2c1C(=O)c1c(O)c3c(c(O)c1C2=O)CC(O)(C(=O)CO)CC3OC1CC(N)C(OC2CCCCO2)C(C)O1,4.539779093,1,627.6430000000001,204.29999999999998,1.5521999999999991,5,13,7,6
TOX-2170,CC(C)(C)NCC(O)c1ccc(O)c(CO)n1,3.656207428,1,240.303,85.61,0.7009999999999998,4,5,4,1
TOX-2171,NS(=O)(=O)c1cc(C(=O)O)cc(N2CCCC2)c1Oc1ccccc1,2.713731249,0,362.40700000000004,109.93,2.4247000000000005,2,5,5,3
TOX-2174,CC(C(=O)O)c1ccc(N2CC=CC2)c(Cl)c1,3.177085788,0,251.71299999999997,40.54,2.904300000000001,1,2,3,2
TOX-2175,CC(C)(C)C(=O)OCOC(=O)C1N2C(=O)C(N=CN3CCCCCC3)C2SC1(C)C,2.975201578,0,439.5780000000003,88.50999999999999,2.4116,0,7,5,3
TOX-2181,CCC(C)C(=O)OC1CC(O)C=C2C=CC(C)C(CCC(O)CC(O)CC(=O)O)C21,2.984199969,0,424.5340000000002,124.29,2.4404000000000003,4,6,10,2
TOX-2182,CCCNC(C)C(=O)Nc1ccccc1C,3.589929006,0,220.316,41.13,2.3216200000000002,2,2,5,1
TOX-2183,CCN(CC)CCOC(=O)c1ccc(N)cc1,3.771685253,1,236.315,55.56,1.7673999999999999,1,4,6,1
TOX-2184,CN1CCN(CCCN2c3ccccc3Sc3ccc(Cl)cc32)CC1,4.270900978,1,373.95300000000015,9.72,4.580200000000004,0,4,4,4
TOX-2190,c1ccncc1,2.341567494,0,79.10199999999998,12.89,1.0816,0,1,0,1
TOX-2192,CCN(CC)CCCC(C)Nc1c2ccc(Cl)cc2nc2ccc(OC)cc12,4.138764039,1,399.9660000000002,37.39,5.972400000000006,1,4,9,3
TOX-2199,COC(=O)C1C2CC3c4[nH]c5cc(OC)ccc5c4CCN3CC2CC(OC(=O)c2cc(OC)c(OC)c(OC)c2)C1OC,4.472465605,1,608.6880000000004,117.78000000000003,4.171100000000004,1,10,8,6
TOX-2203,COC1C=COC2(C)Oc3c(C)c(O)c4c(c3C2=O)C2=NC3(CCN(CC(C)C)CC3)NC2=C(NC(=O)C(C)=CC=CC(C)C(O)C(C)C(O)C(C)C(OC(C)=O)C1C)C4=O,4.220036518,1,847.0190000000003,205.54999999999995,4.615720000000003,5,14,4,6
TOX-2210,CC(NCCc1ccc(O)cc1)C(O)c1ccc(O)cc1,3.539047572,0,287.35900000000004,72.72,2.3520000000000003,4,4,6,2
TOX-2219,CC(=O)OCC(=O)NCCCOc1cccc(CN2CCCCC2)c1,3.5004958,0,348.44300000000015,67.87,2.1206999999999994,1,5,9,2
TOX-2231,O=C(O)c1ccccc1,1.854865186,0,122.12299999999996,37.3,1.3848,1,1,1,1
TOX-2239,Cc1nnc(NS(=O)(=O)c2ccc(N)cc2)s1,1.998496565,0,270.339,97.97,1.2295199999999997,2,6,3,2
TOX-2241,Nc1ccc(S(=O)(=O)Nc2ccccn2)cc1,2.538975311,0,249.29500000000004,85.08,1.4646000000000001,2,4,3,2
TOX-2245,CC(C)(C)NCC(O)COc1ccc(NC(=O)NC2CCCCC2)cc1,4.083089378,1,363.50200000000024,82.62,3.268600000000002,4,4,7,2
TOX-2254,CC(C)(C)NCC(O)COc1cccc2c1SCCC2,3.868068957,1,295.4480000000001,41.489999999999995,2.8527000000000013,2,4,5,2
TOX-2261,CCCCNc1ccc(C(=O)OCCN(C)C)cc1,4.706239049,1,264.3689999999999,41.57,2.617000000000001,1,4,8,1
TOX-2262,CC(O)C(O)C1CNc2[nH]c(N)nc(=O)c2N1,3.206139254,0,241.251,136.29,-1.7002000000000006,6,7,2,2
TOX-2274,CCCCNC(=O)NS(=O)(=O)c1ccc(C)cc1,2.586439102,0,270.354,75.27000000000001,1.78302,2,3,5,1
TOX-2275,Cc1ccc(C(=O)c2ccc(CC(=O)O)n2C)cc1,2.550387475,0,257.289,59.300000000000004,2.1916200000000003,1,3,4,2
TOX-2280,OC(CCN1CCCCC1)(c1ccccc1)C1CCCCC1,4.001754745,1,301.47400000000016,23.47,4.330500000000004,1,2,5,3
TOX-2283,COC1CC(OC2C(C)C(=O)OC(C)C(C)C(OC(C)=O)C(C)C(=O)C3(CO3)CC(C)C(OC3OC(C)CC(N(C)C)C3OC(C)=O)C2C)OC(C)C1OC(C)=O,3.842134369,1,813.9790000000002,184.18999999999997,3.620900000000008,0,16,9,4
TOX-2284,CN1C2CCC1CC(OC(=O)c1c[nH]c3ccccc13)C2,3.956635545,1,284.3590000000001,45.33,2.9499000000000013,1,3,2,4
TOX-2287,CCCC(=O)Nc1c(I)cc(I)c(CC(CC)C(=O)O)c1I,2.872255963,0,641.0250000000002,66.4,4.892300000000003,2,2,7,1
TOX-2296,COc1ccc(C(=O)N2CCN(c3ccc4c(c3)CCC(=O)N4)CC2)cc1OC,3.697481698,1,395.4590000000002,71.11,2.5509000000000004,1,5,4,4
TOX-2307,NCCc1ccc(O)c(O)c1,4.503677154,1,153.18099999999998,66.48,0.5989999999999998,3,3,2,1
TOX-2308,Nc1ccc(C(=O)NCC(=O)O)cc1,1.677828873,0,194.19000000000003,92.42,0.08319999999999966,3,3,3,1
TOX-2310,CC(C(=O)O)c1cccc(Oc2ccccc2)c1,2.68502172,0,242.274,46.53,3.6670000000000016,1,2,4,2
TOX-2311,CC(CCc1ccccc1)NCC(O)c1ccc(O)c(C(N)=O)c1,3.703407855,1,328.4120000000001,95.57999999999998,2.1353999999999997,4,4,8,2
TOX-2312,Cc1cccc(Nc2ccccc2C(=O)O)c1C,3.333015702,0,241.29,49.33,3.7452400000000017,2,2,3,2
TOX-2315,Clc1ccc2nsnc2c1NC1=NCCN1,3.859098603,1,253.718,62.2,1.7157999999999993,2,6,1,3
TOX-2318,CCC(C)n1ncn(-c2ccc(N3CCN(c4ccc(OCC5COC(Cn6cncn6)(c6ccc(Cl)cc6Cl)O5)cc4)CC3)cc2)c1=O,4.245689197,1,705.6470000000002,104.70000000000002,5.5773000000000055,0,12,11,7
TOX-2321,CN(C)CCCN1c2ccccc2CCc2ccc(Cl)cc21,4.082115426,1,314.86,6.48,4.528400000000004,0,2,4,3
TOX-2327,CC1OC(OC2C(O)CC(OC3C(O)CC(OC4CCC5(C)C(CCC6C5CC(O)C5(C)C(C7=CC(=O)OC7)CCC65O)C4)OC3C)OC2C)CC(O)C1O,4.494420978,1,780.9490000000002,203.05999999999997,2.218100000000003,6,14,7,8
TOX-2331,O=C(O)CCCO,1.973496732,0,104.105,57.53,-0.15650000000000003,2,2,3,0
TOX-2333,CCN1CC(CCN2CCOCC2)C(c2ccccc2)(c2ccccc2)C1=O,3.720442671,1,378.5160000000001,32.78,3.173300000000001,0,3,6,4
TOX-2337,CCOC(=O)C1(c2ccccc2)CCN(C)CC1,3.978335478,1,247.33799999999994,29.54,2.2131,0,3,3,2
TOX-2339,CC(=O)Nc1c(I)c(NC(C)=O)c(I)c(C(=O)O)c1I,1.714603965,0,613.9150000000002,95.50000000000001,3.1154,3,3,3,1
TOX-2341,CN(C)CCCN1c2ccccc2Sc2ccc(Cl)cc21,4.122687169,1,318.8730000000001,6.48,4.894400000000004,0,3,4,3
TOX-2344,COc1cc(N)c(Cl)cc1C(=O)NC1CCN(CCCOc2ccc(F)cc2)CC1OC,4.229922732,1,465.9530000000003,86.05,3.358100000000002,2,6,9,3
TOX-2345,CC(=O)N(O)CCCCCNC(=O)CCC(=O)N(O)CCCCCNC(=O)CCC(=O)N(O)CCCCCN,3.231260662,0,560.6930000000002,205.84,0.9221000000000046,6,9,23,0
TOX-2346,CC(C)N(CCC(C(N)=O)(c1ccccc1)c1ccccn1)C(C)C,3.927993558,1,339.4830000000001,59.22,3.361900000000002,1,3,8,2
TOX-2347,CC(Cc1ccc(O)cc1)NCC(O)c1cc(O)cc(O)c1,3.668751455,1,303.358,92.95,2.0576,5,5,6,2
TOX-2348,CCN(CC)CCNc1ccc(CO)c2sc3ccccc3c(=O)c12,3.676567854,1,356.4910000000001,52.57,3.660700000000002,2,5,7,3
TOX-2349,CN(C)CCCN1c2ccccc2CCc2ccccc21,4.335604256,1,280.415,6.48,3.8750000000000027,0,2,4,3
TOX-2350,Cc1cccc(C)c1OCC(C)N,3.731104243,1,179.26299999999998,35.25,2.0294399999999997,1,2,3,1
TOX-2351,CN1CCN2c3ccccc3Cc3ccccc3C2C1,3.91871598,1,264.372,6.48,3.0839000000000016,0,2,0,4
TOX-2352,CNCCC=C1c2ccccc2CCc2ccccc21,4.192022691,1,263.38399999999996,12.03,3.826400000000003,1,1,3,3
TOX-2353,CC(CN1c2ccccc2Sc2ccccc21)N(C)C,4.038915174,1,284.428,6.48,4.239400000000003,0,3,3,3
TOX-2355,Cc1ccc(N(CC2=NCCN2)c2cccc(O)c2)cc1,3.57389506,0,281.35900000000004,47.86,2.840420000000001,2,4,4,3
TOX-2361,CN1CC(C(=O)NC2(C)OC3(O)C4CCCN4C(=O)C(Cc4ccccc4)N3C2=O)C=C2c3cccc4[nH]cc(c34)CC21,3.861263145,1,581.6730000000001,118.21000000000001,1.990800000000002,3,6,4,8
TOX-2363,C=CC1CN2CCC1CC2C(O)c1ccnc2ccc(OC)cc12,3.855063835,1,324.4240000000001,45.59,3.1732000000000014,1,4,4,5
TOX-2369,COc1cccc2c1C(=O)c1c(O)c3c(c(O)c1C2=O)CC(O)(C(=O)CO)CC3OC1CC(N)C(O)C(C)O1,4.495018233,1,543.5250000000003,206.07,0.0012999999999993017,6,12,5,5
TOX-2371,CC(CS)C(=O)N1CCCC1C(=O)O,2.593104575,0,217.28999999999996,57.61,0.6279000000000001,2,3,3,1
TOX-2384,CC1C(NC(=O)C(=NOC(C)(C)C(=O)O)c2csc(N)n2)C(=O)N1S(=O)(=O)O,2.337333833,0,435.44000000000017,201.57999999999998,-1.1724999999999979,4,10,7,2
TOX-2385,CC(CCC(=O)NCCS(=O)(=O)O)C1CCC2C3C(O)CC4CC(O)CCC4(C)C3CCC12C,3.22124966,0,499.71400000000034,123.93,3.3973000000000013,4,5,7,4
TOX-2391,CN(C)N,2.634606152,0,60.099999999999994,29.259999999999998,-0.5783,1,2,0,0
TOX-2407,CC(C)=O,1.023378668,0,58.080000000000005,17.07,0.5952999999999999,0,1,0,0
TOX-2408,CC(=O)Nc1c(I)cc(I)c(C(=O)O)c1I,1.939481177,0,556.863,66.4,3.157000000000001,2,2,2,1
TOX-2413,Nc1ncnc2c1ncn2C1OC(COP(=O)(O)O)C(O)C1O,2.46123218,0,347.224,186.07,-1.8630000000000009,5,10,4,3
TOX-2414,Nc1ncnc2c1ncn2C1OC(COP(=O)(O)OP(=O)(O)OP(=O)(O)O)C(O)C1O,3.125222431,0,507.1820000000001,279.13,-1.629000000000001,7,14,8,3
TOX-2425,O=C1NC(=O)C(=O)C(=O)N1,2.675171545,0,142.07,92.34,-2.0785,2,4,0,1
TOX-2429,C=CCc1ccccc1OCC(O)CNC(C)C,4.166058816,1,249.35399999999996,41.49,2.1528,2,3,8,1
TOX-2430,O=C(O)CN1C(=O)c2cccc3cccc(c23)C1=O,2.320286189,0,255.22899999999998,74.68,1.5204,1,3,2,3
TOX-2434,Nc1c(Br)cc(Br)cc1CNC1CCC(O)CC1,3.5751723,0,378.10800000000023,58.28,3.1869000000000014,3,3,3,2
TOX-2437,Cc1c(N(C)C)c(=O)n(-c2ccccc2)n1C,3.3726606,0,231.29900000000004,30.17,1.55042,0,4,2,2
TOX-2448,NCCC(O)C(=O)NC1CC(N)C(OC2OC(CN)CCC2N)C(O)C1OC1OC(CO)C(O)C(N)C1O,3.566113568,0,552.6260000000003,297.27,-6.3994000000000035,11,15,10,3
TOX-2457,CCCC1C(=O)N2C(N(C)C)=Nc3ccc(C)cc3N2C1=O,2.627645911,0,300.3620000000001,56.220000000000006,2.0642199999999997,0,4,2,3
TOX-2460,NCC(CC(=O)O)c1ccc(Cl)cc1,3.436406596,0,213.664,63.32000000000001,1.857,2,2,4,1
TOX-2461,CCC1(CC)C(=O)NC(=O)NC1=O,2.81787167,0,184.195,75.27000000000001,0.15879999999999994,2,3,2,1
TOX-2462,COC(=O)C1=C(C)NC(C)=C(C(=O)OC2CCN(Cc3ccccc3)C2)C1c1cccc([N+](=O)[O-])c1,4.983732042,1,491.5440000000002,111.00999999999999,3.8203000000000022,1,8,7,4
TOX-2474,CC#CCC(C)C(O)C=CC1C(O)CC2Oc3c(CCCC(=O)O)cccc3C21,4.489533674,1,398.4990000000002,86.99,3.2859000000000016,3,4,8,3
TOX-2482,COc1ccc(CCNCC(O)COc2cccc(C)c2)cc1OC,4.138438562,1,345.43900000000014,59.95,2.584220000000001,2,5,10,2
TOX-2496,CN(C)CCOC(c1ccccc1)c1ccc(Br)cc1,3.782250579,1,334.257,12.47,4.116700000000003,0,2,6,2
TOX-2498,Cc1nnc2n1-c1sc(Br)cc1C(c1ccccc1Cl)=NC2,4.29219715,1,393.69700000000006,43.07,4.404120000000002,0,5,1,4
TOX-2499,CC(C)(S)C(=O)NC(CS)C(=O)O,2.328793973,0,223.319,66.4,0.19399999999999995,4,4,4,0
TOX-2503,Cc1ccc(Cl)c(OCC(O)CNC(C)(C)C)c1,4.248505184,1,271.788,41.49,2.7762200000000012,2,3,5,1
TOX-2504,CS(=O)(=O)OCCCCOS(C)(=O)=O,5.135714102,1,246.30599999999998,86.74000000000001,-0.2809999999999997,0,6,7,0
TOX-2509,C=C1C(=CC=C2CCCC3(C)C2CCC3C(C)CCCC(C)(C)O)CC(O)CC1O,6.598295364,1,416.6460000000002,60.69,5.704700000000008,3,3,6,3
TOX-2519,CC(=O)OCC1=C(C(=O)O)N2C(=O)C(NC(=O)CC#N)C2SC1,2.038903985,0,339.32900000000006,136.79999999999998,-0.7982199999999984,2,7,5,2
TOX-2521,CC1=C(C(=O)O)N2C(=O)C(NC(=O)C(N)c3ccc(O)cc3)C2SC1,2.560006986,0,363.3950000000001,132.96,0.15050000000000108,4,6,4,3
TOX-2523,C=CC1=C(C(=O)O)N2C(=O)C(NC(=O)C(=NOCC(=O)O)c3csc(N)n3)C2SC1,1.811620386,0,453.45800000000014,184.51,-0.5447999999999991,4,10,8,3
TOX-2536,CN(C)CCN(Cc1ccc(Cl)cc1)c1ccccn1,3.949231653,1,289.81,19.37,3.3032000000000012,0,3,6,2
TOX-2542,CC1(C)CC1C(=O)NC(=CCCCCSCC(N)C(=O)O)C(=O)O,1.852715181,0,358.46000000000004,129.72,1.4326000000000003,4,5,11,1
TOX-2547,C(=Cc1ccccc1)CN1CCN(C(c2ccccc2)c2ccccc2)CC1,4.185930607,1,368.5240000000001,6.48,5.1070000000000055,0,2,6,4
TOX-2550,CCn1nc(C(=O)O)c(=O)c2cc3c(cc21)OCO3,2.483902237,0,262.22099999999995,90.65,0.8432999999999997,1,6,2,3
TOX-2553,CCCC1CC(C(=O)NC(C(C)Cl)C2OC(SC)C(OP(=O)(O)O)C(O)C2O)N(C)C1,3.196025666,0,504.9700000000002,148.79000000000002,0.5065000000000002,5,8,9,2
TOX-2554,CCC(C)(Oc1ccc(C2(c3ccc(OC(C)(CC)C(=O)O)cc3)CCCCC2)cc1)C(=O)O,3.494378361,0,468.59000000000026,93.06000000000002,6.201000000000005,2,4,10,3
TOX-2561,O=C(O)C1N=C(c2ccccc2)c2cc(Cl)ccc2NC1=O,3.051399853,0,314.72800000000007,78.75999999999999,2.5827,2,3,2,3
TOX-2564,CN1CCN(C2=Nc3cc(Cl)ccc3Nc3ccccc32)CC1,3.894338381,1,326.83100000000013,30.869999999999997,3.7227000000000023,1,4,0,4
TOX-2574,NS(=O)(=O)c1cc2c(cc1Cl)NC(CC1CCCC1)NS2(=O)=O,3.426389533,0,379.8910000000002,118.35999999999999,1.5976000000000001,3,5,3,3
TOX-2579,Nc1ccncc1,4.147330606,1,94.11699999999999,38.91,0.6638000000000001,1,2,0,1
TOX-2587,CC(CCC(=O)O)C1CCC2C3CCC4CC(O)CCC4(C)C3CC(O)C12C,3.417496799,0,392.58000000000015,77.76,4.477900000000005,3,3,4,4
TOX-2591,CN(C)CCN1C(=O)c2ccccc2N(C)c2ccccc21,4.127626689,1,295.386,26.79,2.976300000000001,0,3,3,3
TOX-2592,CCCCOc1cc(C(=O)NCCN(CC)CC)c2ccccc2n1,3.81954014,1,343.471,54.46,3.4853000000000023,1,4,10,2
TOX-2594,Oc1ccc(Cl)cc1Cc1cc(Cl)ccc1O,4.197706543,1,269.127,40.46,3.9954000000000023,2,2,2,2
TOX-2604,CCCCCC(O)C=CC1C(O)CC(=O)C1CC=CCCCC(=O)O,3.77226745,1,352.4710000000001,94.83,3.251100000000002,3,4,12,1
TOX-2614,NC(C(=O)O)C(O)c1ccc(O)c(O)c1,4.124387491,1,213.189,124.01000000000002,-0.4569000000000002,5,5,3,1
TOX-2623,CCn1cc(C(=O)O)c(=O)c2cc(F)c(N3CCNCC3)nc21,3.132417717,0,320.324,87.46000000000001,0.6633000000000002,2,6,3,3
TOX-2627,CNCC(O)c1ccc(O)c(O)c1,6.13091903,1,183.207,72.72,0.35060000000000013,4,4,3,1
TOX-2645,CCOc1ccc2c3c1OC1C(O)C=CC4C(C2)N(C)CCC341,3.703381245,1,313.3970000000001,41.93,1.8911999999999998,1,4,2,5
TOX-2646,O=C(OCCOCCO)c1ccccc1Nc1cccc(C(F)(F)F)c1,3.424197218,0,369.33900000000006,67.79,3.614700000000002,2,5,8,2
TOX-2657,CCNC1C2CCC(C2)C1c1ccccc1,3.961728777,1,215.34000000000003,12.03,3.178200000000002,1,1,3,3
TOX-2659,O=C(O)Cc1csc(-c2ccc(Cl)cc2)n1,2.925993134,0,253.71,50.19,3.090600000000001,1,3,3,2
TOX-2662,NC(=O)C1CC2(NC(=O)NC2=O)c2cc(F)ccc2O1,2.44571709,0,279.22700000000003,110.52,-0.5031999999999992,3,4,1,3
TOX-2664,O=C(OCC(O)CO)c1ccccc1Nc1ccnc2c(C(F)(F)F)cccc12,3.404485275,0,406.36000000000007,91.68,3.507200000000001,3,6,6,3
TOX-2670,O=C(O)c1ccccc1Nc1cccc(C(F)(F)F)c1,3.457587431,0,281.23299999999995,49.33,4.1472000000000016,2,2,3,2
TOX-2677,OCCN1CCN(CCC=C2c3ccccc3Sc3ccc(C(F)(F)F)cc32)CC1,4.069479041,1,434.52700000000016,26.71,4.601700000000005,1,4,5,4
TOX-2688,NS(=O)(=O)c1cc(C(=O)O)c(NCc2ccco2)cc1Cl,2.615445931,0,330.749,122.63000000000001,1.8907,3,5,5,2
TOX-2707,Cc1ccc(S(=O)(=O)NC(=O)NN2CC3CCCC3C2)cc1,2.927338576,0,323.4180000000001,78.50999999999999,1.6298199999999994,2,4,3,3
TOX-2711,Cc1cc(C(=O)NCCc2ccc(S(=O)(=O)NC(=O)NN3CCCCCC3)cc2)no1,3.360189734,0,449.53300000000036,133.64,1.734419999999999,3,7,7,3
TOX-2714,NCC(=O)O,1.460255983,0,75.067,63.32000000000001,-0.9702999999999999,2,2,1,0
TOX-2715,COCCOc1cnc(NS(=O)(=O)c2ccccc2)nc1,2.189048385,0,309.34700000000004,90.41000000000001,1.3026,1,6,7,2
TOX-2717,COC1=CC(=O)CC(C)C12Oc1c(Cl)c(OC)cc(OC)c1C2=O,2.944533783,0,352.7700000000001,71.06,2.8103000000000007,0,6,3,3
TOX-2718,O=C(CCCN1CCC(O)(c2ccc(Cl)cc2)CC1)c1ccc(F)cc1,4.398068765,1,375.87100000000015,40.540000000000006,4.425600000000004,1,3,6,3
TOX-2723,CC1(C)SC2C(N3C(=O)C(c4ccccc4)NC3(C)C)C(=O)N2C1C(=O)O,2.443953227,0,389.4770000000002,89.95,1.4111,2,5,3,4
TOX-2740,CC(C)C(=O)c1c(C(C)C)nn2ccccc12,3.733608675,1,230.311,34.370000000000005,3.296400000000002,0,3,3,2
TOX-2753,CN(C(=O)CO)c1c(I)c(C(=O)NCC(O)CO)c(I)c(C(=O)NCC(O)CO)c1I,1.734996723,0,777.0880000000001,179.66,-1.3784999999999996,7,8,10,1
TOX-2759,CNC1C(O)C(OC2C(NC(=O)C(O)CN)CC(N)C(OC3OC(CN)C(O)C(O)C3O)C2O)OCC1(C)O,3.077734091,0,569.6090000000002,297.72,-7.524400000000007,12,16,9,3
TOX-2761,O=[N+]([O-])OC1COC2C(O[N+](=O)[O-])COC12,3.770896298,1,236.13599999999997,123.20000000000003,-1.0621999999999998,0,8,4,2
TOX-2767,CC(=O)CCC1C(=O)N(c2ccccc2)N(c2ccccc2)C1=O,2.8301635,0,322.3640000000001,57.690000000000005,2.966800000000001,0,3,5,3
TOX-2769,CC(=O)N1CCN(c2ccc(OCC3COC(Cn4ccnc4)(c4ccc(Cl)cc4Cl)O3)cc2)CC1,3.789931988,1,531.4399999999999,69.06,4.205800000000003,0,7,7,5
TOX-2774,CC(C)OC(=O)CCCC=CCC1C(O)CC(O)C1CCC(O)CCc1ccccc1,5.33474376,1,432.6010000000002,86.99000000000001,4.1864000000000035,3,5,13,2
TOX-2776,NC(CS)C(=O)O,2.025954983,0,121.16099999999997,63.32000000000001,-0.6719000000000002,3,3,2,0
TOX-2781,CC(N)C(O)c1ccc(O)c(O)c1,4.359590148,1,183.207,86.71000000000001,0.4784,4,4,2,1
TOX-2782,CN1CCC23CCCCC2C1Cc1ccc(O)cc13,4.088026272,1,257.377,23.47,3.080400000000002,1,2,0,4
TOX-2784,NC(Cc1cnc[nH]1)C(=O)O,1.889515919,0,155.15699999999998,92.0,-0.6359000000000001,3,3,3,1
TOX-2789,NCCCCC(NC(CCc1ccccc1)C(=O)O)C(=O)N1CCCC1C(=O)O,1.891689002,0,405.49500000000023,132.95999999999998,1.2352000000000007,4,5,12,2
TOX-2793,O=C(O)Cc1cn(-c2ccccc2)nc1-c1ccc(Cl)cc1,3.24635173,0,312.75600000000003,55.12,3.8198000000000025,1,3,4,3
TOX-2801,CC(C(=O)O)c1ccc(CC2CCCC2=O)cc1,3.200835659,0,246.30599999999993,54.37,2.7864000000000013,1,2,4,2
TOX-2814,NCc1ccc(S(N)(=O)=O)cc1,2.201449164,0,186.236,86.18,-0.20729999999999998,2,3,2,1
TOX-2826,CN1CCCC(CN2c3ccccc3Sc3ccccc32)C1,4.19049475,1,310.4660000000001,6.48,4.631100000000004,0,3,2,4
TOX-2827,CNC(C)(C)Cc1ccccc1,4.098617362,1,163.264,12.03,2.2271,1,1,3,1
TOX-2831,COc1cc(CCN)cc(OC)c1OC,3.128633516,0,211.261,53.71000000000001,1.2136000000000002,1,4,5,1
TOX-2835,C1N2CN3CN1CN(C2)C3,1.182669515,0,140.19,12.96,-1.0197999999999992,0,4,0,4
TOX-2837,CN(Cc1cnc2nc(N)nc(N)c2n1)c1ccc(C(=O)NC(CCC(=O)O)C(=O)O)cc1,4.511136584,1,454.44700000000023,210.53999999999996,0.2684000000000012,5,10,9,3
TOX-2844,Cc1cc2c(cc1S(N)(=O)=O)S(=O)(=O)CCC2,2.791098294,0,275.35100000000006,94.30000000000001,0.36232000000000025,1,4,1,2
TOX-2845,CN1CCCC(CC2c3ccccc3Sc3ccccc32)C1,4.109934331,1,309.47800000000007,3.24,5.015000000000005,0,2,2,4
TOX-2863,COc1c(C)c2c(c(O)c1CC=C(C)CCC(=O)O)C(=O)OC2,2.852164007,0,320.341,93.06000000000002,2.73322,2,5,6,2
TOX-2867,CCn1cc(C(=O)O)c(=O)c2ccc(C)nc21,2.301205525,0,232.23899999999998,72.19,1.4230200000000002,1,4,2,2
TOX-2868,C=CCN1CCC23c4c5ccc(O)c4OC2C(O)C=CC3C1C5,3.138837859,0,311.3810000000001,52.93000000000001,1.7542999999999997,2,4,2,5
TOX-2870,c1ccc2c(CC3=NCCN3)cccc2c1,4.544327904,1,210.28000000000003,24.39,2.3840000000000003,1,2,2,3
TOX-2871,CC1CC=CC=CC=CC=CC(OC2OC(C)C(O)C(N)C2O)CC2OC(O)(CC(O)CC3OC3C=CC(=O)O1)CC(O)C2C(=O)O,4.266739645,1,665.7330000000004,230.98999999999995,0.11970000000000325,7,13,3,4
TOX-2876,COC12CC(COC(=O)c3cncc(Br)c3)CN(C)C1Cc1cn(C)c3cccc2c13,4.06079653,1,484.39400000000023,56.59,3.9109000000000034,0,6,4,5
TOX-2896,CN(C)CCON=C1c2ccccc2CCc2ccccc21,4.389418928,1,294.398,24.83,3.115800000000002,0,3,4,3
TOX-2901,CC1OC(OC2CC(O)C3(CO)C4C(O)CC5(C)C(C6=CC(=O)OC6)CCC5(O)C4CCC3(O)C2)C(O)C(O)C1O,4.620464966,1,584.6590000000006,206.59999999999997,-1.5149999999999972,8,12,4,6
TOX-2905,CN(C(=O)CN(CCO)CC(=O)N(C)C(C)(C)Cc1ccccc1)C(C)(C)Cc1ccccc1,5.523531644,1,467.6540000000002,64.09,3.2401000000000018,1,4,12,2
TOX-2907,CCCCC1C(=O)N(c2ccccc2)N(c2ccc(O)cc2)C1=O,3.678206844,1,324.38000000000005,60.85,3.493400000000002,1,3,5,3
TOX-2914,C#CCN(C)Cc1ccccc1,2.958650686,0,159.232,3.24,1.7516,0,1,3,1
TOX-2916,CC1COc2c(C3(N)CC3)c(F)cc3c(=O)c(C(=O)O)cn1c23,2.969816912,0,318.30400000000003,94.55000000000001,1.7400000000000002,2,5,2,4
TOX-2921,CSCCC(NC(=O)C(Cc1c[nH]c2ccccc12)NC(=O)CCNC(=O)OC(C)(C)C)C(=O)NC(CC(=O)O)C(=O)NC(Cc1ccccc1)C(N)=O,4.186016273,1,767.9060000000002,250.91,1.5202000000000044,8,9,20,3
TOX-2923,C1CCc2nnnn2CC1,3.486964006,0,138.174,43.6,0.39949999999999997,0,4,0,2
TOX-2926,OCCN1CCN(CCCN2c3ccccc3Sc3ccc(Cl)cc32)CC1,4.073963568,1,403.9790000000002,29.950000000000003,3.942700000000003,1,5,6,4
TOX-2930,CCC1(c2ccccc2)C(=O)NC(=O)NC1=O,3.246051325,0,232.23899999999995,75.27000000000001,0.7004,2,3,2,2
TOX-2934,CNCC(O)c1cccc(O)c1,5.579530593,1,167.20799999999997,52.489999999999995,0.645,3,3,3,1
TOX-2939,O=C(OCCOCCN1CCCCC1)N1c2ccccc2Sc2cccnc21,4.370717294,1,399.516,54.900000000000006,4.323400000000004,0,6,6,4
TOX-2941,C1CNCCN1,1.807809566,0,86.138,24.06,-0.8208,2,2,0,1
TOX-2945,CC(C)(C)C(=O)OCOC(=O)C1N2C(=O)C(NC(=O)C(N)c3ccccc3)C2SC1(C)C,3.498502972,0,463.55600000000015,128.03,1.3235000000000015,2,8,6,3
TOX-2947,CN1CCC(=C2c3ccccc3CCc3sccc32)CC1,4.239653346,1,295.4510000000001,3.24,4.374200000000004,0,2,0,4
TOX-2948,COc1cc(C2c3cc4c(cc3C(O)C3COC(=O)C23)OCO4)cc(OC)c1OC,4.677629459,1,414.41000000000025,92.68,2.4092000000000002,1,8,4,5
TOX-2952,CC(=O)Nc1ccc(OCC(O)CNC(C)C)cc1,3.311206031,0,266.34099999999995,70.59,1.3826999999999992,3,4,7,1
TOX-2960,CC12C=CC(=O)C=C1CCC1C2C(O)CC2(C)C1CCC2(O)C(=O)CO,3.477415083,0,360.4500000000002,94.83,1.5575999999999999,3,5,2,4
TOX-2965,CC(Cc1ccccc1)NCCC(c1ccccc1)c1ccccc1,4.476068937,1,329.487,12.03,5.4294000000000056,1,1,8,3
TOX-2973,Cc1ncc(CO)c(C=O)c1O,2.717728323,0,167.164,70.42,0.40041999999999983,2,4,2,1
TOX-2975,Cc1ncc(CSSCc2cnc(C)c(O)c2CO)c(CO)c1O,3.088805003,0,368.48000000000013,106.70000000000002,2.5708400000000013,4,8,7,2
TOX-2982,CCOC(=O)C(CCc1ccccc1)NC(C)C(=O)N1C(C(=O)O)CC2CCCC21,2.841202068,0,416.5180000000003,95.94000000000001,2.3831999999999995,2,5,9,3
TOX-3023,NCCCNCCCCNCCCN,3.492914493,0,202.34599999999995,76.1,-0.35659999999999775,4,4,11,0
TOX-3029,CC1(C)C(C(=O)O)N2C(=O)CC2S1(=O)=O,1.554518585,0,233.24499999999998,91.75,-0.794999999999999,1,4,1,2
TOX-3036,CCc1nnc(NS(=O)(=O)c2ccc(N)cc2)s1,2.339384485,0,284.366,97.97,1.4835,2,6,4,2
TOX-3037,Cc1ccnc(NS(=O)(=O)c2ccc(N)cc2)n1,2.38032325,0,264.31,97.97,1.16802,2,5,3,2
TOX-3038,COc1cnc(NS(=O)(=O)c2ccc(N)cc2)nc1,2.407663582,0,280.30899999999997,107.19999999999999,0.8681999999999999,2,6,4,2
TOX-3041,COc1nccnc1NS(=O)(=O)c1ccc(N)cc1,2.194401174,0,280.30899999999997,107.2,0.8681999999999999,2,6,4,2
TOX-3043,Nc1ccc(S(=O)(=O)Nc2ccnn2-c2ccccc2)cc1,2.776844718,0,314.37000000000006,90.00999999999999,2.2553,2,5,4,3
TOX-3044,O=C(O)c1cc(N=Nc2ccc(S(=O)(=O)Nc3ccccn3)cc2)ccc1O,2.418114214,0,398.4000000000001,141.31,3.7016000000000013,3,7,6,3
TOX-3045,Nc1ccc(S(=O)(=O)Nc2nccs2)cc1,2.269883631,0,255.32400000000004,85.08,1.5261,2,5,3,2
TOX-3049,CCCCCCCCNC(C)C(O)c1ccc(SC(C)C)cc1,4.598490489,1,337.5730000000001,32.26,5.559100000000006,2,3,12,1
TOX-3052,CC(C(=O)O)c1ccc(C(=O)c2cccs2)cc1,3.060956286,0,260.31399999999996,54.37,3.167200000000001,1,3,4,2
TOX-3053,CCCCC1(COC(=O)CCC(=O)O)C(=O)N(c2ccccc2)N(c2ccccc2)C1=O,3.157331998,0,438.4800000000001,104.22,3.5660000000000025,1,5,10,3
TOX-3060,CC1(Cn2ccnn2)C(C(=O)O)N2C(=O)CC2S1(=O)=O,1.778236415,0,300.296,122.45999999999998,-1.523199999999998,1,7,3,3
TOX-3075,c1ccc2[nH]c(-c3cscn3)nc2c1,3.048010109,0,201.254,41.57,2.6864,1,3,1,3
TOX-3076,CS(=O)(=O)c1ccc(C(O)C(CO)NC(=O)C(Cl)Cl)cc1,3.020067444,0,356.227,103.70000000000002,0.40430000000000005,3,5,6,1
TOX-3077,C=CCC1(C(C)CCC)C(=O)NC(=S)NC1=O,3.697458235,1,254.355,58.2,1.5159999999999998,2,3,5,1
TOX-3078,CN1CCN(CCCN2c3ccccc3Sc3ccc(S(=O)(=O)N(C)C)cc32)CC1,4.251611922,1,446.6420000000003,47.1,3.177100000000001,0,6,6,4
TOX-3087,NCC1OC(OC2C(N)CC(N)C(OC3OC(CO)C(O)C(N)C3O)C2O)C(N)CC1O,3.652543034,1,467.52000000000015,268.17,-6.295799999999999,10,14,6,3
TOX-3094,Cc1cccc(Nc2ccncc2S(=O)(=O)NC(=O)NC(C)C)c1,2.842800873,0,348.4280000000001,100.19,2.5299199999999997,3,5,5,2
TOX-3120,CCOc1ccccc1OCC1CNCCO1,3.596863615,0,237.29899999999992,39.72,1.4525,1,4,5,2
TOX-3121,CCC1(O)CC2CN(CCc3c([nH]c4ccccc34)C(C(=O)OC)(c3cc4c(cc3OC)N(C)C3C(O)(C(N)=O)C(O)C5(CC)C=CCN6CCC43C65)C2)C1,5.593753856,1,753.9409999999998,164.82,2.732400000000003,5,10,6,9
TOX-3125,OCC(CO)NC1CC(O)(CO)C(O)C(O)C1O,1.627381794,0,267.278,153.64,-4.492399999999994,8,8,5,1
TOX-3134,CN(C)CC=C(c1ccc(Br)cc1)c1cccnc1,3.819862064,1,317.22999999999996,16.130000000000003,3.8374000000000024,0,2,4,2
TOX-3138,OCCN1CCN(CCC=C2c3ccccc3Sc3ccc(Cl)cc32)CC1,3.505272287,0,400.9750000000002,26.71,4.2363000000000035,1,4,5,4
TOX-3146,Cc1ccccc1,1.671831879,0,92.14099999999999,0.0,1.99502,0,0,0,1
TOX-3148,O=CCCCC=O,4.00898855,1,100.11699999999999,34.14,0.5545,0,2,4,0
TOX-3184,CCCC(CCC)C(=O)O,2.45200354,0,144.214,37.3,2.2874,1,1,5,0
TOX-3201,O=C(O)c1cc(=O)c2c(OCC(O)COc3cccc4oc(C(=O)O)cc(=O)c34)cccc2o1,2.068222314,0,468.37000000000023,173.70999999999998,2.1145,3,9,8,4
TOX-3203,O=C(O)Cc1ccccc1Nc1c(Cl)cccc1Cl,3.401738445,0,296.153,49.33,4.364100000000001,2,2,4,2
TOX-3243,NCCC(O)(P(=O)(O)O)P(=O)(O)O,3.672097997,1,235.069,161.30999999999997,-1.6633000000000002,6,4,4,0
TOX-3268,CCCCN1CCCCC1C(=O)Nc1c(C)cccc1C,4.711477955,1,288.43500000000006,32.34,3.8965400000000026,1,2,5,2
TOX-3280,COC(=O)C(c1ccccc1)C1CCCCN1,3.677515974,1,233.31099999999995,38.33,2.0852999999999997,1,3,3,2
TOX-3295,CCCCC1C(=O)N(c2ccccc2)N(c2ccccc2)C1=O,3.471046093,0,308.3810000000001,40.620000000000005,3.7878000000000025,0,2,5,3
TOX-3302,CCCCc1oc2ccccc2c1C(=O)c1cc(I)c(OCCN(CC)CC)c(I)c1,3.579139531,0,645.3190000000002,42.68,6.936200000000007,0,4,11,3
TOX-3309,COc1ccc2c(c1)c(CC(=O)O)c(C)n2C(=O)c1ccc(Cl)cc1,4.217364311,1,357.793,68.53,3.9273200000000026,1,4,4,3
TOX-3341,Clc1ccccc1CN1CCc2sccc2C1,3.5749346,0,263.793,3.24,3.959800000000002,0,2,2,3
TOX-3390,O=C(O)CCc1nc(-c2ccccc2)c(-c2ccccc2)o1,3.553242236,0,293.32200000000006,63.33,4.025800000000003,1,3,5,3
TOX-3403,O=C(O)P(=O)(O)O,2.401282685,0,126.00399999999998,94.83,-0.1579000000000001,3,2,1,0
TOX-3415,CC=CCC(C)C(O)C1C(=O)NC(CC)C(=O)N(C)CC(=O)N(C)C(CC(C)C)C(=O)NC(C(C)C)C(=O)N(C)C(CC(C)C)C(=O)NC(C)C(=O)NC(C)C(=O)N(C)C(CC(C)C)C(=O)N(C)C(CC(C)C)C(=O)N(C)C(C(C)C)C(=O)N1C,4.699648546,1,1202.634999999999,278.8,3.2690000000000046,5,12,15,1
TOX-3416,Fc1ccc(C2CCNCC2COc2ccc3c(c2)OCO3)cc1,4.040224765,1,329.3710000000001,39.72,3.326500000000002,1,4,4,4
TOX-3422,CCC1OC(=O)C(C)C(OC2CC(C)(OC)C(O)C(C)O2)C(C)C(OC2OC(C)CC(N(C)C)C2O)C(C)(O)CC(C)C(=O)C(C)C(O)C1(C)O,3.65342406,1,733.9370000000002,193.91,1.785600000000004,5,14,7,3
TOX-3424,CCN(CC)CC#CCOC(=O)C(O)(c1ccccc1)C1CCCCC1,3.767611278,1,357.4940000000002,49.769999999999996,3.342900000000002,1,4,7,2
TOX-3425,Cc1cn(C2C=CC(CO)O2)c(=O)[nH]c1=O,2.271232903,0,224.21599999999998,84.32,-0.7090799999999999,2,5,2,2
TOX-3428,C=CCC1C=C(C)CC(C)CC(OC)C2OC(O)(C(=O)C(=O)N3CCCCC3C(=O)OC(C(C)=CC3CCC(O)C(OC)C3)C(C)C(O)CC1=O)C(C)CC2OC,4.532080881,1,804.0310000000001,178.35999999999996,4.639000000000004,3,12,7,4
TOX-3429,CC(C)(C)NCC(O)c1ccc(O)c(CO)c1,3.622047243,1,239.315,72.72,1.3059999999999998,4,4,4,1
TOX-3430,Cc1c(-c2ccccc2)oc2c(C(=O)OCCN3CCCCC3)cccc2c1=O,4.194398202,1,391.46700000000016,59.75,4.411120000000004,0,5,5,4
TOX-3433,NCC(O)c1ccc(O)c(O)c1,6.114133201,1,169.17999999999998,86.71000000000001,0.08989999999999998,4,4,2,1
TOX-3437,CN(C)CCOC(c1ccccc1)c1ccccc1,3.823176573,1,255.36100000000002,12.47,3.3542000000000023,0,2,6,2
TOX-3441,OCCOCCN1CCN(C(c2ccccc2)c2ccc(Cl)cc2)CC1,3.856059311,1,374.91200000000015,35.940000000000005,3.055900000000001,1,4,8,3
TOX-3443,CCOc1ccccc1OCCNC(C)Cc1ccc(OC)c(S(N)(=O)=O)c1,3.765766318,1,408.5200000000001,99.88,2.3409000000000004,2,6,11,2
TOX-3447,CN(CC=CC#CC(C)(C)C)Cc1cccc2ccccc12,3.135866458,0,291.438,3.24,4.877300000000004,0,1,4,2
TOX-3448,Nc1ccn(C2OC(CO)C(O)C2O)c(=O)n1,1.686787301,0,243.21900000000002,130.82999999999998,-2.563,4,8,2,2
TOX-3449,CCC(CO)NCCNC(CC)CO,2.832908484,0,204.314,64.52,-0.292599999999999,4,4,9,0
TOX-3450,COc1ccc(CCN(C)CCCC(C#N)(c2ccc(OC)c(OC)c2)C(C)C)cc1OC,4.625108149,1,454.6110000000002,63.95,5.093080000000005,0,6,13,2
TOX-3453,COCCc1ccc(OCC(O)CNC(C)C)cc1,3.570095271,0,267.36899999999997,50.72,1.6132,2,4,9,1
TOX-3455,CNC(CC(C)C)C(=O)NC1C(=O)NC(CC(N)=O)C(=O)NC2C(=O)NC3C(=O)NC(C(=O)NC(C(=O)O)c4cc(O)cc(O)c4-c4cc3ccc4O)C(O)c3ccc(c(Cl)c3)Oc3cc2cc(c3OC2OC(CO)C(O)C(O)C2OC2CC(C)(N)C(O)C(C)O2)Oc2ccc(cc2Cl)C1O,3.656828223,1,1449.2710000000004,530.4900000000002,0.10620000000000512,19,25,13,12
TOX-3457,O=C(O)c1cn(C2CC2)c2cc(N3CCNCC3)c(F)cc2c1=O,3.150324612,0,331.34700000000004,74.57,1.5833,2,5,3,4
TOX-3459,NCCO,2.433551251,0,61.083999999999996,46.25,-1.0626000000000002,2,2,1,0
TOX-3460,CC(C)(S)C(N)C(=O)O,1.872319596,0,149.215,63.32000000000001,0.10669999999999985,3,3,2,0
TOX-3462,CN1C2CCC1CC(OC(=O)C(CO)c1ccccc1)C2,3.597789542,0,289.37500000000006,49.769999999999996,1.9308999999999996,1,4,4,3
TOX-3466,O=c1n(CCCN2CCN(c3cccc(Cl)c3)CC2)nc2ccccn12,3.610476881,1,371.8720000000001,45.78,2.3617,0,6,5,4
TOX-3467,CC(O)(P(=O)(O)O)P(=O)(O)O,3.769739143,1,206.027,135.29000000000002,-0.9922000000000002,5,3,2,0
TOX-3468,CC(C)NCC(O)c1ccc(O)c(O)c1,4.033090648,1,211.261,72.72,1.1291999999999998,4,4,4,1
TOX-3475,CCn1cc(C(=O)O)c(=O)c2cc(F)c(N3CCNC(C)C3)c(F)c21,3.029609486,0,351.353,74.57000000000001,1.7959,2,5,3,3
TOX-3477,CC1(C)SC2C(NC(=O)C(NC(=O)N3CCN(S(C)(=O)=O)C3=O)c3ccccc3)C(=O)N2C1C(=O)O,2.310729131,0,539.5920000000003,173.49999999999997,-0.23379999999999784,3,8,6,4
TOX-3486,Nc1ccc(C(=O)O)cc1,1.695956267,0,137.138,63.32000000000001,0.9670000000000001,2,2,1,1
TOX-3490,CN(C)C(=O)C(CCN1CCC(O)(c2ccc(Cl)cc2)CC1)(c1ccccc1)c1ccccc1,4.859009515,1,477.0480000000002,43.78,5.088000000000005,1,3,7,4
TOX-3493,COc1ccc(OC)c(C(O)CNC(=O)CN)c1,4.144989083,1,254.28599999999997,93.80999999999999,-0.18789999999999946,3,5,6,1
TOX-3494,Cc1ccccc1C(OCCN(C)C)c1ccccc1,3.990687465,1,269.388,12.47,3.662620000000003,0,2,6,2
TOX-3495,CCCNCC(O)COc1ccccc1C(=O)CCc1ccccc1,4.258914892,1,341.4510000000001,58.559999999999995,3.2414000000000023,2,4,11,2
TOX-3501,CC(=O)OCC1=C(C(=O)O)N2C(=O)C(NC(=O)Cc3cccs3)C2SC1,1.866012886,0,396.4460000000001,113.00999999999999,0.5923000000000007,2,7,6,3
TOX-3502,CCC(CO)NC(=O)C1C=C2c3cccc4[nH]cc(c34)CC2N(C)C1,4.168771093,1,339.4390000000002,68.36,1.9247,3,3,4,4
TOX-3508,C#CCN(C)C(C)Cc1ccccc1,3.430295456,0,187.286,3.24,2.1826,0,1,4,1
TOX-3509,CC(CCC(=O)O)C1CCC2C3C(O)CC4CC(O)CCC4(C)C3CCC12C,3.421365538,0,392.5800000000002,77.76,4.477900000000004,3,3,4,4
TOX-3511,CCOC(=O)Nc1ccc2c(c1)N(C(=O)CCN1CCOCC1)c1ccccc1S2,4.589220825,1,427.52600000000024,71.11,4.106600000000004,1,6,5,4
TOX-3512,NCCC(O)C(=O)NC1CC(N)C(OC2OC(CN)C(O)C(O)C2O)C(O)C1OC1OC(CO)C(O)C(N)C1O,3.398158016,0,585.6080000000002,331.93999999999994,-8.424200000000015,13,17,10,3
TOX-3513,COc1ccc(C2Sc3ccccc3N(CCN(C)C)C(=O)C2OC(C)=O)cc1,4.037414237,1,414.52700000000016,59.080000000000005,3.368500000000002,0,6,6,3
TOX-3514,CCOC(=O)C(CCc1ccccc1)NC(C)C(=O)N1Cc2ccccc2CC1C(=O)O,3.612327699,1,438.5240000000003,95.94000000000001,2.5671,2,5,9,3
TOX-3521,CCC(C)C1NC(=O)C(Cc2ccc(O)cc2)NC(=O)C(N)CSSCC(C(=O)N2CCCC2C(=O)NC(CC(C)C)C(=O)NCC(N)=O)NC(=O)C(CC(N)=O)NC(=O)C(CCC(N)=O)NC1=O,5.645807977,1,1007.2069999999995,399.5299999999999,-3.6086000000000125,12,15,17,3
TOX-3523,Cn1nnnc1SCC1=C(C(=O)O)N2C(=O)C(NC(=O)C(O)c3ccccc3)C2SC1,2.020288919,0,462.5130000000001,150.54,-0.2255999999999989,3,10,7,4
TOX-3529,CN1CCC23c4c5ccc(O)c4OC2C(O)C=CC3C1C5,3.170370416,0,285.343,52.93000000000001,1.1981,2,4,0,5
TOX-3534,COC(=O)C1=C(C)NC(C)=C(C(=O)OCCN(C)Cc2ccccc2)C1c1cccc([N+](=O)[O-])c1,4.549444952,1,479.5330000000002,111.00999999999999,3.677800000000002,1,8,9,3
TOX-3535,COC1(NC(=O)Cc2cccs2)C(=O)N2C(C(=O)O)=C(COC(N)=O)CSC21,1.696951606,0,427.4600000000002,148.26000000000002,0.09859999999999991,3,8,7,3
TOX-3536,COc1ccc2c3c1OC1C(O)C=CC4C(C2)N(C)CCC341,3.684367704,1,299.3700000000001,41.93,1.5010999999999999,1,4,1,5
TOX-3562,O=C(O)CCCCC1CCSS1,3.058753819,0,206.332,37.3,2.7851000000000017,1,3,5,1
TOX-3575,C1CCN2CC3CC(CN4CCCCC34)C2C1,3.886744077,1,234.38699999999992,6.48,2.3451000000000004,0,2,0,4
TOX-3606,Oc1cc(O)c2c(c1)OC(c1ccc(O)c(O)c1)C(O)C2,3.462517843,0,290.271,110.38000000000001,1.5460999999999998,5,6,1,3
TOX-3856,CCCC(=O)Nc1ccc(OCC(O)CNC(C)C)c(C(C)=O)c1,3.513808134,0,336.4320000000001,87.66,2.3655,3,5,10,1
TOX-3860,CC1(C)SC2C(NC(=O)C(NC(=O)N3CCNC3=O)c3ccccc3)C(=O)N2C1C(=O)O,2.410249591,0,461.50000000000017,148.14999999999998,0.0942000000000009,4,6,5,4
TOX-3863,Cn1c(CCCC(=O)O)nc2cc(N(CCCl)CCCl)ccc21,3.950693598,1,358.26900000000006,58.36000000000001,3.2646000000000024,1,4,9,2
TOX-3864,CC(C)COCC(CN(Cc1ccccc1)c1ccccc1)N1CCCC1,4.235476383,1,366.5490000000002,15.71,4.830200000000005,0,3,10,3
TOX-3867,CCCC(=O)Nc1ncnc2c1ncn2C1OC2COP(=O)(O)OC2C1OC(=O)CCC,3.02001265,0,469.3910000000003,163.98999999999998,1.6899999999999993,2,11,7,4
TOX-3872,CC1(C)SC2C(NC(=O)C(C(=O)O)c3ccccc3)C(=O)N2C1C(=O)O,1.745091507,0,378.4060000000001,124.01,0.4864999999999999,3,5,5,3
TOX-3873,COc1ccccc1OCCNCC(O)COc1cccc2[nH]c3ccccc3c12,4.210769193,1,406.482,75.74000000000001,3.738000000000002,3,5,10,4
TOX-3874,Cc1nnc(SCC2=C(C(=O)O)N3C(=O)C(NC(=O)Cn4cnnn4)C3SC2)s1,2.216193636,0,454.5190000000002,156.08999999999997,-0.6360799999999995,2,12,7,4
TOX-3875,CON=C(C(=O)NC1C(=O)N2C(C(=O)O)=C(COC(C)=O)CSC12)c1csc(N)n1,1.812942912,0,455.47400000000016,173.51,-0.6224999999999987,3,11,7,3
TOX-3883,O=C(O)C1C(=CCO)OC2CC(=O)N21,2.785744738,0,199.16199999999998,87.07000000000001,-1.0956,2,4,2,2
TOX-3888,COc1cccc2c1C(=O)c1c(O)c3c(c(O)c1C2=O)CC(O)(C(C)=O)CC3OC1CC(N)C(O)C(C)O1,4.587339933,1,527.5260000000003,185.84,1.0288999999999997,5,11,4,5
TOX-3894,CCN(CC)C(=O)N1CCN(C)CC1,3.123146744,0,199.29799999999994,26.790000000000006,0.6956,0,2,2,1
TOX-3895,CCCCC(CC)COC(=O)c1ccccc1C(=O)OCC(CC)CCCC,3.193392931,0,390.5640000000003,52.60000000000001,6.433000000000007,0,4,14,1
TOX-3898,OCCN(CCO)c1nc(N2CCCCC2)c2nc(N(CCO)CCO)nc(N3CCCCC3)c2n1,3.412700197,0,504.6360000000004,145.44,-0.017599999999997396,4,12,12,4
TOX-3899,Cc1c(N(C)CS(=O)(=O)O)c(=O)n(-c2ccccc2)n1C,2.154041041,0,311.36300000000006,84.54000000000002,0.7659199999999997,1,6,4,2
TOX-3906,OCCO,1.279417649,0,62.068000000000005,40.46,-1.0290000000000001,2,2,1,0
TOX-3909,O=S(=O)(c1cccc2cnccc12)N1CCCNCC1,3.686630515,1,291.37600000000003,62.300000000000004,1.2187999999999999,1,4,2,3
TOX-3923,CC(O)C(=O)Nc1c(I)c(C(=O)NC(CO)CO)c(I)c(C(=O)NC(CO)CO)c1I,1.547042358,0,777.0880000000001,188.45,-1.0143000000000004,8,8,10,1
TOX-3924,CCc1c2c(nc3ccc(OC(=O)N4CCC(N5CCCCC5)CC4)cc13)-c1cc3c(c(=O)n1C2)COC(=O)C3(O)CC,3.845890018,1,586.6890000000004,114.2,4.0911000000000035,1,9,4,7
TOX-3927,CC(O)C(=O)O,1.954385779,0,90.07799999999999,57.53,-0.5482,2,2,1,0
TOX-3928,OCC1OC(OC2C(CO)OC(O)(CO)C2O)C(O)C(O)C1O,1.403836079,0,342.29699999999997,189.52999999999997,-5.395599999999993,8,11,5,2
TOX-3930,c1ccc(C2CN3CCSC3=N2)cc1,3.918002071,1,204.298,15.6,2.1460999999999997,0,3,1,3
TOX-3935,CCC(=O)C(CC(C)N(C)C)(c1ccccc1)c1ccccc1,4.474802486,1,309.45300000000003,20.310000000000002,4.292000000000004,0,2,7,2
TOX-3936,CNC(C)Cc1ccccc1,4.059614223,1,149.237,12.03,1.837,1,1,3,1
TOX-3939,CCN(CC)CCNC(=O)c1cc(Cl)c(N)cc1OC,3.801817917,1,299.8020000000001,67.59,2.0023999999999997,2,4,7,1
TOX-3942,COC12C(COC(N)=O)C3=C(C(=O)C(C)=C(N)C3=O)N1CC1NC12,5.04679385,1,334.33200000000005,146.89000000000001,-1.6511999999999971,3,8,3,4
TOX-3946,COC1(NC(=O)C(C(=O)O)c2ccc(O)cc2)C(=O)N2C(C(=O)O)=C(CSc3nnnn3C)COC21,1.975708517,0,520.4800000000004,206.29999999999998,-1.127699999999999,4,12,9,4
TOX-3947,CC(c1ccc(Cl)c(Cl)c1)N1N=C(N)CC1=O,3.088629733,0,272.13500000000005,58.69,2.5589000000000013,1,3,2,2
TOX-3948,CN1CCCC1c1cccnc1,4.762683103,1,162.236,16.130000000000003,1.8483,0,2,1,2
TOX-3952,NC1CCCCC1N,3.655952459,1,114.19200000000001,52.04,0.21499999999999997,2,2,0,1
TOX-3954,CCCC(NC(C)C(=O)N1C(C(=O)O)CC2CCCCC21)C(=O)OCC,3.056887326,0,368.47400000000016,95.94000000000001,1.940599999999999,2,5,8,2
TOX-3956,O=S(=O)(O)Oc1ccc(C(c2ccc(OS(=O)(=O)O)cc2)c2ccccn2)cc1,2.479187829,0,437.4510000000001,140.09,2.625000000000001,2,7,7,3
TOX-3957,CCn1cc(C(=O)O)c(=O)c2cnc(N3CCNCC3)nc21,2.746109885,0,303.32200000000006,100.35,-0.08079999999999998,2,7,3,3
TOX-3961,COc1cc2nc(N3CCN(C(=O)c4ccco4)CC3)nc(N)c2cc1OC,3.720065634,1,383.40800000000024,106.95,1.7845999999999997,1,8,4,4
TOX-3962,CCN(CC)CCNC(=O)c1ccc(N)cc1,3.320237619,0,235.33100000000002,58.36,1.3403999999999996,2,3,6,1
TOX-3963,CCC(=O)OC(Cc1ccccc1)(c1ccccc1)C(C)CN(C)C,4.354363107,1,339.47900000000016,29.54,4.275500000000004,0,3,8,2
TOX-3967,Cc1cc2nc3c(=O)[nH]c(=O)nc-3n(CC(O)C(O)C(O)CO)c2cc1C,3.876341766,1,376.36900000000014,161.56,-1.7235599999999989,5,9,5,3
TOX-3972,Nc1ccc(S(=O)(=O)Nc2ncccn2)cc1,2.453553642,0,250.28300000000004,97.97,0.8596000000000001,2,5,3,2
TOX-3973,CCN1CCCC1CNC(=O)c1cc(S(N)(=O)=O)ccc1OC,3.869807873,1,341.4330000000001,101.73,0.5567000000000012,2,5,6,2
TOX-3975,O=c1[nH]c(=O)n(C2CCCO2)cc1F,2.465466916,0,200.16899999999998,64.09,-0.015300000000000313,1,4,1,2
TOX-3981,COc1cccc(C2(O)CCCCC2CN(C)C)c1,3.659862612,1,263.3809999999999,32.7,2.6346000000000007,1,3,4,2
TOX-3983,CN(C)CCN(Cc1ccccc1)c1ccccn1,4.327662909,1,255.36500000000004,19.37,2.649800000000001,0,3,6,2
TOX-3990,CC(N)=O,0.674200399,0,59.068,43.09,-0.5084000000000002,1,1,0,0
TOX-3992,N=C(N)SCCN,3.146327673,0,119.19300000000001,75.89,-0.42823000000000006,3,3,2,0
TOX-3996,CCC1(CCC(C)C)C(=O)NC(=O)NC1=O,3.247163075,0,226.27599999999998,75.27000000000001,1.1849999999999998,2,3,4,1
TOX-4000,c1ccc(-c2ccc(C(c3ccccc3)n3ccnc3)cc2)cc1,3.692227033,1,310.40000000000003,17.82,5.187800000000005,0,2,4,4
TOX-4004,CNC(=O)Oc1cccc2ccccc12,4.048104957,1,201.225,38.33,2.5580000000000007,1,2,1,2
TOX-4008,Cn1nnnc1SCC1=C(C(=O)O)N2C(=O)C(NC(=O)C(OC=O)c3ccccc3)C2SC1,2.281701947,0,490.52300000000014,156.60999999999999,-0.044899999999998386,2,11,9,4
TOX-4009,CC(=O)OCC1=C(C(=O)O)N2C(=O)C(NC(=O)CSc3ccncc3)C2SC1,1.905130388,0,423.4720000000001,125.89999999999999,0.4754000000000007,2,8,7,3
TOX-4011,COC1(NC(=O)CSCC#N)C(=O)N2C(C(=O)O)=C(CSc3nnnn3C)CSC21,1.974135066,0,471.54600000000016,163.32999999999998,-0.7283199999999983,2,12,9,3
TOX-4014,Nc1nc(C(=CCC(=O)O)C(=O)NC2C(=O)N3C(C(=O)O)=CCSC23)cs1,2.013300762,0,410.4330000000001,162.92,-0.0481999999999998,4,8,6,3
TOX-4015,CON=C(C(=O)NC1C(=O)N2C(C(=O)O)=C(COC(N)=O)CSC12)c1ccco1,1.824680543,0,424.39100000000013,173.76,-0.5359999999999987,3,9,7,3
TOX-4017,CC(=O)NC1C(O)OC(OS(=O)(=O)O)C(O)C1OC1OC(C(=O)O)C(O)C(O)C1O,2.170790237,0,463.3700000000001,258.84,-5.376499999999992,8,13,6,2
TOX-4025,CCC(C(=O)O)C1(O)CCCCC1,2.024295761,0,186.25099999999992,57.53,1.7924,2,2,3,1
TOX-4027,CNCCCN1c2ccccc2CCc2ccccc21,4.054577282,1,266.388,15.27,3.5328000000000026,1,2,4,3
TOX-4036,CCN(CC)C(=S)S,2.076326735,0,149.28400000000002,3.24,1.5429,1,1,2,0
TOX-4046,Nc1ccn(C2OC(CO)C(O)C2(F)F)c(=O)n1,3.047162231,0,263.2,110.60000000000001,-1.2886,3,7,2,2
TOX-4049,NC(CCC(=O)NC(CSSCC(NC(=O)CCC(N)C(=O)O)C(=O)NCC(=O)O)C(=O)NCC(=O)O)C(=O)O,2.485857607,0,612.6400000000004,317.64,-3.8767999999999985,10,12,21,0
TOX-4051,N=C(N)NC(=O)Cc1c(Cl)cccc1Cl,4.625772189,1,246.097,78.97,1.5455700000000003,3,2,2,1
TOX-4062,O=c1nc[nH]c2c1ncn2C1OC(CO)C(O)C1O,2.127234047,0,268.229,133.49,-2.2689,4,8,2,3
TOX-4065,COc1c2occc2c(OC)c2c(=O)cc(C)oc12,3.87853761,1,260.24499999999995,61.81,2.8648200000000017,0,5,2,3
TOX-4068,CNCCCC12CCC(c3ccccc31)c1ccccc12,3.880858069,1,277.41100000000006,12.03,4.211400000000004,1,1,4,5
TOX-4072,O=S(=O)(O)CCS,1.973240541,0,142.201,54.370000000000005,-0.19599999999999984,2,3,2,0
TOX-4073,Cc1ccccc1-n1c(C)nc2ccccc2c1=O,3.318969961,0,250.30100000000002,34.89,3.0025400000000015,0,3,1,3
TOX-4075,CCOC(=O)C(CCc1ccccc1)NC(C)C(=O)N1Cc2cc(OC)c(OC)cc2CC1C(=O)O,3.033713798,0,498.5760000000004,114.40000000000002,2.5843,2,7,11,3
TOX-4078,C=CCN1CCC23c4c5ccc(O)c4OC2C(=O)CCC3(O)C1C5,3.485332711,0,327.3800000000001,70.0,1.3014,2,5,2,5
TOX-4081,O=C(NCCO[N+](=O)[O-])c1cccnc1,2.623715184,0,211.17700000000002,94.36,0.01969999999999983,1,5,5,1
TOX-4087,O=C(O)C=Cc1ccc(Cn2ccnc2)cc1,2.504409703,0,228.251,55.12,2.0292,1,3,4,2
TOX-4094,CCN1CCN(C(=O)NC(C(=O)NC2C(=O)N3C2SC(C)(C)C3C(=O)O)c2ccccc2)C(=O)C1=O,2.359488901,0,517.5640000000003,156.43,-0.24029999999999685,3,7,6,4
TOX-4096,CN(C)CCCN1c2ccccc2Sc2ccccc21,4.091512394,1,284.42800000000005,6.48,4.241000000000003,0,3,4,3
TOX-4098,O=C(NC(Cc1cc(=O)[nH]c2ccccc12)C(=O)O)c1ccc(Cl)cc1,2.723178857,0,370.79200000000003,99.26,2.6071999999999997,3,3,5,3
TOX-4101,O=C(O)O,2.223376221,0,62.02400000000001,57.53,0.2224,2,1,0,0
TOX-4114,O=c1[nH]c(=O)n(C2CC(O)C(CO)O2)cc1C(F)(F)F,2.002151401,0,296.20099999999996,104.55000000000001,-0.8039000000000001,3,6,2,2
TOX-4115,NC(CO)(CO)CO,1.827763662,0,121.136,86.71000000000001,-2.3391999999999995,4,4,3,0
TOX-4123,CC(C)NCC(O)COc1ccc(CC(N)=O)cc1,3.479071013,0,266.34099999999995,84.57999999999998,0.45210000000000006,3,4,8,1
TOX-4126,CCN1CCN(C(=O)NC(C(=O)NC2C(=O)N3C(C(=O)O)=C(CSc4nnnn4C)CSC23)c2ccc(O)cc2)C(=O)C1=O,2.180232535,0,645.6800000000003,220.25999999999996,-1.1119999999999965,4,13,9,5
TOX-4130,COc1cc2c(c(OC)c1OC)-c1ccc(OC)c(=O)cc1C(NC(C)=O)CC2,5.397082693,1,399.4430000000002,83.09,2.871600000000001,1,6,5,3
TOX-4133,CCC(=C(CC)c1ccc(OP(=O)(O)O)cc1)c1ccc(OP(=O)(O)O)cc1,3.00314918,0,428.3140000000001,133.52,4.3604000000000065,4,4,8,2
TOX-4136,CN(C)CCC=C1c2ccccc2CSc2ccccc21,4.089891026,1,295.451,3.24,4.675700000000004,0,2,3,3
TOX-4140,CC1OC1P(=O)(O)O,1.946777133,0,138.059,70.06,-0.09110000000000007,2,2,1,1
TOX-4143,CC(C(=O)O)c1cccc(C(=O)c2ccccc2)c1,2.863860049,0,254.285,54.37,3.1057000000000015,1,2,4,2
TOX-4147,COC1C=COC2(C)Oc3c(C)c(O)c4c(O)c(cc(O)c4c3C2=O)NC(=O)C(C)=CC=CC(C)C(O)C(C)C(O)C(C)C(OC(C)=O)C1C,3.068895127,0,697.7780000000002,201.30999999999997,4.754120000000005,6,12,2,5
TOX-4153,CSc1ccc2c(c1)N(CCC1CCCCN1C)c1ccccc1S2,3.71710856,1,370.587,6.48,5.885600000000005,0,4,4,4
TOX-4154,NCC1CCC(C(=O)O)CC1,2.028986011,0,157.21299999999997,63.32000000000001,0.8361000000000001,2,2,2,1
TOX-4160,CCOC(=O)OC(C)OC(=O)C1N2C(=O)C(NC(=O)C(N)c3ccccc3)C2SC1(C)C,3.422112989,0,465.5280000000002,137.26000000000002,1.2958000000000012,2,9,7,3
TOX-4162,CC(C)NCC(O)COc1ccc(CCOCC2CC2)cc1,4.049739524,1,307.434,50.72,2.3933999999999997,2,4,11,2
TOX-4172,CCNC1CC(C)S(=O)(=O)c2sc(S(N)(=O)=O)cc21,2.649710468,0,324.44900000000007,106.32999999999998,0.612,2,6,3,2
TOX-4174,O=C(O)CSCC(=O)NC1CCSC1=O,1.852176534,0,249.313,83.47,-0.047499999999999876,2,5,5,1
TOX-4177,CN1C2CCCC1CC(NC(=O)c1nn(C)c3ccccc13)C2,4.348321556,1,312.4170000000001,50.160000000000004,2.3183999999999996,1,4,2,4
TOX-4179,NCCc1cnc[nH]1,2.246286128,0,111.14799999999998,54.699999999999996,-0.08910000000000035,2,2,2,1
TOX-4182,NCC1OC(OC2C(N)CC(N)C(OC3OC(CO)C(O)C(N)C3O)C2O)C(N)C(O)C1O,3.534973449,0,483.5190000000001,288.40000000000003,-7.325000000000001,11,15,6,3
TOX-4195,CC(CN(C)C)CN1c2ccccc2CCc2ccccc21,3.888935194,1,294.442,6.48,4.121000000000003,0,2,4,3
TOX-4197,C=O,2.537754915,0,30.026,17.07,-0.1849,0,1,0,0
TOX-4203,CCN(CC)C(=O)C1C=C2c3cccc4[nH]cc(c34)CC2N(C)C1,4.305404763,1,323.4400000000001,39.34,2.9060000000000015,1,2,3,4
TOX-4206,CCN(CC)CCOC(=O)C(c1ccccc1)c1ccccc1,4.149928389,1,311.425,29.54,3.7035000000000027,0,3,8,2
TOX-4212,NCCc1c[nH]c2ccc(O)cc12,3.768647861,1,176.21899999999997,62.040000000000006,1.3747,3,2,2,2
TOX-4226,C1CN1c1nc(N2CC2)nc(N2CC2)n1,5.264561178,1,204.23699999999997,47.7,-0.6683999999999999,0,6,3,4
TOX-4232,C1CN2CN3CCN(CN1C3)C2,2.903455607,0,168.24399999999997,12.96,-0.9347999999999985,0,4,0,4
TOX-4233,N=C(N)NC(=O)Nc1ccc([N+](=O)[O-])cc1,2.968234867,0,223.192,134.14000000000001,0.6097700000000006,4,4,2,1
TOX-4237,CC(C)=CCCC(C)=CCCC(C)=CCCC(=O)OCC=C(C)CCC=C(C)C,2.292843401,0,400.6470000000002,26.3,8.421700000000005,0,2,14,0
TOX-4248,O=[N+]([O-])C(Br)(CO)CO,3.725863675,1,199.988,83.60000000000001,-0.6611,2,4,3,0
TOX-4249,NC1(C(=O)O)CCCC1,2.579373241,0,129.159,63.32000000000001,0.34249999999999936,2,2,1,1
TOX-4261,CC12CCC(=O)CC1CCC1C2CCC2(C)C(C(=O)COC(=O)CCC(=O)O)CCC12,3.357039829,0,432.5570000000003,97.74000000000001,4.191500000000003,1,5,6,4
TOX-4267,CN1CCC(n2[nH]c(-c3ccccc3)c(Cc3ccccc3)c2=O)CC1,3.336411942,0,347.46200000000016,41.03,3.7009000000000025,1,3,4,4
TOX-4269,COc1cc(C(=O)OCCCN(C)CCN(C)CCCOC(=O)c2cc(OC)c(OC)c(OC)c2)cc(OC)c1OC,4.148790047,1,592.6860000000003,114.46000000000002,3.395800000000003,0,12,19,2
TOX-4281,CC(C)NCC(O)c1ccc2ccccc2c1,3.699340835,1,229.323,32.26,2.871200000000001,2,2,4,2
TOX-4304,CCOP(=S)(OCC)Oc1ccc([N+](=O)[O-])cc1,4.88416614,1,291.265,70.83,3.2711000000000023,0,6,7,1
TOX-4305,c1ccc2cc3c(ccc4ccccc43)cc2c1,3.057072262,0,228.29399999999998,0.0,5.146200000000003,0,0,0,4
TOX-4307,NC(Cc1c[nH]c2ccc(O)cc12)C(=O)O,3.911242047,1,220.22799999999998,99.34000000000002,0.8279000000000003,4,3,3,2
TOX-4318,CC(O)CO,1.073403707,0,76.095,40.46,-0.6405000000000001,2,2,1,0
TOX-4319,Cc1c2ccccc2c(C)c2c1ccc1ccccc12,3.676139879,1,256.348,0.0,5.763040000000005,0,0,0,4
TOX-4320,CCN(CC)CCSC(=O)N(c1ccccc1)c1ccccc1,4.018244163,1,328.48100000000005,23.550000000000004,5.019700000000005,0,3,7,2
TOX-4325,NS(=O)(=O)c1cc2c(cc1Cl)N=CNS2(=O)=O,3.168759265,0,295.72900000000004,118.69,-0.0608999999999999,2,5,1,2
TOX-4326,CCN(CC)C(=O)c1cccnc1,2.955171218,0,178.235,33.2,1.5636,0,2,3,1
TOX-4329,Cc1ccccc1OCC(O)CO,3.136442314,0,182.219,49.69,0.7270199999999998,2,3,4,1
TOX-4336,O=NN1CCOCC1,3.073451167,0,116.12,41.900000000000006,0.0,0,3,1,1
TOX-4337,c1ccc(CC2=NCCN2)cc1,3.274972538,0,160.22000000000003,24.39,1.2308,1,2,2,2
TOX-4347,CNN,3.162617812,0,46.073,38.05,-0.9205000000000001,2,2,0,0
TOX-4351,CNC(=O)CSP(=S)(OC)OC,2.706552167,0,229.26299999999998,47.56,0.9828999999999999,1,5,5,0
TOX-4352,CN(C)C1C(=O)C(C(N)=O)C(=O)C2(O)C(O)=C3C(=O)c4c(O)cccc4C(C)(O)C3CC12,3.538672108,0,444.44000000000017,178.45999999999998,-0.8411999999999982,5,9,2,4
TOX-4353,ClC1=C(Cl)C2(Cl)C3C4CC(C5OC45)C3C1(Cl)C2(Cl)Cl,4.623115451,1,380.913,12.53,4.481400000000002,0,1,0,5
TOX-4380,CNC(=O)Oc1cccc(C(C)C)c1,4.787508321,1,193.24599999999998,38.33,2.528200000000001,1,2,2,1
TOX-4384,CCC(=O)OC1(c2ccccc2)CC(C)N(C)CC1C,4.09719503,1,275.392,29.54,3.1952000000000016,0,3,3,2
TOX-4395,CCC1(C)CC(=O)NC(=O)C1,3.986496363,1,155.19699999999997,46.17,0.8392999999999999,1,2,1,1
TOX-4407,COS(C)(=O)=O,2.798385275,0,110.13399999999999,43.370000000000005,-0.40759999999999996,0,3,1,0
TOX-4409,O=C1CC2OCC=C3CN4CCC56c7ccccc7N1C5C2C3CC46,5.759066716,1,334.41900000000004,32.78,2.0925000000000002,0,3,0,7
TOX-4417,CC1CC(C)C(=O)C(C(O)CC2CC(=O)NC(=O)C2)C1,5.147930809,1,281.35200000000003,83.47,1.0415,2,4,3,2
TOX-4423,O=C(O)Cc1cc(I)c(Oc2cc(I)c(O)c(I)c2)c(I)c1,6.396582979,1,747.83,66.76,5.230000000000002,2,3,4,2
TOX-4430,CO,1.176922161,0,32.042,20.23,-0.3915,1,1,0,0
TOX-4437,CN(C)C=O,1.562636365,0,73.095,20.310000000000002,-0.2956000000000001,0,1,1,0
TOX-4440,O=C1C=C(N2CC2)C(=O)C(N2CC2)=C1N1CC1,5.66484079,1,231.25499999999997,43.169999999999995,-0.8194999999999992,0,5,3,4
TOX-4447,CC1(C)SC2C(NC(=O)C(N)c3ccccc3)C(=O)N2C1C(=O)O,1.750585051,0,349.4120000000001,112.73,0.3181000000000002,3,5,4,3
TOX-4453,O=C1CCCN1CC#CCN1CCCC1,5.22782542,1,206.28899999999996,23.550000000000004,0.7080000000000002,0,2,2,2
TOX-4454,CN(N=O)C(N)=N[N+](=O)[O-],3.264355069,0,147.09400000000002,114.19,-0.8939999999999999,1,4,2,0
TOX-4455,CCS(=O)CC,1.327390617,0,106.19,17.07,0.7749,0,1,2,0
TOX-4464,CCCO,2.007686441,0,60.096,20.23,0.3887,1,1,1,0
TOX-4466,CCCCO,2.378316785,0,74.12299999999999,20.23,0.7787999999999999,1,1,2,0
TOX-4467,CCCCCO,2.652664696,0,88.14999999999999,20.23,1.1689,1,1,3,0
TOX-4472,OC(c1ccccc1)(c1ccccc1)C1CCCCN1,3.949608464,1,267.3719999999999,32.26,3.0646000000000004,2,2,3,3
TOX-4473,CN(C)CCOC(=O)C(O)(c1ccccc1)c1ccccc1,3.998727346,1,299.37,49.769999999999996,2.0272999999999994,1,4,6,2
TOX-4480,CCc1ccc(C(c2ccc(CC)cc2)C(Cl)Cl)cc1,3.622481369,1,307.264,0.0,5.747000000000004,0,0,5,2
TOX-4487,O=C(O)c1ccc(Cl)cc1,2.269896666,0,156.56799999999998,37.3,2.0382,1,1,1,1
TOX-4501,CC#N,1.387787445,0,41.053,23.79,0.52988,0,1,0,0
TOX-4557,CCOC(=O)C1(c2ccccc2)CCCN(C)CC1,3.885457468,1,261.36499999999995,29.54,2.603200000000001,0,3,3,2
TOX-4565,CCC(Br)(CC)C(=O)NC(N)=O,2.742526466,0,237.09699999999998,72.19,1.1349999999999998,2,2,3,0
TOX-4571,C=CS(=O)(=O)C=C,3.992722307,1,118.15699999999998,34.14,0.6881999999999999,0,2,2,0
TOX-4575,CCOP(=O)(C#N)N(C)C,6.390118004,1,162.129,53.330000000000005,1.25868,0,3,3,0
TOX-4586,O=[N+]([O-])OCC(CO[N+](=O)[O-])(CO[N+](=O)[O-])CO[N+](=O)[O-],2.533088292,0,316.135,209.48,-1.1939999999999997,0,12,12,0
TOX-4621,CC(C)CO,2.338199562,0,74.12299999999999,20.23,0.6347,1,1,1,0
TOX-4627,CCC(C)O,2.729799392,0,74.12299999999999,20.23,0.7771999999999999,1,1,1,0
TOX-4724,Cc1ncc(CO)c(C(=O)O)c1O,1.950830477,0,183.16299999999998,90.65,0.28612,3,4,2,1
TOX-4726,CCN1CCCC(OC(=O)C(c2ccccc2)c2ccccc2)C1,3.870127479,1,323.4360000000001,29.54,3.8460000000000027,0,3,5,3
TOX-4729,CC(C)(C)C(O)=C1C(=O)c2ccccc2C1=O,3.662941503,1,230.26299999999998,54.37,2.923800000000001,1,3,0,2
TOX-4742,C=C(C)C1Cc2c(ccc3c2OC2COc4cc(OC)c(OC)cc4C2C3=O)O1,6.294647646,1,394.4230000000001,63.22,3.7033000000000023,0,6,3,5
TOX-4747,c1ccc2c(c1)CCCC2C1=NCCN1,3.757257919,1,200.285,24.39,2.1082,1,2,1,3
TOX-4748,CCOC(=O)Oc1c(OC)cc(C(=O)OC2CC3CN4CCc5c([nH]c6cc(OC)ccc56)C4CC3C(C(=O)OC)C2OC)cc1OC,4.124701663,1,666.7240000000003,144.08,4.697800000000004,1,12,9,6
TOX-4769,CC(CN(C)C)CN1c2ccccc2Sc2ccccc21,3.930447348,1,298.45500000000004,6.48,4.487000000000004,0,3,4,3
TOX-4791,CN1CCC(N(Cc2cccs2)c2ccccc2)CC1,3.833411737,1,286.44400000000013,6.48,3.848900000000003,0,3,4,3
TOX-4799,COP(=S)(OC)SCn1nnc2ccccc2c1=O,4.626049701,1,317.33200000000005,66.24000000000001,1.9994999999999998,0,8,5,2
TOX-4815,CC1(C)SC2C(NC(=O)COc3ccccc3)C(=O)N2C1C(=O)O,2.294980909,0,350.3960000000001,95.94000000000001,0.6970999999999998,2,5,5,3
TOX-4845,OCC(O)C(O)C(O)CO,1.148604014,0,152.146,101.15,-2.9463000000000004,5,5,4,0
TOX-4877,Cc1cc(=O)n(-c2ccccc2)[nH]1,2.440725284,0,174.20300000000003,37.79,1.4740199999999999,1,2,1,2
TOX-4934,NS(=O)(=O)c1cc2c(cc1Cl)NC(=CSCc1ccccc1)NS2(=O)=O,3.009196453,0,431.94800000000015,118.35999999999999,2.4234999999999998,3,6,4,3
TOX-5131,Nc1nccs1,2.244192504,0,100.14599999999999,38.91,0.7253000000000001,1,3,0,1
TOX-5132,CC(OP(C)(=O)F)C(C)(C)C,6.61193131,1,182.17499999999998,26.3,3.230000000000002,0,2,2,0
TOX-5184,Oc1cccc(C(F)(F)F)c1,3.453718564,0,162.10999999999999,20.23,2.4110000000000005,1,1,0,1
TOX-5198,CC(C)(C)c1ccc(C(=O)O)cc1,2.949634848,0,178.231,37.3,2.6823000000000006,1,1,1,1
TOX-5215,Nc1cccc(C(=O)O)c1,1.695956267,0,137.138,63.32000000000001,0.9670000000000001,2,2,1,1
TOX-5234,C=CCC(CC=C)C(=O)O,2.347053342,0,140.182,37.3,1.8394000000000001,1,1,5,0
TOX-5295,O=NN1CCCCC1,3.279048037,0,114.14800000000001,32.67,1.1537,0,2,1,1
TOX-5381,CCCCC(CC)COC(=O)CCCCC(=O)OCC(CC)CCCC,2.614290479,0,370.5740000000002,52.60000000000001,6.066000000000007,0,4,17,0
TOX-5382,CCCCC(CC)COC(=O)CCCCCCCC(=O)OCC(CC)CCCC,2.590023561,0,412.6550000000002,52.60000000000001,7.236300000000009,0,4,20,0
TOX-5523,O=C1C=CC(=O)C=C1,3.635592812,1,108.09599999999999,34.14,0.25059999999999993,0,2,0,1
TOX-5532,OCCCCC(O)CO,1.379238456,0,134.175,60.69,-0.4977999999999999,3,3,5,0
TOX-5567,NCCS(=O)(=O)O,1.251859448,0,125.14899999999997,80.39,-1.1670999999999996,2,3,2,0
TOX-5571,CC(C)OP(C)(=O)F,6.555200658,1,140.094,26.3,2.2038,0,2,2,0
TOX-5574,CCOP(=O)(OCC)OP(=O)(OCC)OCC,5.985377707,1,290.189,80.29,3.3652000000000024,0,7,10,0
TOX-5595,COCC(C)O,1.331331251,0,90.122,29.46,0.013600000000000112,1,2,2,0
TOX-5627,Cc1ccnc(N)n1,2.174366509,0,109.13200000000002,51.8,0.36722,1,3,0,1
TOX-5659,Nc1ncccn1,2.080340311,0,95.10499999999999,51.8,0.05880000000000002,1,3,0,1
TOX-5749,CC(O)COCC(C)O,1.363998489,0,134.175,49.69,-0.2354,2,3,4,0
TOX-5760,O=C(O)CCCCCCCCC(=O)O,2.557422356,0,202.24999999999997,74.6,2.2763999999999998,2,2,9,0
TOX-5771,NCCNCCO,2.39730617,0,104.15299999999999,58.28,-1.4729999999999996,3,3,4,0
TOX-5772,OCCNCCO,2.130523854,0,105.137,52.489999999999995,-1.4393999999999998,3,3,4,0
TOX-5776,OCCOCCO,1.208333245,0,106.121,49.69,-1.0124,2,3,4,0
TOX-5790,CCCCOCCO,2.585131291,0,118.17599999999999,29.46,0.7953999999999999,1,2,5,0
TOX-5796,CCOCCOCCO,1.525366492,0,134.175,38.69,0.031799999999999884,1,3,6,0
TOX-5811,OCCOCCOCCO,1.108175175,0,150.174,58.92,-0.9958000000000002,2,4,7,0
TOX-5834,CCCCCCCCC=CCCCCCCCC(=O)O,5.070382559,1,282.4679999999999,37.3,6.1085000000000065,1,1,15,0
TOX-5841,CCN(CC)C(=O)C1CN2CCc3cc(OC)c(OC)cc3C2CC1OC(C)=O,6.606637261,1,404.5070000000002,68.31,2.423,0,6,6,3
TOX-5842,CC(C)CC1NC(=O)C(CCCN)NC(=O)C(C(C)C)NC(=O)C2CCCN2C(=O)C(Cc2ccccc2)NC(=O)C(CC(C)C)NC(=O)C(CCCN)NC(=O)C(C(C)C)NC(=O)C2CCCN2C(=O)C(Cc2ccccc2)NC1=O,4.826751415,1,1141.4699999999996,325.4599999999999,1.227799999999997,10,12,16,5
TOX-5843,CNC(=O)Oc1ccccc1OC(C)C,4.278982512,1,209.24499999999998,47.56,2.192,1,3,3,1
TOX-5863,CCC(CC)(CO)CO,2.318188357,0,132.203,40.46,0.7773999999999999,2,2,4,0
TOX-5878,CNC(=O)ON=CC(C)(C)SC,5.606828513,1,190.26799999999997,50.69,1.4698,1,4,3,0
TOX-5942,CCCCN(CCN(CCCC)C(=O)N1CCOCC1)C(=O)N1CCOCC1,4.220039712,1,398.5480000000003,65.56,2.095000000000001,0,4,9,2
TOX-6008,C=CC=CCC1=C(C)C(OC(=O)C2C(C=C(C)C(=O)OC)C2(C)C)CC1=O,5.570723515,1,372.4610000000002,69.67000000000002,3.7113000000000023,0,5,7,2
TOX-6018,Nc1ccc(S(=O)(=O)O)cc1,1.459939187,0,173.193,80.39,0.5155000000000001,2,3,1,1
TOX-6031,O=C(O)c1cccc([N+](=O)[O-])c1,2.390264397,0,167.11999999999998,80.44,1.293,1,3,2,1
TOX-6038,COP(=S)(OC)Oc1ccc([N+](=O)[O-])c(C)c1,3.923989944,1,277.238,70.83,2.7993200000000007,0,6,5,1
TOX-6129,CC1OC(OC2C=C3CCC4C(CCC5(C)C(c6ccc(=O)oc6)CCC45O)C3(C)CC2)C(O)C(O)C1OC1OC(CO)C(O)C(O)C1O,4.649987595,1,692.7990000000005,208.73999999999998,0.8380000000000007,7,13,6,7
TOX-6144,O=CC12CC=CCC1C1CC=CCC1O2,2.008864124,0,204.26899999999995,26.3,2.2553,0,2,1,3
TOX-6147,O=S(=O)(O)CI,1.664892111,0,222.003,54.370000000000005,0.2667000000000002,1,2,1,0
TOX-6157,CCOP(=O)(OCC)SCCSCC,5.181332823,1,258.34499999999997,35.53,3.653800000000002,0,5,9,0
TOX-6171,CN(C)C1C(=O)C(C(N)=O)C(=O)C2(O)C(O)=C3C(=O)c4c(O)ccc(Cl)c4C(O)C3CC12,3.597830708,0,464.8580000000002,178.45999999999998,-0.36189999999999944,5,9,2,4
TOX-6181,CC(=O)C1CCC2C3CCC4CC(O)CCC4(C)C3CCC12C,4.063445106,1,318.5010000000001,37.3,4.595200000000005,1,2,1,4
TOX-6184,CNC1C(OC2C(OC3C(O)C(O)C(NC(=N)N)C(O)C3NC(=N)N)OC(C)C2(O)CO)OC(CO)C(O)C1O,3.464845096,0,583.5960000000005,334.5900000000001,-7.948360000000005,15,15,9,3
TOX-6234,O=c1nc[nH]c2c1ncn2C1OC(COP(=O)(O)O)C(O)C1O,2.105472878,0,348.20799999999997,180.01999999999998,-2.151900000000001,5,9,4,3
TOX-6235,CN1CCC(OC(c2ccccc2)c2ccccc2)CC1,3.989587251,1,281.3990000000001,12.47,3.8868000000000027,0,2,4,3
TOX-6253,O=C(O)CNC(=O)c1ccccc1I,1.882177035,0,305.071,66.4,1.1055999999999995,2,2,3,1
TOX-6260,O=S(=O)(c1ccc(NC(CC(c2ccccc2)S(=O)(=O)O)S(=O)(=O)O)cc1)c1ccc(NC(CC(c2ccccc2)S(=O)(=O)O)S(=O)(=O)O)cc1,2.252079555,0,804.9210000000004,275.67999999999995,3.809400000000003,6,12,16,4
TOX-6268,CCN(CC)CC(C)(C)COC(=O)C(CO)c1ccccc1,3.854021631,1,307.43399999999997,49.769999999999996,2.673700000000001,1,4,9,1
TOX-6298,CC(Cc1ccc2c(c1)OCO2)NCC(O)c1ccc(O)c(O)c1,3.668713946,1,331.368,91.18,2.0807,4,6,6,3
TOX-6322,O=S(=O)(O)NC1CCCCC1,1.6799409,0,179.24099999999993,66.4,0.7114999999999998,2,2,2,1
TOX-6417,CC12CCC(O)CC1CCC1C2CCC2(C)C(C3=CC(=O)OC3)CCC12O,5.3690612,1,374.5210000000002,66.76,3.6043000000000034,2,4,1,5
TOX-6419,O=S1(=O)OC(c2ccc(O)cc2)(c2ccc(O)cc2)c2ccccc21,2.672833524,0,354.3830000000001,83.83000000000001,3.108600000000001,2,5,2,4
TOX-6425,CC(C)C(O)C(C)(C)CO,3.003373403,0,146.23,40.46,1.0218,2,2,3,0
TOX-6432,CC(=O)NS(=O)(=O)c1ccc(N)cc1,1.510965631,0,214.246,89.26,0.0935999999999998,2,4,2,1
TOX-6434,CC(CCC(=O)O)C1CCC2C3C(=O)CC4CC(=O)CCC4(C)C3CC(=O)C12C,2.693026936,0,402.53100000000023,88.50999999999999,4.073300000000003,1,4,4,4
TOX-6455,O=C1C=C2C(=CCOC2O)O1,4.254617749,1,154.12099999999998,55.760000000000005,-0.2979000000000001,1,4,0,2
TOX-6477,CCCCCCCCCCCCOS(=O)(=O)O,3.353257807,0,266.40299999999996,63.60000000000001,3.726700000000002,1,3,12,0
TOX-6480,CC1CC2C3CCC4=CC(=O)C=CC4(C)C3(F)C(O)CC2(C)C1(O)C(=O)COP(=O)(O)O,2.568286538,0,472.44600000000025,141.36,2.0127000000000006,4,6,4,4
TOX-6484,COP(=O)(OC)SC,3.539923218,0,156.14299999999997,35.53,1.7502999999999997,0,4,3,0
TOX-6535,C1=Nc2ccccc2Oc2ccccc21,3.875215829,1,195.22099999999998,21.59,3.542900000000002,0,2,0,3
TOX-6564,c1cn[nH]c1,1.823715895,0,68.079,28.68,0.40969999999999995,1,1,0,1
TOX-6572,C1CNCCNCCNCCN1,2.647137844,0,172.276,48.12,-1.6415999999999973,4,4,0,1
TOX-6576,ClC1=C(Cl)C2(Cl)C3C(Cl)OC(Cl)C3C1(Cl)C2(Cl)Cl,5.35520722,1,411.75400000000013,9.23,5.2243,0,1,0,3
TOX-6578,COP(=S)(OC)Oc1ccc([N+](=O)[O-])cc1,4.465717746,1,263.21099999999996,70.83,2.4909,0,6,5,1
TOX-6579,CCOP(=S)(OCC)SCSCC,5.335790181,1,260.38599999999997,18.46,3.727700000000003,0,5,8,0
TOX-6581,CCOP(=S)(OCC)SCCSCC,4.697453586,1,274.413,18.46,3.7702000000000027,0,5,9,0
TOX-6589,CC(N)Cc1c[nH]c2ccccc12,3.365794113,0,174.24699999999999,41.81,2.0576,2,1,2,2
TOX-6599,CCS(=O)CCSP(=O)(OC)OC,3.718845987,1,246.28999999999996,52.60000000000001,1.8890999999999998,0,5,7,0
TOX-6602,N#CC(CCN1CCC(C(N)=O)(N2CCCCC2)CC1)(c1ccccc1)c1ccccc1,4.519796972,1,430.5960000000001,73.36,3.6921800000000013,1,4,7,4
TOX-6605,C[N+]([O-])(CCCl)CCCl,3.517382134,0,172.055,23.06,1.4083999999999999,0,1,4,0
TOX-6610,COC(C)C(O)(C(=O)OCC1=CCN2CCC(O)C12)C(C)C,3.058061374,0,313.394,79.23,0.3268000000000004,2,6,6,2
TOX-6611,CC1Cc2c(Cl)cc(C(=O)NC(Cc3ccccc3)C(=O)O)c(O)c2C(=O)O1,4.499902865,1,403.81800000000015,112.93000000000002,2.5727000000000007,3,5,5,3
TOX-6613,CN(C)CCCN1c2ccccc2CCc2cc(O)ccc21,4.192835637,1,296.414,26.71,3.5806000000000022,1,3,4,3
TOX-6615,COC1=C(OC)C(=O)C(CC=C(C)CCC=C(C)CCC=C(C)CCC=C(C)CCC=C(C)CCC=C(C)CCC=C(C)CCC=C(C)CCC=C(C)C)=C(C)C1=O,3.502245322,0,795.2459999999998,52.6,16.12739999999996,0,4,28,1
TOX-6620,CNc1nncc2ccccc12,3.670141159,1,159.19199999999998,37.81,1.6714999999999998,1,3,1,2
TOX-6624,CCN(CC)C(=O)c1ccc(O)c(OC)c1,4.118095112,1,223.272,49.77000000000001,1.8827999999999998,1,3,4,1
TOX-6625,C=CCc1ccc(OCC(=O)N(CC)CC)c(OC)c1,3.862965431,1,277.3639999999999,38.769999999999996,2.6709000000000005,0,3,8,1
TOX-6627,O=[N+]([O-])c1cc(I)c(O)c(I)c1,3.570789968,0,390.902,63.370000000000005,2.5096,1,3,1,1
TOX-6644,CCOP(=O)(OCC)Oc1ccc([N+](=O)[O-])cc1,6.05922073,1,275.197,87.9,3.154700000000002,0,6,7,1
TOX-6653,COc1cccc2c1cc([N+](=O)[O-])c1c(C(=O)O)cc3c(c12)OCO3,3.66359722,1,341.2750000000001,108.13000000000001,3.336700000000002,1,6,3,4
TOX-6655,CN1CCC(=C2c3ccccc3Sc3ccccc32)CC1,4.353159565,1,293.4350000000001,3.24,4.678700000000004,0,2,0,4
TOX-6680,CC(=O)Oc1cc(C(F)(F)F)ccc1C(=O)O,3.036579242,0,248.15599999999998,63.60000000000001,2.3289,1,3,2,1
TOX-6712,CNC(=O)Oc1cc(C(C)C)cc(C(C)C)c1,3.898614803,1,235.32699999999997,38.33,3.651600000000003,1,2,3,1
TOX-6740,NCCCCN,2.064182261,0,88.15400000000001,52.04,-0.3159999999999998,2,2,3,0
TOX-6741,ClCCNCCCl,3.149281143,0,142.029,12.03,1.0535999999999999,1,1,4,0
TOX-6781,CCN(CC)CCN1c2ccccc2Sc2ccccc21,4.019670532,1,298.45500000000004,6.48,4.631100000000004,0,3,5,3
TOX-6783,CSc1ncnc2c1ncn2C1OC(CO)C(O)C1O,3.661415944,1,298.324,113.52000000000001,-0.8403000000000003,3,9,3,3
TOX-6941,O=C1OC(c2cc(I)c(O)c(I)c2)(c2cc(I)c(O)c(I)c2)c2ccccc21,3.423345143,0,821.912,66.76,5.978500000000004,2,4,2,4
TOX-7001,N#CN,2.700935942,0,42.041,49.81,-0.57382,1,2,0,0
TOX-7033,CCCOC1=C(N2CC2)C(=O)C(OCCC)=C(N2CC2)C1=O,4.852479931,1,306.3620000000001,58.620000000000005,1.0457999999999998,0,6,8,3
TOX-7165,CC12CCC(O)CC1CCC1C2CCC2(C)C(c3ccc(=O)oc3)CC3OC312,5.242186729,1,384.51600000000013,62.97,4.258300000000004,1,4,1,6
TOX-7173,CC1OC(OC2C=C3CCC4C(CCC5(C)C(c6ccc(=O)oc6)CCC45O)C3(C)CC2)C(O)C(O)C1O,4.770316734,1,530.6580000000004,129.59,3.013800000000002,4,8,3,6
TOX-7176,CC1CC2C3CCC4=CC(=O)C=CC4(C)C3(F)C(O)CC2(C)C1(O)C(=O)COS(=O)(=O)O,2.674114665,0,472.5310000000003,138.2,1.7228,3,7,4,4
TOX-7177,CCN1CC2(COC)C(O)CC(OC)C34C5CC6(O)C(OC)C(O)C(O)(C5C6OC(=O)c5ccccc5)C(C(OC)C23)C14,4.349179164,1,603.7090000000002,147.38000000000002,0.07730000000000414,4,11,8,7
TOX-7192,C=CCC1(C2C=CCCC2)C(=O)NC(=S)NC1=O,3.17871925,0,264.34999999999997,58.2,1.4361,2,3,3,2
TOX-7196,CCN1CCCC(OC(=O)C(O)(c2ccccc2)C2CCCC2)C1,4.241429441,1,331.45600000000024,49.769999999999996,3.0919000000000016,1,4,5,3
TOX-7208,CCC(=O)C1(c2cccc(O)c2)CCN(C)CC1,4.091957369,1,247.33799999999994,40.54,2.3347000000000007,1,3,3,2
TOX-7217,CCOP(=O)(OCC)OC(=CCl)c1ccc(Cl)cc1Cl,4.734269515,1,359.5730000000001,44.760000000000005,5.7283000000000035,0,4,7,1
TOX-7219,O=S(=O)(CCCl)CCCl,3.421332434,0,191.07899999999998,34.14,0.8788,0,2,4,0
TOX-7239,COc1cc2c(c(OC)c1OC)-c1ccc(O)c(=O)cc1C(NC(C)=O)CC2,5.187710784,1,385.41600000000017,94.09,2.568600000000001,2,6,4,3
TOX-7241,CNC1CCc2cc(OC)c(OC)c(OC)c2-c2ccc(OC)c(=O)cc21,5.339166362,1,371.4330000000001,66.02000000000001,2.954900000000001,1,6,5,3
TOX-7264,CC=C1CC(C)C(C)(O)C(=O)OCC2=CCN3CCC(OC1=O)C23,3.910372164,1,335.40000000000003,76.07,1.1927999999999999,1,6,0,3
TOX-7294,Cn1cccc1-c1cccnc1,2.323838728,0,158.204,17.82,2.0871,0,2,1,2
TOX-7310,Cc1ncc(Cn2c(C)c(CCO)sc2=O)c(N)n1,2.723040951,0,280.353,94.03,0.48194,2,7,4,2
TOX-7311,CCCCNc1ccc(C(=O)OCCN(C)C)c(O)c1,4.364676958,1,280.36799999999994,61.8,2.3226000000000004,2,5,8,1
TOX-7362,O=C(O)c1ccc(F)cc1,1.958137818,0,140.113,37.3,1.5239,1,1,1,1
TOX-7364,Nc1ncnc(Nc2ccc(Cl)cc2)n1,4.140385848,1,221.651,76.72,1.8508,2,5,2,2
TOX-7372,O=C(CCCl)NCc1ccccc1,2.408120374,0,197.66500000000002,29.1,1.9317,1,1,4,1
TOX-7392,Nc1ccccn1,3.511007411,0,94.117,38.91,0.6638000000000001,1,2,0,1
TOX-7405,ClCCSCCCl,5.353485842,1,159.08100000000002,0.0,2.1972000000000005,0,1,4,0
TOX-7431,CC1OC(OC2CCC3(C=O)C4CCC5(C)C(C6=CC(=O)OC6)CCC5(O)C4CCC3(O)C2)C(O)C(O)C1O,4.558773895,1,550.6450000000004,162.98,0.75,5,10,4,6
TOX-7432,COC1CC(OC2CCC3(C=O)C4CCC5(C)C(C6=CC(=O)OC6)CCC5(O)C4CCC3(O)C2)OC(C)C1O,4.437965718,1,548.6730000000005,131.75,2.4333000000000005,3,9,5,6
TOX-7434,O=[N+]([O-])C([N+](=O)[O-])([N+](=O)[O-])[N+](=O)[O-],4.191824837,1,196.031,172.56,-1.2954999999999997,0,8,4,0
TOX-7441,Nc1ccc2c(c1)Oc1cc(N)ccc1C21OC(=O)c2ccccc21,3.372574605,0,330.343,87.57,3.4190000000000014,2,5,0,5
TOX-7454,CCC(Br)(CC)C(N)=O,2.821691806,0,194.07199999999997,43.09,1.4253999999999998,1,1,3,0
TOX-7479,NC(=S)NS(=O)(=O)c1ccc(N)cc1,1.853096328,0,231.302,98.21,-0.2093000000000002,3,4,2,1
TOX-7487,CNC1CCc2cc(OC)c(OC)c(OC)c2-c2ccc(O)c(=O)cc21,3.853897211,1,357.40600000000006,77.02000000000001,2.6519000000000004,2,6,4,3
TOX-7490,O=C(O)c1ccccc1-c1c2ccc(=O)cc-2oc2cc(O)ccc12,2.521242021,0,332.31100000000004,87.74,3.9686000000000012,2,4,2,4
TOX-7499,Cn1c(C(=O)O)c(I)c(=O)c(I)c1C(=O)O,1.819566887,0,448.93800000000005,96.60000000000001,0.9909000000000001,2,4,2,1
TOX-7500,Cn1c(=O)c2c(ncn2CCO)n(C)c1=O,2.66378803,0,224.21999999999997,82.04999999999998,-1.5739999999999998,1,7,2,2
TOX-7504,CCCCN(CCCC)C(C(N)=O)c1ccc(OC)cc1,3.680406946,1,292.423,55.56,3.123800000000001,1,3,10,1
TOX-7509,CN(C)CCc1c[nH]c2cccc(OP(=O)(O)O)c12,3.006304936,0,284.252,85.79,1.7435,3,3,5,2
TOX-7510,CN(C)CCc1c[nH]c2cccc(O)c12,3.434844,0,204.273,39.260000000000005,1.9776000000000002,2,2,3,2
TOX-7519,c1ccc2c(c1)Sc1ccccc1N2CCN1CCCC1,4.056573121,1,296.4390000000001,6.48,4.385100000000005,0,3,3,4
TOX-7534,Cc1ncc(CO)c(CN)c1O,2.322467066,0,168.19599999999997,79.37,0.046620000000000106,3,4,2,1
TOX-7537,CCN1C2CCC1CC(OC(c1ccccc1)c1ccccc1)C2,4.239567702,1,321.46400000000006,12.47,4.8079000000000045,0,2,5,4
TOX-7572,CCCCNc1ccc(O)c(C(=O)OCCN(CC)CC)c1,4.424419706,1,308.422,61.800000000000004,3.102800000000002,2,5,10,1
TOX-7581,Cc1ncc(COP(=O)(O)O)c(CN)c1O,2.609229016,0,248.17499999999998,125.9,0.16362000000000004,4,5,4,1
TOX-7585,O=C(O)C1CCCCC1Cc1cc(I)c(O)c(I)c1,3.09550543,0,486.08700000000005,57.53,4.034900000000003,2,2,3,2
TOX-7596,O=C(CCl)c1ccccc1,3.574806008,0,154.596,17.07,2.1081,0,1,2,1
TOX-7604,CC1CCCCN1CCCOC(=O)c1ccccc1,4.105967866,1,261.365,29.54,3.1079000000000017,0,3,5,2
TOX-7621,NCC(O)c1cccc(O)c1,3.944369143,1,153.18099999999998,66.48,0.3842999999999999,3,3,2,1
TOX-7627,CCCCc1ccc(C(=O)O)nc1,2.930860843,0,179.219,50.19,2.1224,1,2,4,1
TOX-7639,CCN(CCCl)CCCl,5.529033575,1,170.083,3.24,1.7858999999999998,0,1,5,0
TOX-7673,CNNC,2.431539088,0,60.10000000000001,24.06,-0.6598000000000002,2,2,1,0
TOX-7733,CCC(=O)C(CC(C)N1CCOCC1)(c1ccccc1)c1ccccc1,4.448656659,1,351.49,29.540000000000003,4.062600000000003,0,3,7,3
TOX-7739,CCOP(=O)(CC)Oc1ccc([N+](=O)[O-])cc1,6.01545861,1,259.198,78.67,3.2231000000000023,0,5,6,1
TOX-7742,O=S(=O)(O)c1ccc(N=Nc2ccc(O)cc2O)cc1,2.468390233,0,294.288,119.55000000000001,2.759900000000001,3,6,3,2
TOX-7767,CCN(CC)CCOC(=O)c1ccc(N)cc1O,3.845358866,1,252.314,75.79,1.4729999999999999,2,5,6,1
TOX-7774,Cc1cc2nc3ccc(N(C)C)cc3nc2cc1N,3.352438348,0,252.32099999999997,55.040000000000006,2.7396200000000004,1,4,1,3
TOX-7780,CC(C)CNCCOC(=O)c1ccc(N)cc1,3.926043665,1,236.315,64.35,1.6711999999999996,2,4,6,1
TOX-7787,O=S(=O)(c1ccc(NC(C(O)C(O)C(O)C(O)CO)S(=O)(=O)O)cc1)c1ccc(NC(C(O)C(O)C(O)C(O)CO)S(=O)(=O)O)cc1,2.389851838,0,736.7490000000006,369.24,-5.357199999999988,14,18,18,2
TOX-7792,CN(C)CC(O)c1ccc(O)c(O)c1,4.59573687,1,197.23399999999998,63.93000000000001,0.6927999999999996,3,4,3,1
TOX-7800,ClCCN(CCCl)CCCl,5.462465015,1,204.528,3.24,2.0048,0,1,6,0
TOX-7865,Cc1c2ccccc2c(CO)c2ccc3ccccc3c12,3.571512741,0,272.34700000000004,20.23,4.946920000000004,1,1,1,4
TOX-7881,OCC1OC(n2cnc3c(=S)nc[nH]c32)C(O)C1O,2.453417605,0,284.297,116.42000000000002,-0.8996100000000005,4,8,2,3
TOX-7887,OC(CNCCCl)C(O)C(O)C(O)CNCCCl,3.734825044,1,305.2020000000001,104.98,-1.9131999999999991,6,6,11,0
TOX-7894,O=C(O)C(Cc1cc(I)c(O)c(I)c1)c1ccccc1,3.102568781,0,494.06600000000003,57.53,4.012300000000002,2,2,4,2
TOX-7916,N=c1ccc2nc3ccc(N)cc3sc-2c1,4.486896894,1,227.292,62.760000000000005,2.46277,2,4,0,3
TOX-7944,O=C(O)c1ccc(Br)cc1,2.391357336,0,201.019,37.3,2.1473000000000004,1,1,1,1
TOX-7997,CCCCNC(N)=O,2.482764969,0,116.16399999999999,55.12,0.45480000000000026,2,1,3,0
TOX-8044,COP(=O)(OC)N1CCOCC1,2.74612476,0,195.15499999999994,48.0,0.7195,0,4,3,1
TOX-8079,COc1c(OC2OC(CO)C(O)C(O)C2O)cc2c(c1OC)-c1ccc(SC)c(=O)cc1C(NC(C)=O)CC2,4.750668428,1,563.6250000000002,164.01000000000002,0.7549999999999994,5,11,7,4
TOX-8084,CC(O)Cn1cnc2c1c(=O)n(C)c(=O)n2C,2.743315721,0,238.24699999999999,82.05000000000001,-1.1855,1,7,2,2
TOX-8098,O=C(CCCCC(=O)Nc1c(I)cc(I)c(C(=O)O)c1I)Nc1c(I)cc(I)c(C(=O)O)c1I,2.525226278,0,1139.7640000000001,132.79999999999998,6.848200000000003,4,4,9,2
TOX-8139,CCC(C)C1NC(=O)C(C(C)=O)=C1O,3.130354019,0,197.23399999999998,66.4,0.9320000000000002,2,3,3,1
TOX-8173,CCOC(=O)N(CC)N=O,2.960456327,0,146.146,58.97,1.1462,0,4,3,0
TOX-8182,CCOC(=O)N(C)N=O,4.518686612,1,132.119,58.97,0.7561,0,4,2,0
TOX-8193,O=C1CCCN1,1.072386554,0,85.10600000000001,29.1,-0.10360000000000008,1,1,0,1
TOX-8286,CCOC(=O)[CH-][N+]#N,2.609925551,0,114.104,54.45,0.56437,0,3,2,0
TOX-8381,CC1OC(OC2CCC3(C=O)C4CCC5(C)C(C6=CC(=O)OC6)CCC5(O)C4CCC3(O)C2)CC(O)C1O,3.995414868,1,534.6460000000005,142.75,1.779199999999999,4,9,4,6
TOX-8394,CN(C)C(=O)N(C)C,2.023435647,0,116.16399999999999,23.550000000000004,0.22960000000000003,0,1,0,0
TOX-8396,COc1ccc2c(c1O)-c1c3c(cc4c1C(C2)N(C)CC4)OCO3,3.771648185,1,325.36400000000015,51.16000000000001,2.8816000000000015,1,5,1,5
TOX-8441,CC1(C)CCC2(C(=O)O)CCC3(C)C(=CCC4C5(C)CCC(O)C(C)(C=O)C5CCC43C)C2C1,5.393652417,1,470.6940000000003,74.6,6.412600000000008,2,3,2,5
TOX-8446,CCSCCSP(=S)(OC)OC,3.805397127,1,246.35899999999998,18.46,2.990000000000001,0,5,7,0
TOX-8475,CC12CCC3C(CC=C4CC(OS(=O)(=O)O)CCC43C)C1CCC2=O,2.895791632,0,368.49500000000023,80.67000000000002,3.7063000000000024,1,4,2,4
TOX-8476,Cn1c(=O)c2c(ncn2CC(=O)O)n(C)c1=O,2.67774051,0,238.20299999999997,99.12,-1.4816999999999998,1,7,2,2
TOX-8477,OC1COC2C(O)COC12,1.123138336,0,146.142,58.92,-1.4942000000000004,2,4,0,2
TOX-8478,O=c1c(O)c(-c2ccc(O)c(O)c2)oc2c(OC3OC(CO)C(O)C(O)C3O)c(O)cc(O)c12,3.584393112,0,480.37800000000016,230.73999999999995,-0.8333000000000006,9,13,4,4
TOX-8509,CNC(=O)Oc1cc(C)c(C)cc1Cl,4.851379944,1,213.664,38.33,2.675040000000001,1,2,1,1
TOX-8533,O=C1CCCCN1,1.518827098,0,99.13300000000001,29.1,0.28650000000000003,1,1,0,1
TOX-8535,CP(=O)(F)F,3.863231474,1,100.004,17.07,1.7483,0,1,0,0
TOX-8541,CSP(=O)(SC)SC,3.796884918,1,188.279,17.07,3.1835000000000013,0,4,3,0
TOX-8558,CN(N=O)C(N)=O,2.979578622,0,103.081,75.75999999999999,-0.3216999999999998,1,3,1,0
TOX-8623,O=C1CCC2(CCCCC2)O1,3.233555564,0,154.209,26.3,2.0263,0,2,0,2
TOX-8662,CCNCC(O)c1cccc(O)c1,4.780833826,1,181.23499999999999,52.489999999999995,1.0351,3,3,4,1
TOX-8687,NC(CO)C(O)c1ccc([N+](=O)[O-])cc1,2.849388093,0,212.20499999999998,109.62,-0.05219999999999969,3,5,4,1
TOX-8734,CCCC(C)C1(CCSC)C(=O)NC(=S)NC1=O,3.579926177,0,288.43800000000005,58.2,1.6929999999999998,2,4,6,1
TOX-8782,CCCCCC(O)C=CC1C(O)CC(=O)C1CCCCCCC(=O)O,4.265981209,1,354.48700000000014,94.83,3.475100000000002,3,4,13,1
TOX-8791,O=C(CCCN1CCC2(CC1)C(=O)NCN2c1ccccc1)c1ccc(F)cc1,4.450665737,1,395.47800000000007,52.650000000000006,3.217100000000001,1,4,6,4
TOX-8796,COC(=O)C1C2CC3c4[nH]c5cc(OC)ccc5c4CCN3CC2CC(OC2CCCCO2)C1OC,4.852386723,1,498.62000000000046,82.25000000000001,3.831500000000003,1,7,5,6
TOX-8803,COP(C)(=O)OC,2.0723197,0,124.07599999999998,35.53,1.1020999999999999,0,3,2,0
TOX-8812,CCN(N=O)C(N)=O,2.688166956,0,117.10799999999999,75.75999999999999,0.06840000000000013,1,3,2,0
TOX-8948,O=S(=O)(O)CS(=O)(=O)O,2.728183324,0,176.171,108.74,-1.2804999999999995,2,4,2,0
TOX-8950,[N-]=[N+]=CC(=O)NCC(=O)NN,1.993313127,0,157.13299999999998,120.61999999999999,-2.6068999999999996,3,3,3,0
TOX-9035,CN1CCCN(C(c2ccccc2)c2ccc(Cl)cc2)CC1,3.940786273,1,314.8600000000001,6.48,4.066900000000003,0,2,3,3
TOX-9040,CC(CCc1ccccc1)NC(C)C(O)c1ccc(O)cc1,3.903093644,1,299.41400000000004,52.489999999999995,3.4250000000000016,3,3,7,2
TOX-9061,NC(Cc1ccc(Oc2ccc(N(CCCl)CCCl)cc2)cc1)C(=O)O,3.805416159,1,397.302,75.79,3.7173000000000025,2,4,10,2
TOX-9065,CCCC1CC(C(=O)NC(C(C)O)C2OC(SC)C(O)C(O)C2O)N(C)C1,3.074776596,0,406.54500000000013,122.49000000000001,-0.8569999999999971,5,8,7,2
TOX-9069,O=C1/C(=C2\Nc3ccc(S(=O)(=O)O)cc3C2=O)Nc2ccc(S(=O)(=O)O)cc21,3.656812893,1,422.3960000000001,166.93999999999997,1.3082,4,8,2,4
TOX-9081,CCSCCOP(=S)(OC)OC,3.027294919,0,230.291,27.69,2.2734000000000005,0,5,7,0
TOX-9084,CCOC(=O)C(N)CS,2.313011585,0,149.215,52.32,-0.19339999999999985,2,4,3,0
TOX-9108,CN1CCCC1=O,3.090152473,0,99.133,20.310000000000002,0.23859999999999992,0,1,0,1
TOX-9125,Cc1ncc(CS)c(CO)c1O,2.887075622,0,185.248,53.35000000000001,1.0177199999999997,3,4,2,1
TOX-9209,O=S(=O)(O)c1ccc2c(N=Nc3ccc(S(=O)(=O)O)c4ccccc34)c(O)c(S(=O)(=O)O)cc2c1,2.730796824,0,538.5370000000003,208.05999999999995,3.8541000000000007,4,9,5,4
TOX-9224,CCSCCSP(=O)(OC)OC,3.548835314,0,230.29099999999997,35.53,2.8736000000000015,0,5,7,0
TOX-9358,CCC(C)C1(CC)C(=O)NC(=S)NC1=O,3.403883237,0,228.317,58.2,0.9598,2,3,3,1
TOX-9371,COP(=O)(OC)Oc1ccc([N+](=O)[O-])cc1,5.73282923,1,247.143,87.9,2.3745000000000003,0,6,5,1
TOX-9396,CN(C)CCN(Cc1ccsc1)c1ccccn1,4.240772104,1,261.394,19.37,2.7113000000000005,0,4,6,2
TOX-9472,c1ccc(C(Cc2noc(CCN3CCCCC3)n2)c2ccccc2)cc1,4.052603079,1,361.489,42.160000000000004,4.472600000000004,0,4,7,4
TOX-9475,CCOc1ccc(CC2=NCCc3cc(OCC)c(OCC)cc32)cc1OCC,4.434700443,1,397.51500000000016,49.28,4.869300000000004,0,5,10,3
TOX-9481,COc1cc(C(=O)OC(C)CN2CCN(C(=O)c3cc(OC)c(OC)c(OC)c3)CC2)cc(OC)c1OC,3.521981071,0,532.5900000000003,105.23000000000002,2.741500000000001,0,10,11,3
TOX-9482,O=C1NC(=O)C2C3C(C(O)(c4ccccc4)c4ccccn4)=CC(C3=C(c3ccccc3)c3ccccn3)C12,5.882491071,1,511.5810000000002,92.18,4.289400000000003,2,5,5,7
TOX-9532,O=C(O)c1ccc(I)cc1,2.498910787,0,248.019,37.3,1.9893999999999998,1,1,1,1
TOX-9746,CNC(=O)Oc1cccc2sccc12,3.92160131,1,207.254,38.33,2.6195000000000013,1,3,1,2
TOX-9807,CCN(CC)C(C)CN1c2ccccc2Sc2ccccc21,4.318269352,1,312.482,6.48,5.019600000000005,0,3,5,3
TOX-9828,NC(=O)O,3.194381819,0,61.040000000000006,63.32000000000001,-0.37690000000000007,2,1,0,0
TOX-9916,O=C1CC2(CCCCC2)CC(=O)N1,4.257955081,1,181.235,46.17,1.3735,1,2,0,2
TOX-9956,CCC(CN)=C(c1ccccc1)c1ccccc1,4.134488064,1,237.346,26.02,3.8572000000000024,1,1,4,2
TOX-9962,CCCC(C(=O)c1ccc(C)cc1)N1CCCC1,3.717394197,1,245.36599999999993,20.310000000000002,3.4422200000000025,0,2,5,2
TOX-9974,CN(C)CCC=C1c2ccccc2CSc2sccc21,4.296832432,1,301.48,3.24,4.737200000000004,0,3,3,3
TOX-10009,Clc1ccc(Cn2c(CN3CCCC3)nc3ccccc32)cc1,3.642888752,1,325.84299999999996,21.060000000000002,4.333800000000003,0,3,4,4
TOX-10018,COc1ccc2c(=O)c(C)c(-c3ccccc3)oc2c1CN(C)C,5.231245047,1,323.3920000000001,42.68,3.8386200000000024,0,4,4,3
TOX-10031,O=C(O)C(NCCNC(C(=O)O)c1ccccc1O)c1ccccc1O,3.884323046,1,360.3660000000001,139.12,1.2286000000000001,6,6,9,2
TOX-10041,COC(=O)C1C2CC3c4[nH]c5cc(OC)ccc5c4CCN3CC2CC(OC)C1OC,4.251496377,1,428.5290000000003,73.02000000000001,2.934700000000001,1,6,4,5
TOX-10123,COc1ccccc1N1CCN(CCCC(=O)c2ccc(F)cc2)CC1,4.250701693,1,356.44100000000003,32.78,3.6194000000000024,0,4,7,3
TOX-10129,CCSP(=O)(SCC)SCC,3.060626712,0,230.35999999999996,17.07,4.353800000000003,0,4,6,0
TOX-10150,CC(=O)Oc1ccc2c3c1OC1C(OC(C)=O)C=CC4C(C2)N(C)CCC341,4.215049309,1,369.41700000000014,65.07000000000001,1.9886,0,6,2,5
TOX-10164,CCNNC(=O)C1C(c2cc(OC)c(OC)c(OC)c2)c2cc3c(cc2C(O)C1CO)OCO3,3.529842865,0,474.5100000000002,127.74000000000002,1.485399999999999,4,9,8,4
TOX-10249,CN(C)C(=O)C1(c2ccc(Cl)cc2)CCN(CCCC(=O)c2ccc(F)cc2)CC1,4.457612711,1,430.9510000000002,40.620000000000005,4.564000000000004,0,3,7,3
TOX-10308,CC1CCN(CCCC(=O)c2ccc(F)cc2)CC1,3.818183879,1,263.356,20.310000000000002,3.520500000000003,0,2,5,2
TOX-10329,O=S1(=O)CCCCO1,2.702243518,0,136.172,43.370000000000005,0.12660000000000005,0,3,0,1
TOX-10331,CCN(C(=O)CCC(=O)O)c1c(I)cc(I)c(N)c1I,3.219828724,0,613.9590000000001,83.63,3.300300000000001,2,3,5,1
TOX-10353,CNC(=O)ON=CC(C)(C)S(C)=O,5.745812028,1,206.26699999999997,67.75999999999999,0.48529999999999984,1,4,3,0
TOX-10354,CNC(=O)ON=CC(C)(C)S(C)(=O)=O,4.173310318,1,222.26599999999996,84.82999999999998,0.15139999999999998,1,5,3,0
TOX-10356,O=C(CCCN1CCN(c2ccccn2)CC1)c1ccc(F)cc1,4.116843671,1,327.403,36.440000000000005,3.0058000000000016,0,4,6,3
TOX-10435,Cc1ncc2cscc2c1O,3.293288422,0,165.21699999999998,33.120000000000005,2.3103200000000004,1,3,0,2
TOX-10477,CC12C=CC(=O)C=C1CCC1C2C(O)CC2(C)C1CCC2(O)C(=O)COC(=O)CCC(=O)O,2.776486751,0,460.5230000000004,138.2,1.9732999999999998,3,7,6,4
TOX-10556,CN(C)CCCC1(C#N)c2ccccc2CCc2ccccc21,4.036045324,1,304.437,27.03,3.9366800000000035,0,2,4,3
TOX-10708,CC(C)(C)NCCCCN,2.88934583,0,144.262,38.05,1.1134,2,2,4,0
TOX-10763,NC(=O)C1(N2CCCCC2)CCN(CCCC(=O)c2ccc(F)cc2)CC1,3.89304499,1,375.48800000000006,66.64000000000001,2.5944000000000003,1,4,7,3
TOX-10850,CCCC(=O)Nc1c(I)cc(I)c(C=C(CC)C(=O)O)c1I,3.124140964,0,639.0090000000001,66.4,5.117000000000003,2,2,6,1
TOX-10871,O=C(O)c1[nH]n(-c2ccc(S(=O)(=O)O)cc2)c(=O)c1/N=N/c1ccc(S(=O)(=O)O)cc1,2.369243278,0,468.4250000000002,208.54999999999998,1.7726000000000002,4,9,6,3
TOX-10903,CNC(=O)Oc1ccccc1,4.045634507,1,151.165,38.33,1.4048,1,2,1,1
TOX-10909,CSCCC(NC(=O)C(N)Cc1c[nH]c2ccccc12)C(=O)NC(CC(=O)O)C(=O)NC(Cc1ccccc1)C(N)=O,2.775429627,0,596.7100000000003,209.49999999999997,0.4479000000000054,7,7,16,3
TOX-10948,CN1CCN(C2=Nc3ccccc3Cc3ccccc32)CC1,3.685997687,1,291.3980000000001,18.84,2.916500000000001,0,3,0,4
TOX-11057,CCCc1cc(Cc2cc(CCC)cc(OC)c2OCC(=O)N(CC)CC)c(OCC(=O)N(CC)CC)c(OC)c1,4.154072248,1,570.7710000000004,77.53999999999999,5.694000000000006,0,6,18,2
TOX-11095,C#CC(C)(O)C(O)c1ccccc1,2.830758203,0,176.21499999999997,40.46,1.1042,2,2,2,1
TOX-11096,Brc1nc(Br)c(Br)[nH]1,4.303579067,1,304.76699999999994,28.68,2.6972,1,1,0,1
TOX-11164,CN1CCN(C2=Nc3ccccc3Sc3ccc(Cl)cc32)CC1,3.887714278,1,343.8830000000001,18.84,4.1303000000000045,0,4,0,4
TOX-11171,O=C(CCCN1CCC(O)(c2cccc(C(F)(F)F)c2)CC1)c1ccc(F)cc1,4.465796423,1,409.4230000000002,40.540000000000006,4.791000000000004,1,3,6,3
TOX-11172,O=C(CCCN1CCC(n2c(=O)[nH]c3ccccc32)CC1)c1ccc(F)cc1,4.258974868,1,381.4510000000002,58.1,3.7687000000000026,1,4,6,4
TOX-11175,CC(CN(C)C)N1c2ccccc2CCc2ccccc21,4.146451988,1,280.415,6.48,3.873400000000003,0,2,3,3
TOX-11176,CC(CN1c2ccccc2CCc2ccccc21)N(C)C,4.105059303,1,280.41499999999996,6.48,3.873400000000003,0,2,3,3
TOX-11181,CCC1(O)CC2CN(CCc3c([nH]c4ccccc34)C(C(=O)OC)(c3cc4c(cc3OC)N(C=O)C3C(O)(C(=O)OC)C(OC(C)=O)C5(CC)C=CCN6CCC43C65)C2)C1,5.914682598,1,824.9719999999999,171.17,3.5175000000000027,3,12,8,9
TOX-11222,CCN(CC)CCN1c2ccccc2CCc2ccccc21,4.053745443,1,294.442,6.48,4.265100000000004,0,2,5,3
TOX-11239,O=C(O)c1ccc(OCC(CSCCBr)SCCBr)cc1,4.658910767,1,458.2370000000001,46.53,4.388400000000003,1,4,11,1
TOX-11286,COc1ccc(C(=O)C(Br)=CC(=O)O)cc1,3.064108532,0,285.09299999999996,63.60000000000001,2.2413,1,3,4,1
TOX-11287,NS(=O)(=O)c1cc2c(cc1Cl)CN(C1CCCCC1)C2=O,3.43680618,0,328.8210000000002,80.47,2.275900000000001,1,3,2,3
TOX-11322,CC1(C)CC(C(=O)O)C(C)(C)N1O,1.823104531,0,187.23899999999998,60.769999999999996,1.3393,2,3,1,1
TOX-11382,CC12CCC(=O)C=C1C=CC1C2CCC2(C)C1CCC2(O)CCC(=O)O,3.504898377,0,358.4780000000001,74.6,3.8902000000000028,2,3,3,4
TOX-11392,CCN(CC)CCOc1ccccc1C(=O)CCc1ccccc1,4.194162179,1,325.452,29.54,4.222700000000004,0,3,10,2
TOX-11508,COP(=O)(OC)Oc1ccc([N+](=O)[O-])c(C)c1,4.898193493,1,261.16999999999996,87.9,2.68292,0,6,5,1
TOX-11523,Cc1cccc(C2(C(=O)N3CCCC3)CCN(CCCC(=O)c3ccc(F)cc3)CC2)c1,4.671226238,1,436.5710000000002,40.620000000000005,4.753220000000005,0,3,7,4
TOX-11529,CC(=O)OCC12CCC(C)=CC1OC1C(O)C(OC(C)=O)C2(C)C12CO2,5.449748715,1,366.41000000000025,94.59,1.1248999999999998,1,7,3,4
TOX-11631,CCOC(C)C(C=NNC(N)=S)=NNC(N)=S,3.180953666,0,276.391,110.05,-0.5803999999999978,4,5,6,0
TOX-11647,CC(=O)Nc1ccc(S(=O)(=O)O)c2cc(S(=O)(=O)O)c(N=Nc3ccc(N=Nc4ccc(S(=O)(=O)O)cc4)c4ccc(S(=O)(=O)O)cc34)c(O)c12,2.493576163,0,779.7650000000003,316.25000000000006,5.474600000000003,6,14,9,5
TOX-11648,O=S(=O)(O)CNc1ccc(N=Nc2ccc3cc(S(=O)(=O)O)c(N=Nc4cccc(Nc5ccc(N=Nc6c(S(=O)(=O)O)cc7ccc(N=Nc8ccc(NCS(=O)(=O)O)cc8NCS(=O)(=O)O)cc7c6O)cc5S(=O)(=O)O)c4)c(O)c3c2)c(NCS(=O)(=O)O)c1,3.666852608,1,1394.4090000000003,580.08,9.578300000000006,14,29,25,8
TOX-11692,COP(=S)(OC)SCC(=O)N(C)C=O,3.86581027,1,257.27299999999997,55.84,0.8516999999999999,0,6,6,0
TOX-11705,NC(C(=O)O)c1cc(=O)[nH]o1,3.575506066,0,158.11299999999997,109.32000000000001,-0.9476999999999998,3,4,2,1
TOX-11795,CS(=O)(=O)c1ccc(C(O)C(COC(=O)CN)NC(=O)C(Cl)Cl)cc1,2.922055913,0,413.279,135.79000000000002,-0.0860999999999989,3,7,8,1
TOX-11796,O=C1C=Cc2cc(S(=O)(=O)O)cc(S(=O)(=O)O)c2C1=NNc1ccc(S(=O)(=O)O)c2ccccc12,2.730796824,0,538.5370000000003,204.56999999999996,1.9920000000000002,4,9,5,4
TOX-11821,O=c1[nH]c(=O)[nH]c(=O)[nH]1,3.110665247,0,129.075,98.57999999999998,-2.2485000000000004,3,3,0,1
TOX-11828,CNC(=O)Oc1cc(C)cc(C(C)C)c1,4.61727075,1,207.273,38.33,2.836620000000001,1,2,2,1
TOX-11829,CNC(=O)Oc1ccccc1C(C)C,3.46627494,0,193.24599999999998,38.33,2.528200000000001,1,2,2,1
TOX-11906,CNC(=O)Oc1cc(C)c(C)c(C)c1,3.780668897,1,193.24599999999998,38.33,2.3300600000000005,1,2,1,1
TOX-11911,O=[N+]([O-])N1CN([N+](=O)[O-])CN([N+](=O)[O-])CN([N+](=O)[O-])C1,4.07341407,1,296.15600000000006,185.52,-2.195199999999998,0,8,4,1
TOX-11920,N#CC(C#N)=Cc1ccccc1Cl,3.827048567,1,188.61699999999996,47.58,2.7705600000000006,0,2,1,1
TOX-11937,Nc1ccc(N=Nc2ccc(S(=O)(=O)O)cc2)cc1S(=O)(=O)O,2.154701396,0,357.3690000000001,159.48,2.1776,3,7,4,2
TOX-11944,COC1OC2c3cc4c(cc3CCN(C)C2c2ccc3c(c21)OCO3)OCO4,2.859078097,0,383.4000000000002,58.620000000000005,3.0895,0,7,1,6
TOX-11961,CN(C)CCN1C(=O)c2ccccc2Nc2cc(Cl)ccc21,4.083499631,1,315.80400000000003,35.58,3.605400000000002,1,3,3,3
TOX-11995,CC(C)=CCCC1(C)C=Cc2c(O)c3c(c(CC=C(C)C)c2O1)OC12C(=CC4CC1C(C)(C)OC2(CC=C(C)C(=O)O)C4=O)C3=O,3.76882861,1,628.7620000000004,119.36000000000001,7.239300000000007,2,7,8,7
TOX-12004,NCc1cc(=O)[nH]o1,4.403871067,1,114.10399999999998,72.02000000000001,-0.5734000000000001,2,3,1,1
TOX-12050,CN1C(=O)CC2(CCN(CCCC(=O)c3ccc(F)cc3)CC2)C1=O,3.575503193,0,346.4020000000001,57.690000000000005,2.2595,0,4,5,3
TOX-12083,Cc1cccc(C)c1C(OCCOCCN(C)C)c1c(C)cccc1C,4.249532347,1,355.52200000000005,21.700000000000003,4.604480000000005,0,3,9,2
TOX-12187,O=C1CN=C(c2ccccc2Cl)c2cc(Cl)ccc2N1,3.735745734,1,305.164,41.46,3.7829000000000015,1,2,1,3
TOX-12192,CN1CCN=C(c2ccccc2)c2cc(Cl)ccc21,3.470118568,0,270.76300000000003,15.6,3.627200000000003,0,2,1,3
TOX-12265,O=C(CCCN1CCC(C(=O)N2CCCC2)(c2cccc(Cl)c2)CC1)c1ccc(F)cc1,4.211984877,1,456.9890000000001,40.620000000000005,5.098200000000006,0,3,7,4
TOX-12343,NCC(=O)OCC(NC(=O)C(Cl)Cl)C(O)c1ccc([N+](=O)[O-])cc1,3.139326958,0,380.18400000000014,144.79000000000002,0.4186000000000004,3,7,8,1
TOX-12363,CN(C)CCC1(c2ccccc2)C=Cc2ccccc21,3.988841944,1,263.384,3.24,3.9512000000000027,0,1,4,3
TOX-12401,CCCCP(=O)(OCC)Oc1ccc([N+](=O)[O-])cc1,5.458024507,1,287.252,78.67,4.003300000000003,0,5,8,1
TOX-12442,OCCN1CCCCC1,2.890879921,0,129.203,23.47,0.4645999999999997,1,2,2,1
TOX-12476,CCC(CC)(C(=O)O)c1cccc2ccccc12,2.747576263,0,242.318,37.3,3.9822000000000024,1,1,4,2
TOX-12537,CC1OC(n2cc(F)c(=O)[nH]c2=O)C(O)C1O,2.391057254,0,246.19400000000002,104.55000000000001,-1.6851999999999996,3,6,1,2
TOX-12559,Nc1c(I)cc(I)c(C(=O)N(CCC(=O)O)c2ccccc2)c1I,3.121762688,0,662.0030000000003,83.63000000000001,4.204100000000002,2,3,5,2
TOX-12576,COc1cc2c(c(OC)c1OC)-c1ccc(N)c(=O)cc1C(NC(C)=O)CC2,4.113266218,1,384.4320000000002,99.88,2.4452,2,6,4,3
TOX-12603,COCc1c(CO)cnc(C)c1O,2.639430845,0,183.207,62.58,0.7343199999999999,2,4,3,1
TOX-12723,CNC(C)Cc1ccc(OC)cc1,3.651118062,1,179.26299999999998,21.259999999999998,1.8456,1,2,4,1
TOX-12809,O=C(O)CCNC(=O)c1ccccc1,1.742156626,0,193.20200000000003,66.4,0.8911,2,2,4,1
TOX-12831,CS(=O)(=O)OCCCNCCCOS(C)(=O)=O,3.585897299,0,289.375,98.77000000000001,-0.6913999999999982,1,7,10,0
TOX-12877,CN(C)C(=O)N(C)N=O,2.737306883,0,131.135,52.980000000000004,0.2812,0,3,1,0
TOX-12879,COc1cc2c(c(OC)c1OC)-c1ccc(OC)c(=O)cc1C(N)CC2,4.251837219,1,357.4060000000002,80.01,2.6942000000000004,1,6,4,3
TOX-12891,COc1cc2c(c(OC)c1OC)-c1ccc(O)c(=O)cc1C(N)CC2,4.173719449,1,343.37900000000013,91.01,2.3912000000000004,2,6,3,3
TOX-12957,COc1cc(C(=O)OCCN2CCN(C(C)CN3c4ccccc4Sc4ccc(Cl)cc43)CC2)cc(OC)c1OC,4.012671063,1,598.1650000000002,63.71000000000001,5.831600000000006,0,9,10,5
TOX-12967,O=C(O)CCC(=O)OCC(NC(=O)C(Cl)Cl)C(O)c1ccc([N+](=O)[O-])cc1,2.419536925,0,423.20500000000015,156.07,1.3247,3,7,10,1
TOX-12982,CN(C)c1ccc(Nc2cc3nc4ccc(N(C)C)cc4nc3cc2N)cc1,3.993263873,1,372.4760000000001,70.31,4.240800000000003,2,6,4,4
TOX-12986,COc1ccc(C(=O)CCC(=O)O)c2ccccc12,2.655900035,0,258.273,63.60000000000001,2.895900000000001,1,3,5,2
TOX-13001,COc1ccc(C(=O)CCCN2CC=C(c3ccccc3)CC2)cc1,4.163622165,1,335.44700000000006,29.54,4.447400000000004,0,3,7,3
TOX-13008,CCN1CCCC(OC(=O)C(O)(c2ccccc2)c2ccccc2)C1,4.13253942,1,339.4350000000001,49.769999999999996,2.950000000000002,1,4,5,3
TOX-13016,O=S(=O)(O)c1ccc(N=Nc2cc(S(=O)(=O)O)c3ccccc3c2O)c2ccccc12,2.757772903,0,458.4730000000002,153.68999999999997,4.607400000000004,3,7,4,4
TOX-13030,CS(=O)(=O)OCCCl,3.043283719,0,158.606,43.370000000000005,0.20140000000000002,0,3,3,0
TOX-13048,CC1C2Cc3ccc(O)cc3C1(C)CCN2CC1CC1,3.928135882,1,271.404,23.47,3.3264000000000022,1,2,2,4
TOX-13061,OC1C2(c3ccccc3)CN3CN(C2)CC1(c1ccccc1)C3,5.184949953,1,306.409,26.71,1.8256000000000003,1,3,2,6
TOX-13084,CN(C)CCCN1c2cc(Cl)ccc2CCc2ccc(Cl)cc21,3.92894635,1,349.305,6.48,5.181800000000004,0,2,4,3
TOX-13085,CN(C)CCCN1c2cc(Cl)ccc2C=Cc2ccc(Cl)cc21,4.216968993,1,347.28900000000004,6.48,5.567000000000005,0,2,4,3
TOX-13135,Cc1ncc(CS)c(CS)c1O,3.669823059,1,201.316,33.120000000000005,1.9552200000000006,3,4,2,1
TOX-13140,O=C1C(CCSc2ccccc2)C(=O)N(c2ccccc2)N1c1ccccc1,3.310208569,0,388.4920000000001,40.620000000000005,4.780000000000004,0,3,6,4
TOX-13307,O=S(=O)(Nc1ncc(OCCO)cn1)c1ccccc1,1.79781642,0,295.32,101.41000000000001,0.6484999999999994,2,6,6,2
TOX-13308,O=C(O)COc1cnc(NS(=O)(=O)c2ccccc2)nc1,1.799825555,0,309.303,118.48,0.7407999999999995,2,6,6,2
TOX-13359,O=S(=O)(O)c1ccc2c(c1)N=c1cc3c(cc1N2)=Nc1cc(S(=O)(=O)O)ccc1N3,2.571904261,0,444.4500000000001,157.51999999999998,2.1966,4,8,2,5
TOX-13366,Cc1ccc(C2(O)CCN(CCCC(=O)c3ccc(F)cc3)CC2)cc1,4.467745938,1,355.4530000000001,40.54,4.080620000000003,1,3,6,3
TOX-13429,COC1CC(OC2C(C)C(=O)OC(C)C(C)C(O)C(C)C(=O)C3(CO3)CC(C)C(OC3OC(C)CC(N(C)C)C3O)C2C)OC(C)C1O,3.203907647,0,687.8680000000004,165.98,1.9085000000000032,3,13,6,4
TOX-13471,C=C1c2cccc(O)c2C(=O)C2=C(O)C3(O)C(=O)C(C(N)=O)C(=O)C(N(C)C)C3C(O)C12,3.340229655,0,442.42400000000015,178.46,-1.0646999999999984,5,9,2,4
TOX-13622,CNCCc1ccc(OC)cc1,4.837592015,1,165.236,21.259999999999998,1.4571,1,2,4,1
TOX-13699,Oc1ccc2c(c1)C13CCCCC1C(C2)N(CC1CC1)CC3,4.111395836,1,297.44200000000006,23.47,3.8606000000000025,1,2,2,5
TOX-13831,CCCS(=O)CCC,2.428395718,0,134.244,17.07,1.5551,0,1,4,0
TOX-13832,C=CCC(N)Cc1ccccc1,3.573703756,0,161.248,26.02,2.1325000000000003,1,1,4,1
TOX-13891,Oc1ccc(C(O)CNCCCCCCNCC(O)c2ccc(O)c(O)c2)cc1O,3.86006116,1,420.50600000000003,145.44,2.0156000000000005,8,8,13,2
TOX-13955,COC(=O)C1=COC(C)C2CN3CCc4c([nH]c5ccccc45)C3CC12,4.166593734,1,352.434,54.56,3.1788000000000016,1,4,1,5
TOX-13957,CCCCC(CC)COC(=O)c1ccccc1C(=O)O,3.268203112,0,278.348,63.60000000000001,3.7580000000000027,1,3,8,1
TOX-14028,O=C1OCCC12CCCCC2,3.710676819,1,154.20899999999997,26.3,1.8838000000000001,0,2,0,2
TOX-14038,CC1CCOS(=O)O1,2.656486027,0,136.172,35.53,0.39050000000000007,0,3,0,1
TOX-14044,O=C(O)C1=CC(=C(c2ccc(O)c(C(=O)O)c2)c2ccc(O)c(C(=O)O)c2)C=CC1=O,3.093945445,0,422.34500000000014,169.42999999999998,2.4460000000000006,5,6,5,3
TOX-14099,CCC(C)C(NC(=O)C(Cc1ccc(O)cc1)NC(=O)C(NC(=O)C(CCCNC(=N)N)NC(=O)C(N)CC(=O)O)C(C)C)C(=O)NC(Cc1cnc[nH]1)C(=O)N1CCCC1C(=O)NC(Cc1ccccc1)C(=O)O,4.77878788,1,1046.1969999999997,406.34,-1.1050300000000128,14,13,29,4
TOX-14136,CN(C)CCC=C(c1ccccc1)c1ccc(C(F)(F)F)cc1,3.831862707,1,319.37,3.24,5.088800000000004,0,1,5,2
TOX-14232,CN(C)CCC=C1c2ccccc2Sc2ccccc21,3.957572991,1,281.42400000000004,3.24,4.534600000000004,0,2,3,3
TOX-14333,Cn1c(=O)[nH]c2nncnc2c1=O,3.627645684,1,179.13899999999998,93.53,-1.588200000000001,1,6,0,2
TOX-14352,O=C1NCC2(CCN(CCc3ccccc3)CC2)O1,3.328879813,0,260.337,41.57000000000001,1.8034999999999997,1,3,3,3
TOX-14360,O=C(CCCN1CC=C(c2ccccc2)CC1)c1ccccc1,4.338454998,1,305.421,20.310000000000002,4.438800000000004,0,2,6,3
TOX-14712,COc1cc(CC2c3cc(OC)c(OC)cc3CCN2C)c(Oc2cc3c(cc2OC)-c2c(OC)c(OC)cc4c2C(C3)N(C)CC4)cc1OC,3.949085799,1,696.841,80.32000000000001,7.062900000000008,0,10,11,7
TOX-14897,C=CCOc1cc(Cl)ccc1C(=O)NCCN(CC)CC,4.09363149,1,310.8250000000001,41.57,2.9764000000000017,1,3,9,1
TOX-14935,Nc1ncnc2c1ncn2C1OC(CO)C(O)C1O,2.946669793,0,267.245,139.54000000000002,-1.9800000000000006,4,9,2,3
TOX-14942,O=C(Cc1cccs1)NC1C(=O)N2C(C(=O)O)=C(CO)CSC12,1.762589031,0,354.4090000000001,106.94000000000001,0.021500000000000075,3,6,5,3
TOX-14946,Nc1nc(=O)c2ncn(C3OC(COP(=O)(O)O)C(O)C3O)c2[nH]1,2.125410693,0,363.223,206.03999999999996,-2.5696999999999988,6,10,4,3
TOX-14979,Cc1ccccc1CN1CCN(CCOC(c2ccccc2)c2ccccc2Cl)CC1,3.818169359,1,435.0110000000001,15.71,5.572220000000006,0,3,8,4
TOX-15008,CC(Cc1ccccc1)NCCCCl,3.780458782,1,211.73599999999993,12.03,2.836100000000001,1,1,6,1
TOX-15010,CNC(C)Cc1ccccc1OC,3.554208049,0,179.26299999999998,21.259999999999998,1.8456,1,2,4,1
TOX-15016,CC(C)NCC(O)c1ccccc1Cl,3.496074576,0,213.708,32.26,2.3714000000000004,2,2,4,1
TOX-15020,CNC(=O)c1c(I)c(NC(=O)CCCCCCCCC(=O)Nc2c(I)c(C(=O)O)c(I)c(C(=O)NC)c2I)c(I)c(C(=O)O)c1I,2.297592595,0,1309.9760000000003,191.0,7.127800000000005,6,6,15,2
TOX-15025,COP(=S)(OC)Oc1nc(Cl)c(Cl)cc1Cl,2.273416641,0,322.53700000000003,40.58,3.9379000000000017,0,5,4,1
TOX-15054,O=C1CCC(c2ccccc2)(C2CCN(Cc3ccccc3)CC2)C(=O)N1,3.944715232,1,362.47300000000007,49.410000000000004,3.273200000000001,1,3,4,4
TOX-15058,CC(C1=C(CCN(C)C)Cc2ccccc21)c1ccccn1,4.034346069,1,292.426,16.130000000000003,4.146700000000004,0,2,5,3
TOX-15059,O=P1(N(CCCl)CCCl)NCCO1,2.872440871,0,247.06199999999998,41.57000000000001,1.4938999999999998,1,2,5,1
TOX-15080,CC(CN1CCOCC1)C(C(=O)N1CCCC1)(c1ccccc1)c1ccccc1,4.328243709,1,392.543,32.78,3.5634000000000023,0,3,6,4
TOX-15161,O=C1CC2(CCCC2)CO1,4.447423888,1,140.18200000000002,26.3,1.4937,0,2,0,2
TOX-15246,CCOC(=O)C1(c2ccccc2)CCN(CCOCCO)CC1,4.276341485,1,321.4170000000001,59.0,1.5922,1,5,8,2
TOX-15352,O=S(=O)(O)c1cc(S(=O)(=O)O)c2c(N=Nc3ccc(S(=O)(=O)O)c4ccccc34)c(O)c(S(=O)(=O)O)cc2c1,2.393005507,0,618.6010000000002,262.42999999999995,3.1008000000000013,5,11,6,4
TOX-15381,CN(C)c1ccc(O)cc1,3.381118447,0,137.18199999999996,23.47,1.4582,1,2,1,1
TOX-15402,CN1C2CCC1CC(OC(=O)C1CCC(C(=O)Oc3ccccc3)(C3CC4CCC(C3)N4C)c3ccccc31)C2,4.391844506,1,542.7200000000001,59.080000000000005,5.448600000000006,0,6,5,7
TOX-15416,c1ccc(C(OCCN2CCOCC2)c2ccccc2)cc1,3.928938207,1,297.39799999999997,21.700000000000003,3.1248000000000014,0,3,6,3
TOX-15424,CN(Cc1nc2c(N)nc(N)nc2[nH]c1=O)c1ccc(C(=O)NC(CCC(=O)O)C(=O)O)cc1,3.195172646,0,470.44600000000025,230.50999999999996,-0.4382999999999979,6,10,9,3
TOX-15450,CCCCCc1cc(O)c2c(c1)OC(C)(C)C1CC=C(C)CC21,3.51042561,0,314.46900000000005,29.46,5.735800000000006,1,2,4,3
TOX-15496,CC12CCC(=O)C=C1CCC1C2C(O)CC2(C)C1CCC2(O)C(=O)COP(=O)(O)O,2.844921922,0,442.4450000000002,141.36,1.8986,4,6,4,4
TOX-15542,CCN(CC)CCN(CCN(CC)CC)c1cc(OC)c(OC)cc1Br,3.280507553,0,430.4310000000001,28.180000000000003,3.9563000000000024,0,5,13,1
TOX-15544,COC1C=CC2=CCN3CCC4=C(CC(=O)OC4)C23C1,3.841990357,1,273.332,38.769999999999996,1.5893000000000002,0,4,1,4
TOX-15552,O=C1CC2(CCCCC2)CCO1,4.447470781,1,168.236,26.3,2.2739000000000003,0,2,0,2
TOX-15561,C=C1C(N(C)C)C(=O)N(c2ccccc2)N1C,3.165229589,0,231.299,26.790000000000006,1.3239,0,3,2,2
TOX-15563,Nc1ccc(CCC(N)c2ccc(N)cc2)cc1,3.618887892,1,241.33800000000005,78.06,2.483600000000001,3,3,4,2
TOX-15564,O=C(O)c1ccccc1OP(=O)(O)O,3.153763119,0,218.10099999999997,104.06,0.8562999999999998,3,3,3,1
TOX-15585,CC(=C1CCOC(=O)S1)N(C=O)Cc1cnc(C)nc1N,2.725259912,0,308.36300000000006,98.41,1.83062,1,7,4,2
TOX-15595,CC(=O)OC1CN2CCC1CC2,3.574967758,0,169.224,29.54,0.6436999999999999,0,3,1,3
TOX-15632,O=P(O)(O)CP(=O)(O)O,3.241467002,0,176.001,115.06,-0.7007000000000001,4,2,2,0
TOX-15635,CC1(S(=O)(=O)O)CC(=O)c2ccccc2C1=O,2.501791417,0,254.26299999999998,88.50999999999999,1.1022,1,4,1,2
TOX-15638,CC1CCC2C(C)C3C(CC4C5CC=C6CC(O)CCC6(C)C5CC(O)C43C)N2C1,3.771246535,1,413.64600000000024,43.7,4.625800000000005,2,3,0,6
TOX-15644,CC(N1CCCCC1)C(O)(c1ccccc1)c1ccccc1,4.072205174,1,295.42600000000004,23.47,3.7969000000000026,1,2,4,3
TOX-15664,CCCCCCOc1ccc(C(O)(C(=O)OCCN(CC)CC)c2ccccc2)cc1,3.630689461,1,427.58500000000015,59.00000000000001,4.766600000000005,1,5,14,2
TOX-15715,CCCNC(Cc1ccccc1)c1ccccc1,3.725511241,1,239.36200000000002,12.03,3.9700000000000024,1,1,6,2
TOX-15721,CC(C)NC(Cc1ccccc1)c1ccccc1,3.725511241,1,239.36200000000002,12.03,3.9684000000000026,1,1,5,2
TOX-15722,CC(C)CNC(Cc1ccccc1)c1ccccc1,3.590502417,0,253.389,12.03,4.216000000000003,1,1,6,2
TOX-15729,CCNC(Cc1ccccc1)c1ccccc1,3.612122273,1,225.335,12.03,3.579900000000002,1,1,5,2
TOX-15730,CCNC(Cc1ccc(OC)cc1)c1ccc(OC)cc1,3.853028446,1,285.387,30.49,3.597100000000003,1,3,7,2
TOX-16051,O=C(O)c1ccccc1[Se][Se]c1ccccc1C(=O)O,3.905083961,1,400.1500000000001,74.6,0.3571999999999997,2,2,5,2
TOX-16054,CN(C)CCCNc1c2ccccc2nc2cccc([N+](=O)[O-])c12,5.650398155,1,324.3840000000001,71.3,3.6598000000000024,1,5,6,3
TOX-16101,O=C(OC1C(OC(=O)c2cccnc2)C(OC(=O)c2cccnc2)C(OC(=O)c2cccnc2)C(OC(=O)c2cccnc2)C1OC(=O)c1cccnc1)c1cccnc1,3.48047039,0,810.7320000000001,235.14,3.723600000000003,0,18,12,7
TOX-16166,CC(C)CCOC(=O)CCCCC(=O)OCCC(C)C,2.650514553,0,286.4119999999999,52.60000000000001,3.725400000000003,0,4,11,0
TOX-16190,C=CCN1CCC2(CC)c3cc(O)ccc3CC1C2C,3.928135882,1,271.404,23.47,3.4925000000000024,1,2,3,3
TOX-16319,COc1cc2c3c(c1O)C1(C=CC(=O)C=C1)CC3N(C)CC2,3.569944883,0,297.3540000000001,49.77,2.266400000000001,1,4,1,4
TOX-16381,O=C(OC1CCN2CC3CC(CN4C(=O)CCCC34)C2C1)c1ccc[nH]1,5.075862182,1,357.454,65.64,2.0352999999999994,1,4,2,5
TOX-16388,COc1cc2c3c(c4ccc(OC)c(OC)c4c2cc1OC)CN1CCCC1C3,4.089438151,1,393.48300000000023,40.160000000000004,4.547900000000004,0,5,4,5
TOX-16401,CCCCC1C(=O)NC(=O)N(C2CCCCC2)C1=O,2.899834175,0,266.34099999999995,66.48,2.2039,1,3,4,2
TOX-16413,CN(CCOP(=O)(O)O)C(=N)N,2.18064971,0,197.13100000000003,119.86999999999999,-1.0790300000000002,4,3,4,0
TOX-16424,CNC(=O)C=C(C)OP(=O)(OC)OC,4.384645469,1,223.16499999999996,73.86,1.0536999999999999,1,5,5,0
TOX-16433,CC(C)OC(=O)CCCCC(=O)OC(C)C,2.555841962,0,230.30399999999997,52.60000000000001,2.45,0,4,7,0
TOX-16509,O=C(O)CC1(CO)CCCCC1,4.758694796,1,172.22399999999996,57.53,1.4039,2,2,3,1
TOX-16538,COC(=O)c1cncn1C(C)c1ccc(C)cc1,3.631737712,1,244.294,44.12,2.5874200000000007,0,4,3,2
TOX-16539,C=CCOC(=O)c1cncn1C(C)c1ccccc1,3.864385918,1,256.305,44.12,2.8352000000000013,0,4,5,2
TOX-16540,CCCOC(=O)c1cncn1C(C)c1ccccc1,4.031640409,1,258.321,44.12,3.0592000000000015,0,4,5,2
TOX-16541,CCOC(=O)c1cncn1C(CC)c1ccccc1,3.855549149,1,258.32099999999997,44.12,3.0592000000000015,0,4,5,2
TOX-16572,NC(=O)C1(N2CCCCC2)CCN(CCCN2c3ccccc3CCc3ccccc32)CC1,4.081467525,1,446.63900000000024,52.81000000000001,4.119200000000003,1,4,6,5
TOX-16576,CC(CC(c1ccccc1)c1ccccc1)NC(C)(C)C,4.017740072,1,281.44300000000004,12.03,4.985200000000004,1,1,5,2
TOX-16604,COC(=O)c1cncn1C(C)c1ccc(Cl)cc1,3.665841826,1,264.712,44.12,2.9324000000000012,0,4,3,2
TOX-16605,CCC(c1ccccc1)n1cncc1C(=O)OC,3.631737712,1,244.29399999999995,44.120000000000005,2.6691000000000003,0,4,4,2
TOX-16606,COC(=O)c1cncn1C(C)c1ccc(F)cc1,3.814848596,1,248.257,44.12,2.418100000000001,0,4,3,2
TOX-16607,CC(C)OC(=O)c1cncn1C(C)c1ccccc1,4.069428969,1,258.321,44.12,3.0576000000000016,0,4,4,2
TOX-16673,CC1CC(C)CC(C)C(O)C(C#N)=CC=CCC(C2CCCC2C(=O)O)OC(=O)CC(O)C(C)C1,5.388600253,1,489.65300000000036,127.85000000000001,4.635580000000004,3,6,2,2
TOX-16703,CN(CC1(C)CCCO1)S(=O)(=O)c1ccc(Cl)c(S(N)(=O)=O)c1,2.883131343,0,382.89100000000013,106.76999999999998,1.177,1,5,5,2
TOX-16717,CCN(CC)CC(=O)Nc1c(C)cccc1C(=O)OC,3.800849872,1,278.35200000000003,58.64,2.0619199999999998,1,4,6,1
TOX-16764,O=C1CC2(CCCCC2)CO1,4.710676819,1,154.209,26.3,1.8838000000000001,0,2,0,2
TOX-16773,CC(=O)OC1CC(OC2C(C)OC(OC3C(C)OC(OC4CCC5(C)C(CCC6C5CCC5(C)C(C7=CC(=O)OC7)C(OC(C)=O)CC65O)C4)CC3OC(C)=O)CC2OC(C)=O)OC(C)C1OC(C)=O,4.67364238,1,991.1340000000001,233.40999999999994,5.072100000000006,1,19,12,8
TOX-16774,CC(=O)OC1CC2(O)C3CCC4CC(OC5CC(O)C(OC6CC(O)C(OC7CC(O)C(O)C(C)O7)C(C)O6)C(C)O5)CCC4(C)C3CCC2(C)C1C1=CC(=O)OC1,4.697612983,1,822.9859999999996,209.12999999999997,2.7889000000000026,5,15,8,8
TOX-16873,COc1cc2c(c(OC)c1OC)-c1ccc(OC)c(=O)cc1C(N(C)C(C)=O)CC2,5.084632898,1,413.47000000000025,74.30000000000001,3.2138000000000018,0,6,5,3
TOX-16874,COc1cc2c(c(OC)c1OC)-c1ccc(OC)c(=O)cc1C(N(C)C)CC2,4.15426496,1,385.4600000000002,57.230000000000004,3.297100000000002,0,6,5,3
TOX-16970,CNC(Cc1ccccc1)c1ccccc1,3.546427686,0,211.308,12.03,3.1898000000000017,1,1,4,2
TOX-16978,COc1cc2c(c(OC)c1OC)-c1ccc(OC)c(=O)cc1C(NC=O)CC2,4.942198116,1,385.41600000000017,83.09,2.4815000000000005,1,6,6,3
TOX-16982,CN1CCN(CCN2CCN(CCCN3c4ccccc4Sc4ccc(Cl)cc43)CC2)C1=O,3.986938827,1,486.08500000000026,33.27,4.317800000000004,0,5,7,5
TOX-17029,CNCC(C)CN1CCCCCc2ccccc21,3.719221223,1,246.39799999999997,15.27,3.0749000000000013,1,2,4,2
TOX-17109,CCP(=O)(CC)Oc1ccc([N+](=O)[O-])cc1,4.860677701,1,243.199,69.44,3.291500000000002,0,4,5,1
TOX-17161,CCC(C)C1NC(=O)C(NC(=O)C2C(N)C(=O)C(C)C3Oc4c(C)ccc(C(=O)NC5C(=O)NC(C(C)C)C(=O)N6CCCC6C(=O)N(C)CC(=O)N(C)C(C(C)C)C(=O)OC5C)c4NC32)C(C)OC(=O)C(C(C)C)N(C)C(=O)CN(C)C(=O)C2CCCN2C1=O,4.105409371,1,1275.5129999999995,355.21,-0.2908800000000018,6,18,9,7
TOX-17168,CCCCCCCCCCCC(=O)OCCOCC(OCCO)C1OCC(OCCO)C1OCCO,2.519276587,0,522.6760000000004,133.14000000000001,1.9984000000000006,3,10,25,1
TOX-17169,CCCCCCCCCCCCCCCCCC(=O)OCCOCC(OCCO)C1OCC(OCCO)C1OCCO,2.696451122,0,606.8380000000003,133.14000000000001,4.339000000000004,3,10,31,1
TOX-17173,CCC(C)C1NC(=O)C(CC(C)C)NC(=O)C(CCN)NC(=O)C(NC(=O)C(CCN)NC(=O)C(NC(=O)C(CCN)NC=O)C(C)O)CCNC(=O)C(C(C)O)NC(=O)C(CCN)NC(=O)C(CCN)NC1=O,4.722924319,1,1057.2659999999994,490.65999999999985,-8.418099999999988,18,18,24,1
TOX-17175,CNC1C(OC2C(OC(=O)c3c(O)ccc4c(C)cc(OC)cc34)C=C3C#CC4(C5COC(=O)O5)OC4C#CCC32)OC(C)C(O)C1O,5.901304597,1,661.6600000000004,174.77,1.4673199999999993,4,13,7,7
TOX-17177,CC(C)CC(NC(=O)CNC(=O)C(Cc1ccc(O)cc1)NC(=O)C(CO)NC(=O)C(Cc1c[nH]c2ccccc12)NC(=O)C(Cc1cnc[nH]1)NC(=O)C1CCC(=O)N1)C(=O)NC(CCCNC(=N)N)C(=O)N1CCCC1C(=O)NCC(N)=O,3.76496857,1,1182.311,472.1299999999998,-4.177730000000016,17,15,31,6
TOX-17182,Cc1cc(=O)[nH]o1,1.995771292,0,99.089,46.0,0.27631999999999995,1,2,0,1
TOX-17184,CN(C)CCOC(=O)c1ccc(N)cc1,3.460985864,0,208.261,55.56,0.9871999999999996,1,4,4,1
TOX-17204,OCC1OC2OC3C(CO)OC(OC4C(CO)OC(OC5C(CO)OC(OC6C(CO)OC(OC7C(CO)OC(OC1C(O)C2O)C(O)C7O)C(O)C6O)C(O)C5O)C(O)C4O)C(O)C3O,3.091302171,0,972.8460000000011,474.9000000000001,-13.054800000000023,18,30,6,22
TOX-17205,O=C(O)CCC(=O)OC1CCCCC1,2.022512709,0,200.23399999999995,63.599999999999994,1.7270999999999999,1,3,4,1
TOX-17247,CC(=O)NC(CS)C(N)=O,1.937808218,0,162.214,72.19,-1.0938000000000005,3,3,3,0
TOX-17260,O=S1c2ccccc2N(CCCN2CCN(CCO)CC2)c2cc(Cl)ccc21,3.719249922,1,419.9780000000001,47.02000000000001,2.9582000000000015,1,5,6,4
TOX-17272,CNCCC=C1c2ccccc2CCc2sccc21,3.982815065,1,269.41299999999995,12.03,3.887900000000003,1,2,3,3
TOX-17316,C#CCN1C2CCC1CC(OC(=O)C(CO)c1ccccc1)C2,3.717621684,1,313.39700000000005,49.769999999999996,1.9342999999999997,1,4,5,3
TOX-17370,N=c1ccn2c(n1)OC1C(O)C(CO)OC12,2.438521035,0,225.204,100.59000000000002,-1.62583,3,7,1,3
TOX-17426,COP(N)(=O)SC,4.149229383,1,141.132,52.32,1.0626,1,3,2,0
TOX-17484,Oc1ccc(Nc2ccnc3cc(Cl)ccc23)cc1CN1CCCC1,4.016520124,1,353.85300000000024,48.39,4.933200000000004,2,4,4,4
TOX-17514,CNC(=O)c1c(I)c(NC(=O)CCCCC(=O)Nc2c(I)c(C(=O)O)c(I)c(C(=O)NC)c2I)c(I)c(C(=O)O)c1I,1.974280652,0,1253.8680000000002,191.0,5.567400000000003,6,6,11,2
TOX-17584,CC(C)=CC1C(C(=O)OCc2coc(Cc3ccccc3)c2)C1(C)C,4.876006244,1,338.44700000000006,39.44,5.1520000000000055,0,3,6,3
TOX-17589,O=C(CCCN1CCC(O)(c2ccc(Br)cc2)CC1)c1ccc(F)cc1,4.622329636,1,420.3220000000002,40.540000000000006,4.5347000000000035,1,3,6,3
TOX-17602,CNCCOC(c1ccccc1)c1ccccc1C,4.230743981,1,255.361,21.259999999999998,3.320420000000002,1,2,6,2
TOX-17696,CC1c2cccc(O)c2C(=O)C2=C(O)C3(O)C(=O)C(C(N)=O)C(=O)C(N(C)C)C3C(O)C21,3.363375195,0,444.44000000000017,178.46,-0.9743999999999984,5,9,2,4
TOX-17713,CCCCSCCSP(=S)(OCC)OCC,3.352940722,0,302.46700000000004,18.46,4.550400000000004,0,5,11,0
TOX-17723,CC(=O)C(NC(=O)C(C)C(O)C(C)NC(=O)C(NC(=O)c1nc(C(CC(N)=O)NCC(N)C(N)=O)nc(N)c1C)C(OC1OC(CO)C(O)C(O)C1(C)OC1OC(CO)C(O)C(O)(C(N)=O)C1O)c1cnc[nH]1)C(=O)NCCC1=NC(c2nc(C(N)=O)cs2)CS1,5.520309744,1,1326.393000000001,648.3700000000001,-9.341180000000023,20,31,31,6
TOX-17725,COC(C(=O)C(O)C(C)O)C1Cc2cc3cc(OC4CC(OC5CC(O)C(OC)C(C)O5)C(O)C(C)O4)cc(O)c3c(O)c2C(=O)C1OC1CC(OC2CC(O)C(O)C(C)O2)C(O)C(C)O1,5.694549791,1,940.9860000000003,308.51,-0.17469999999999342,9,21,14,7
TOX-17737,CC1CCC2(OC1)OC1C(O)C3C4CCC5CC(OC6OC(CO)C(OC7OC(CO)C(O)C(OC8OCC(O)C(O)C8O)C7OC7OC(CO)C(O)C(OC8OC(CO)C(O)C(O)C8O)C7O)C(O)C6O)C(O)CC5(C)C4CCC3(C)C1C2C,5.487348899,1,1229.3230000000008,454.67000000000013,-6.504500000000019,17,29,14,11
TOX-17756,COc1cc(C=CC(=O)OC2CCC34CC35CCC3(C)C(C(C)CCC=C(C)C)CCC3(C)C5CCC4C2(C)C)ccc1O,3.197845759,0,602.9000000000003,55.760000000000005,10.147399999999994,1,4,8,6
TOX-17760,CC1CC2OC3C(CC2OC2CC4OC5CC=CCC6OC7C=CC8OC9C(CC8OC7C=CC6OC5CC(O)C4(C)OC2C1)OC1CC=CC(C=CC(O)CO)OC1C9O)OC1C(C)C(C)C2(CC(O)CO2)OC1C(O)C3C,5.004167061,1,1111.3290000000002,241.36999999999995,2.966400000000008,6,19,3,13
TOX-17778,CC=C(C)C(=O)OC1C(OC(C)=O)C2(CO)C(O)CC3(C)C(=CCC4C5(C)CCC(OC6OC(C(=O)O)C(OC7OC(CO)C(O)C(O)C7O)C(O)C6OC6OC(CO)C(O)C(O)C6O)C(C)(CO)C5CCC43C)C2CC1(C)C,5.536566343,1,1131.2690000000005,388.0400000000001,-1.3210999999999875,13,23,14,8
TOX-17790,Clc1cccc(-c2ccc(Cl)c(Cl)c2Cl)c1Cl,2.956554875,0,326.437,0.0,6.620600000000001,0,0,1,2
TOX-17793,NCC1OC(OC2C(CO)OC(OC3C(O)C(N)CC(N)C3OC3OC(CO)C(O)CC3N)C2O)C(N)C(O)C1OC1OC(CO)C(O)C(O)C1O,3.319280206,0,761.7760000000005,406.2400000000001,-10.008300000000022,15,23,12,5
TOX-17829,COC(C(=O)C(O)C(C)O)C1Cc2cc3cc(OC4CC(OC5CC(O)C(O)C(C)O5)C(O)C(C)O4)c(C)c(O)c3c(O)c2C(=O)C1OC1CC(OC2CC(OC3CC(O)C(OC)C(C)O3)C(O)C(C)O2)C(O)C(C)O1,5.828415142,1,1085.156,347.20000000000005,0.01472000000001189,10,24,16,8
TOX-17830,CC=CC1=CN2C(=O)c3cc(OC4OC(C)C(NC)C(C)(O)C4O)c(C)c(O)c3NC(O)C2C1,7.214545896,1,475.54200000000026,143.75,0.9425199999999994,6,9,4,4
TOX-17877,CN1CCC(CNC(=O)CCCCCCCCC(=O)NCC2(c3ccccc3)CCN(C)CC2)(c2ccccc2)CC1,4.680092641,1,574.8540000000002,64.68,5.666800000000005,2,4,15,4
TOX-17919,COc1ccc(C(C)CN)cc1,3.740682002,1,165.236,35.25,1.7574,1,2,3,1
TOX-17920,COc1cccc(C(C)CN)c1,3.615743266,1,165.23599999999996,35.25,1.7573999999999999,1,2,3,1
TOX-17939,c1ccc2c(C(CCN3CCOCC3)CCN3CCOCC3)cccc2c1,4.151189885,1,368.5210000000001,24.94,3.368000000000002,0,4,7,4
TOX-17959,Clc1cccc(N2CCNCC2)c1,3.736147836,1,196.68099999999998,15.27,1.7495999999999998,1,2,1,2
TOX-17962,COc1ccc(OC)c(C(C)CN)c1,3.591349427,0,195.26199999999997,44.480000000000004,1.766,1,3,4,1
TOX-18024,C(=Nc1nc(-c2ccccc2)cs1)c1ccccc1,2.944688377,0,264.353,25.25,4.560700000000002,0,3,3,3
TOX-18116,C=CN(CC)N=O,3.055798062,0,100.121,32.67,1.1332,0,2,3,0
TOX-18121,CCN(Cc1ccncc1)N=O,3.673669055,1,165.196,45.56,1.5849,0,3,4,1
TOX-18122,CNC(=O)N(C)N=O,2.621220167,0,117.108,61.77,-0.06099999999999989,1,3,1,0
TOX-18125,N=C(Nc1ccc(Cl)cc1)Nc1nc2ccccc2[nH]1,3.007818019,0,285.73800000000006,76.59,3.6750700000000007,4,2,2,3
TOX-18192,CCOC(=O)CN(C)N=O,1.562516318,0,146.146,58.97,0.16270000000000007,0,4,4,0
TOX-18194,Cc1cccc2c(C)c3c(ccc4ccccc43)c(C)c12,3.334640095,0,270.375,0.0,6.0714600000000045,0,0,0,4
TOX-18227,CN(C)c1ccc(Nc2c3ccccc3nc3ccccc23)cc1,4.319677652,1,313.40400000000005,28.16,5.197600000000003,1,3,3,4
TOX-18237,COc1ccccc1N1CCN(CCCC(O)c2ccc(F)cc2)CC1,4.323752582,1,358.45700000000005,35.94,3.470100000000002,1,4,7,3
TOX-18276,CC1(C)N=C(N)N=C(N)N1c1ccc(Sc2ccc([N+](=O)[O-])cc2)cc1,3.188177267,0,370.4380000000001,123.13999999999999,2.9315000000000015,2,8,4,3
TOX-18279,c1ccc(-n2cncn2)cc1,2.971242901,0,145.16500000000002,30.71,1.2672999999999996,0,3,1,2
TOX-18373,O=[N+]([O-])c1nccn1CC(O)CO,1.86852722,0,187.155,101.42,-0.8555000000000004,2,6,4,1
TOX-18400,COC(=O)N(CCCl)N=O,5.178763818,1,166.564,58.97,0.9750000000000001,0,4,3,0
TOX-18429,CCC(NCCC(c1ccccc1)c1ccccc1)c1ccccc1,4.818491618,1,329.4870000000001,12.03,5.949500000000006,1,1,8,3
TOX-18450,CC12CCC3C(CCC45OC4C(=O)C(C#N)CC35C)C1CCC2O,3.508911194,0,329.44000000000005,73.62,2.8400800000000017,1,4,0,5
TOX-18552,CCCC(C)(O)C1CC23C=CC1(OC)C1Oc4c(O)ccc5c4C12CCN(C)C3C5,4.889864817,1,411.5420000000002,62.160000000000004,3.1636000000000015,2,5,4,7
TOX-18562,COc1ccc2c(c1)Sc1ccc(C(C)C(=O)O)cc1N2C,2.985212775,0,315.394,49.77,4.115800000000003,1,4,3,3
TOX-18584,CC1(C)COC(=O)C1,3.154089363,0,114.14399999999999,26.3,0.9595,0,2,0,1
TOX-18587,CN(C)CCOCCOC(=O)C1(c2ccccc2)CCCC1,3.861359545,1,305.4180000000002,38.77,2.6198000000000006,0,4,8,2
TOX-18601,CCOc1cc(C(=O)N(CC)CC)ccc1O,4.536165774,1,237.29899999999998,49.769999999999996,2.2729000000000004,1,3,5,1
TOX-18620,O=NN(CCF)C(=O)NC1CCCCC1,4.257531892,1,217.24399999999994,61.77,1.9816,1,3,4,1
TOX-18640,COC1C=COC2(C)Oc3c(C)c(O)c4c(O)c(cc(OCC(=O)O)c4c3C2=O)NC(=O)C(C)=CC=CC(C)C(O)C(C)C(O)C(C)C(OC(C)=O)C1C,2.652827047,0,755.8140000000003,227.60999999999999,4.5119200000000035,6,13,5,5
TOX-18778,CCOC(=O)Cc1ccc(-c2ccccc2)cc1,2.921030472,0,240.30200000000002,26.3,3.459200000000002,0,2,4,2
TOX-18833,CCC1(CC)CC(=O)NC(=O)C1,3.228180271,0,169.22399999999996,46.17,1.2294,1,2,2,1
TOX-18834,O=C1CC(c2ccccc2)CC(=O)N1,3.373562442,0,189.21399999999997,46.17,1.2067999999999999,1,2,1,2
TOX-19000,CC(C)NC1CCC(c2ccccc2)(c2ccccc2)CC1,4.052291797,1,293.4540000000001,12.03,4.913300000000004,1,1,4,3
TOX-19130,C=CCC(CCN(CC)CC)(C(=O)OCC)c1ccccc1,3.869039582,1,303.44599999999997,29.540000000000003,3.795500000000003,0,3,10,1
TOX-19221,CCOC(=O)NNc1nncc2ccccc12,3.15487135,0,232.24300000000002,76.14,1.7027999999999996,2,5,3,2
TOX-19292,CN1CCCCC1CCN1c2ccccc2Sc2ccc(S(C)(=O)=O)cc21,4.224153707,1,402.58500000000015,40.620000000000005,4.567200000000004,0,5,4,4
TOX-19374,CCCCCCCCCCCCCCCC(=O)OCC(=O)C1(O)C(C)CC2C3CCC4=CC(=O)C=CC4(C)C3(F)C(O)CC21C,3.85514151,1,630.8820000000002,100.90000000000002,7.927900000000011,2,6,17,4
TOX-19384,CN(C)CCC=C1c2ccccc2CCc2sccc21,4.090333873,1,283.44,3.24,4.230100000000004,0,2,3,3
TOX-19569,CCCCCCCCCCCCCCCCCC(=O)O,4.121270483,1,284.4839999999999,37.3,6.332500000000007,1,1,16,0
TOX-19587,Cc1cccc(OCC(O)CNC(C)(C)C)c1C,4.019805838,1,251.36999999999998,41.49,2.43124,2,3,5,1
TOX-19606,CCCCOC(=O)n1c(Br)nc(Br)c1Br,4.427946109,1,404.88399999999996,44.120000000000005,3.955400000000002,0,4,3,1
TOX-19691,CCN(CC)c1cc(C)nc2ncnn12,3.431231979,0,205.265,46.32000000000001,1.2789199999999998,0,5,3,2
TOX-20218,c1ccc(-n2cnnc2)cc1,3.581791003,0,145.16500000000002,30.71,1.2672999999999996,0,3,1,2
TOX-20282,CCOC(=O)N1CC=Cc2ccccc21,3.210790561,0,203.241,29.54,2.6763000000000012,0,2,1,2
TOX-20293,CON(C)N=O,2.840515897,0,90.082,41.9,0.16099999999999992,0,3,2,0
TOX-20295,CN(CCCl)N=O,3.744042752,1,122.555,32.67,0.8384,0,2,3,0
TOX-20327,CCN1CCC(=C2c3ccccc3CCc3ccccc32)C1C,4.277677486,1,303.449,3.24,4.7012000000000045,0,1,1,4
TOX-20341,CN(C)CCCN1C(=O)c2cc([N+](=O)[O-])ccc2Oc2ccccc21,3.792524863,1,341.3670000000001,75.92,3.299000000000002,0,5,5,3
TOX-20353,O=C1OC2(c3ccccc31)c1cc(I)c(O)c(I)c1Oc1c2cc(I)c(O)c1I,3.620994457,1,835.8950000000001,75.99000000000001,6.084200000000003,2,5,0,5
TOX-20377,CCCCNc1ccc(C(=O)OCCN(CC)CC)cc1,4.86367679,1,292.42299999999994,41.57,3.3972000000000024,1,4,10,1
TOX-20380,CCC1COC(=O)C1,3.05717935,0,114.14399999999999,26.3,0.9595,0,2,1,1
TOX-20477,Cc1ccc(NC(=O)CCl)cc1,3.484425757,0,183.63800000000003,29.1,2.17232,1,1,2,1
TOX-20534,OCCOCCN1CCN(CCOC(c2ccccc2)c2ccc(Cl)cc2)CC1,3.987881703,1,418.96500000000015,45.17,3.0725000000000016,1,5,11,3
TOX-20566,COc1cccc(C(=O)CCNC(C)C(O)c2ccccc2)c1,3.956907345,1,313.397,58.56,2.979700000000001,2,4,8,2
TOX-20633,CC(C)(CO)C(O)C(=O)NCCC(=O)NCCSSCCNC(=O)CCNC(=O)C(O)C(C)(C)CO,2.210971993,0,554.7320000000002,197.31999999999996,-1.628399999999993,8,10,19,0
TOX-20634,CC(C)NCC(O)COC(Cc1ccccc1)Cc1ccccc1,4.134585935,1,327.468,41.489999999999995,3.2159000000000013,2,3,10,2
TOX-20636,Cc1ccc(F)cc1NC1=NCCN1,3.613699085,1,193.225,36.42,1.5052199999999996,2,3,1,2
TOX-20649,CCOC(=O)c1cnc2cccc(C)n2c1=O,2.935911234,0,232.239,60.669999999999995,1.1796200000000001,0,5,2,2
TOX-20721,CCS(=O)(=O)CCSP(=O)(OC)OC,4.075876729,1,262.289,69.67,1.5552000000000001,0,6,7,0
TOX-20781,CCN(CC)CCNc1c2ccccc2nc2cccc([N+](=O)[O-])c12,4.997675769,1,338.4110000000001,71.3,4.049900000000003,1,5,7,3
TOX-20782,CCN(CC)CCCNc1c2ccccc2nc2cccc([N+](=O)[O-])c12,5.467642511,1,352.4380000000001,71.3,4.440000000000004,1,5,8,3
TOX-20785,CC(C)CCNCCCCCN,2.316954915,0,172.31599999999997,38.05,1.7510999999999999,2,2,8,0
TOX-20796,CCCCCCCCCCCCCCN(CC)C(C)(CO)CO,3.732259792,1,329.569,43.7,4.752700000000006,2,3,17,0
TOX-20957,O=C(CCCN1CCC(O)(c2ccc(Cl)c(C(F)(F)F)c2)CC1)c1ccc(F)cc1,4.416048492,1,443.86800000000017,40.540000000000006,5.444400000000005,1,3,6,3
TOX-20967,CNCC12CCC(c3ccccc31)c1ccccc12,3.910925303,1,249.357,12.03,3.4312000000000022,1,1,2,5
TOX-21007,COC1C=CC23c4cc5c(cc4C(O)OC2CN(C)C3C1)OCO5,3.847874437,1,331.3680000000001,60.39,1.3316999999999997,1,6,1,5
TOX-21087,CC(=O)NNC(=O)c1ccccn1,2.580921283,0,179.179,71.09,-0.1375000000000004,2,3,1,1
TOX-21088,CC(=O)SCc1cnc(C)c(O)c1CN,2.746804428,0,226.30099999999996,76.21,1.33402,2,5,3,1
TOX-21151,CC(=O)OC1CC(OC2C(O)CC(OC3C(O)CC(OC4CCC5(C)C(CCC6C5CCC5(C)C(C7=CC(=O)OC7)CCC65O)C4)OC3C)OC2C)OC(C)C1OC1OC(CO)C(O)C(O)C1O,4.78199133,1,969.1280000000005,268.04999999999995,1.6423000000000048,7,19,11,9
TOX-21153,CC(=O)OC1CC(OC2C(O)CC(OC3C(O)CC(OC4CCC5(C)C(CCC6C5CC(O)C5(C)C(C7=CC(=O)OC7)CCC65O)C4)OC3C)OC2C)OC(C)C1OC1OC(CO)C(O)C(O)C1O,4.775740589,1,985.1270000000004,288.28,0.6131000000000075,8,20,11,9
TOX-21219,CCN(CC)CCN1C(=O)CN=C(c2ccccc2F)c2cc(Cl)ccc21,3.996566902,1,387.88600000000014,35.91,4.004900000000003,0,3,6,3
TOX-21255,CC(=O)NC(CCc1ccc(N)cc1)c1ccc(N)cc1,3.703864518,1,283.375,81.14,2.6610000000000005,3,3,5,2
TOX-21264,OCC(O)CN1CCN(c2ccccc2)CC1,3.072171701,0,236.31500000000003,46.940000000000005,0.16179999999999972,2,4,4,2
TOX-21265,OCCOCCOCCN1CCN(C(c2ccccc2)c2ccc(Cl)cc2)CC1,3.857922165,1,418.96500000000015,45.17,3.0725000000000016,1,5,11,3
TOX-21301,CCCC(=O)N1CCN(CC=Cc2ccccc2)CC1,3.589759557,0,272.3920000000001,23.550000000000004,2.644100000000001,0,2,5,2
TOX-21367,C#CCN(C)CCCOc1ccc(Cl)cc1Cl,3.640670618,1,272.175,12.47,3.327300000000002,0,2,6,1
TOX-21424,COc1ccc2c(=O)c3ccccc3oc2c1CN1CCCCC1,4.254123793,1,323.39200000000017,42.68,3.940700000000003,0,4,3,4
TOX-21577,O=C1OC(CCN2CCCCC2)OC1(c1ccccc1)c1ccccc1,3.76743963,1,351.446,38.769999999999996,3.705700000000003,0,4,5,4
TOX-21685,COC(C(=O)C(O)C(C)O)C1Cc2cc3cc(OC4CC(OC5CC(O)C(O)C(C)O5)C(O)C(C)O4)c(C)c(O)c3c(O)c2C(=O)C1OC1CC(OC2CC(OC3CC(C)(O)C(O)C(C)O3)C(O)C(C)O2)C(O)C(C)O1,5.794442246,1,1085.156,358.20000000000005,-0.24927999999998884,11,24,15,8
TOX-21788,COc1cc(CC2NCCc3cc(O)c(O)cc32)cc(OC)c1OC,3.297232664,0,345.39500000000015,80.18,2.5531000000000006,3,6,5,3
TOX-21828,CC(=C(CCO)SSC(CCO)=C(C)N(C=O)Cc1cnc(C)nc1N)N(C=O)Cc1cnc(C)nc1N,2.653008966,0,562.7220000000001,184.67999999999998,2.27404,4,12,15,2
TOX-21855,COc1cc(C)nc(-n2nc(C)cc2OC)n1,3.039025986,0,234.259,62.06,1.2963399999999998,0,6,3,2
TOX-21889,CCOC(C(=O)NCCN(C)C)(c1ccccc1)c1ccccc1,3.8603239,1,326.44000000000005,41.57,2.6445000000000007,1,3,8,2
TOX-21891,CCCCCCCCc1ccc(C(=O)CCN2CCCCC2)cc1,4.262319021,1,329.52800000000013,20.310000000000002,5.648300000000006,0,2,11,2
TOX-21956,CC1(C)C(C(=O)OCc2coc(Cc3ccccc3)c2)C1(C)C,4.744361904,1,312.40900000000005,39.44,4.595800000000004,0,3,5,3
TOX-21959,CN(N=O)C(=O)NC(C=O)C(O)C(O)C(O)CO,3.283519171,0,265.222,159.76,-3.048299999999999,5,8,7,0
TOX-21980,CC1(C)N=C(N)N=C(N)N1c1ccc(S(=O)(=O)c2ccc(N3C(N)=NC(N)=NC3(C)C)cc2)cc1,3.052215234,0,496.6010000000003,194.14,0.8904000000000019,4,12,4,4
TOX-21981,CC1(C)N=C(N)N=C(N)N1c1ccc(Sc2ccc(N3C(N)=NC(N)=NC3(C)C)cc2)cc1,3.189607185,0,464.60300000000024,160.0,2.208800000000001,4,11,4,4
TOX-22019,CCC1CN2CCC1CC2C(O)c1ccnc2ccc(OCCC(C)C)cc12,4.28138566,1,382.54800000000023,45.59,4.813500000000005,1,4,7,5
TOX-22023,CN(C)CCCCCNc1c2ccccc2nc2cccc([N+](=O)[O-])c12,5.847853754,1,352.4380000000001,71.3,4.440000000000004,1,5,8,3
TOX-22131,CC(CN1CCN(CCOCCO)CC1)CN1c2ccccc2Sc2ccc(Cl)cc21,3.96496569,1,462.059,39.18,4.205300000000004,1,6,9,4
TOX-22167,Cc1cc(C)nc(Nc2nc3ccccc3[nH]2)n1,3.299433011,0,239.28200000000004,66.49000000000001,2.7133400000000005,2,4,2,3
TOX-22266,O=C1c2ccccc2N(C(=O)CN2CCOCC2)CN1c1ccccc1,3.381157487,0,351.406,53.09000000000001,1.9696999999999998,0,4,3,4
TOX-22273,CC1OC(OC2C(O)C(O)C(O)C(O)C2O)C(N)CC1NC(=N)C(=O)O,1.862824985,0,379.36600000000016,218.81,-4.328029999999994,9,10,3,2
TOX-22364,CCn1cc(C(=O)O)c(=O)c2cnc(N3CCCC3)nc21,3.260930241,0,288.307,88.32,1.1098000000000001,1,6,3,3
TOX-22420,COC1C(=O)CCC2(CO2)C1(O)C1(C)OC1CC=C(C)C,3.170504283,0,296.36300000000006,71.59,1.3781999999999999,1,5,4,3
TOX-22739,Cc1nsc(S(=O)(=O)c2ccc(Cl)cc2)n1,3.317046462,0,274.754,59.92,2.33272,0,5,2,2
TOX-22740,Cc1ccc(S(=O)(=O)c2nc(C)ns2)cc1,2.873447684,0,254.336,59.92,1.98774,0,5,2,2
TOX-22769,Nc1cccc(C(O)CNC2CC2)c1,2.692526647,0,192.26199999999997,58.28,1.0542,3,3,4,2
TOX-22780,COc1cc(C(=O)OCCCN2CCCN(CCCOC(=O)c3cc(OC)c(OC)c(OC)c3)CC2)cc(OC)c1OC,4.644529582,1,604.6970000000003,114.46000000000002,3.539900000000002,0,12,16,3
TOX-22884,CC(C)c1ccc(COCC(=N)N(C)C)cc1,3.706784944,1,234.343,36.32,2.865470000000001,1,2,5,1
TOX-22902,Cc1cc(CCN2CCN(c3cccc(Cl)c3)CC2)[nH]n1,3.514605534,0,304.8250000000001,35.16,2.7362200000000003,1,3,4,3
TOX-23009,N=C(N=C(N)N)Nc1ccc(Sc2ccc([N+](=O)[O-])cc2)cc1,2.938852576,0,330.3730000000001,143.42000000000002,2.3660700000000006,4,4,4,2
TOX-23064,CCN(CCO)CCn1c(Cc2ccccc2)nc2c1c(=O)n(C)c(=O)n2C,3.774088062,1,385.4680000000002,85.28999999999999,0.3387000000000002,1,8,8,3
TOX-23096,NCCCCCNCCSP(=O)(O)O,2.649170561,0,242.281,95.58,0.5309000000000004,4,4,9,0
TOX-23193,CCOP(C)(=O)SCCN(C)C,7.094011696,1,211.26699999999997,29.54,2.1406,0,4,6,0
TOX-23340,CC(=O)OC(C)C(C)C(=O)OCC12C3CC4(C)C(=CCC5C6(C)CCC(OC7OC(C(=O)O)C(OC8OC(CO)C(O)C(O)C8O)C(O)C7OC7OCC(O)C(O)C7O)C(C)(CO)C6CCC54C)C1CC(C)(C)C(O3)C2O,5.131478963,1,1101.2430000000002,356.81000000000006,-0.5856999999999886,11,22,14,9
TOX-23479,CCC1=C(C)c2cc3[nH]c(cc4[nH]c(cc5nc(cc1n2)C(C)=C5CC)c(C)c4CCC(=O)O)c(CCC(=O)O)c3C,4.156442797,1,566.7020000000005,131.96,7.6474400000000085,4,4,8,5
TOX-23673,CC(=O)OCC12CC(OC(=O)CC(C)C)C(C)=CC1OC1C(O)C(OC(C)=O)C2(C)C12CO2,5.799384579,1,466.52700000000027,120.89000000000001,1.6926999999999996,1,9,6,4
TOX-23929,COc1ccccc1OC1CCN(CCCC(=O)c2ccc(F)cc2)C1,3.950850251,1,357.425,38.77,3.9505000000000035,0,4,8,3
TOX-23930,CC(Oc1c(Cl)cccc1Cl)C1=NCCN1,4.508594762,1,259.13599999999997,33.62,2.7624000000000004,1,3,3,2
TOX-23987,CC1OC(OC2C=C3CCC4C(CCC5(C)C(c6ccc(=O)oc6)CCC45O)C3(C)CC2)C2OC(C)(C)OC2C1O,5.969384125,1,570.7230000000004,107.59000000000002,4.812100000000005,2,8,3,7
TOX-23988,CCN1C(=O)c2ccccc2C1Nc1ccc(OCCN2CCCCC2)cc1,3.955653366,1,379.50400000000025,44.81000000000001,4.137700000000003,1,4,7,4
TOX-24001,CN(C)N=Nc1ccc[n+]([O-])c1,2.858614234,0,166.18399999999997,54.9,0.8803,0,3,2,1
TOX-24004,CCOC(=O)c1ccc(N=NN(C)C)cc1,3.168529748,0,221.26,54.26,2.4236000000000004,0,4,4,1
TOX-24046,CC1(C)SC2C(NC(=O)C(C(=O)Oc3ccccc3)c3ccccc3)C(=O)N2C1C(=O)O,2.805915966,0,454.50400000000013,113.01,2.0075,2,6,6,4
TOX-24086,CCNC1=Nc2ccc(Cl)cc2C(C)(c2ccccc2)O1,3.736891679,1,300.789,33.620000000000005,4.230700000000003,1,3,2,3
TOX-24105,c1ccc(N(CCN2CCCCC2)Cc2ccccn2)cc1,4.409469748,1,295.42999999999995,19.37,3.5741000000000023,0,3,6,3
TOX-24163,CN1CC(CCN2CC=C(c3ccccc3)CC2)OC1=O,3.605370496,1,286.37500000000006,32.78,2.6164000000000014,0,3,4,3
TOX-24188,CC(C)(C)NCC(O)c1cc(Cl)c(N)c(Cl)c1,3.893267475,1,277.195,58.28,2.9971000000000005,3,3,3,1
TOX-24202,NC(=O)c1cc(N2CC2)c([N+](=O)[O-])cc1[N+](=O)[O-],4.059073439,1,252.18599999999998,132.38000000000002,0.4219,1,6,4,2
TOX-24328,CNCCC(c1ccc(N)cc1)c1ccc(N)cc1,3.42912055,0,255.36499999999998,64.07,2.5924000000000005,3,3,5,2
TOX-24336,O=P1(N(CCCl)CCCl)OCCCN1CCCl,3.553620384,0,323.5880000000001,32.78,2.8352000000000013,0,2,7,1
TOX-24344,CC(CCc1ccccc1)NC(C)C(O)c1cc(Br)c(O)c(Br)c1,3.827437545,1,457.2060000000001,52.489999999999995,4.9500000000000055,3,3,7,2
TOX-24415,C=CCN1C2CCC1CC(OC(=O)C(CO)c1ccccc1)C2,3.720430046,1,315.413,49.769999999999996,2.4871000000000008,1,4,6,3
TOX-24476,CCC1C(C)=NN=C(c2ccc(OC)c(OC)c2)c2cc(OC)c(OC)cc21,3.569395832,0,382.4600000000002,61.640000000000015,4.441500000000004,0,6,6,3
TOX-24566,COP(=O)(SC)SC,3.820527687,1,172.21099999999998,26.3,2.4669000000000008,0,4,3,0
TOX-24567,CCCOCCOC(=O)C1=C(C)NC(C)=C(C(=O)OCCOCCC)C1c1cccc([N+](=O)[O-])c1,4.088388161,1,490.55300000000034,126.23000000000002,3.7692000000000023,1,9,14,2
TOX-24696,CC1(C)CCOC(=O)C1,3.45428484,0,128.171,26.3,1.3496000000000001,0,2,0,1
TOX-24748,COc1ccc(CC2NCC(O)C2OC(C)=O)cc1,3.20075944,0,265.30899999999997,67.78999999999999,0.5020999999999994,2,5,4,2
TOX-24767,CCN(CC)CCOc1ccccc1C(=O)CCc1ccccc1C,4.115481019,1,339.47900000000004,29.54,4.531120000000004,0,3,10,2
TOX-24768,CCN(CC)CCOc1ccccc1C(=O)CCc1ccc(C)cc1,3.752303116,1,339.47900000000004,29.54,4.531120000000004,0,3,10,2
TOX-24769,CCc1ccc(CCC(=O)c2ccccc2OCCN(CC)CC)cc1,3.832068346,1,353.5060000000001,29.54,4.785100000000004,0,3,11,2
TOX-24770,CCN(CC)CCOc1ccccc1C(=O)CCc1ccc(C(C)(C)C)cc1,3.803146014,1,381.5600000000001,29.54,5.520200000000006,0,3,10,2
TOX-24771,CCN(CC)CCOc1ccccc1C(=O)CCc1cccc(C)c1,3.745124531,1,339.47900000000004,29.54,4.531120000000004,0,3,10,2
TOX-24793,CN1CCC23c4c5ccc(O)c4OC2C([N-][N+]#N)CCC3C1C5,4.585894493,1,312.3730000000001,74.95,2.571580000000001,1,4,1,5
TOX-24817,COc1ccc2c3c1OC1C([N-][N+]#N)CCC4C(C2)N(C)CCC341,3.797446363,1,326.40000000000015,63.95,2.8745800000000017,0,4,2,5
TOX-24875,CC(C)(C)NCC(O)COc1ccccc1C#N,3.555880019,0,248.326,65.28,1.68608,2,4,5,1
TOX-24955,CCN1CCCC1CNC(=O)c1cc(Cl)cc(Cl)c1OCc1ccccc1,4.478365911,1,407.3410000000001,41.57000000000001,4.786500000000004,1,3,7,3
TOX-24956,CCN(CC)CCNC(=O)c1cc(Cl)cc(Cl)c1OCc1ccccc1,4.434295064,1,395.33000000000015,41.57000000000001,4.644000000000004,1,3,9,2
TOX-24977,CCN1CCC(=C(c2ccccc2)c2ccccc2)C1,3.829141101,1,263.38400000000007,3.24,4.214100000000004,0,1,3,3
TOX-24992,CC(=O)OC(c1ccccc1)C1CCCCN1,3.464531608,0,233.31099999999995,38.33,2.4329,1,3,3,2
TOX-24993,OC(C1CO1)C(O)C1CO1,3.960411039,1,146.14199999999997,65.52,-1.4942000000000004,2,4,3,2
TOX-25015,CN1CCOC(c2ccccc2)c2ccccc2C1,3.956222749,1,253.345,12.47,3.238000000000002,0,2,1,3
TOX-25156,CN1CCN(c2ccc3nc(-c4ccc5nc(-c6ccc(O)cc6)[nH]c5c4)[nH]c3c2)CC1,4.119724164,1,424.5080000000001,84.07,4.230600000000002,3,5,3,6
TOX-25188,Nc1ncnc2c1ncn2C1OC(COC2C(CO)OC(OC(C(=O)O)C(O)C(OP(=O)(O)O)C(O)C(=O)O)C(O)C2O)C(O)C1O,3.368677863,0,701.4880000000005,389.51000000000005,-6.3939999999999895,12,20,14,4
TOX-25305,O=C(CO)NC(CO)C(O)c1ccc([N+](=O)[O-])cc1,1.961680355,0,270.241,132.93,-0.9023999999999996,4,6,6,1
TOX-25366,CC(=O)C1CCC2C3CCC4CC(O)CCC4(C)C3C(=O)CC12C,3.961269351,1,332.4840000000001,54.37,3.774200000000003,1,3,1,4
TOX-25372,Clc1ccc(C=Nc2nc(-c3ccccc3)cs2)cc1Cl,2.844492897,0,333.24300000000005,25.25,5.867500000000003,0,3,3,3
TOX-25373,COc1cc(C=Nc2nc(-c3ccccc3)cs2)cc(OC)c1OC,3.306130542,0,354.43100000000015,52.94000000000001,4.586500000000004,0,6,6,3
TOX-25374,COc1cccc(CNc2nc(-c3ccccc3)cs2)c1OC,4.337299332,1,326.4210000000001,43.379999999999995,4.439400000000003,1,5,6,3
TOX-25375,COc1ccc(CNc2nc(-c3ccccc3)cs2)cc1OC,3.638329328,1,326.4210000000001,43.379999999999995,4.439400000000004,1,5,6,3
TOX-25472,C1COCCN2CCOCCOCCN(CCO1)CCOCCOCC2,4.031410012,1,376.49400000000026,61.860000000000014,-0.28279999999999506,0,8,0,3
TOX-25534,COc1cc(C(=O)OCCCNCCC(c2ccccc2)c2ccccc2)cc(OC)c1OC,4.167467273,1,463.5740000000002,66.02000000000001,5.071100000000005,1,6,13,3
TOX-25535,COc1cc(CNc2nc(-c3ccccc3)cs2)cc(OC)c1OC,3.37556172,0,356.4470000000002,52.61,4.448000000000004,1,6,7,3
TOX-25536,Fc1ccc(C=Nc2nc(-c3ccccc3)cs2)cc1,2.973290547,0,282.343,25.25,4.699800000000002,0,3,3,3
TOX-25537,COc1cccc(C=Nc2nc(-c3ccccc3)cs2)c1OC,3.334585419,0,324.4050000000001,43.71000000000001,4.577900000000002,0,5,5,3
TOX-25538,COc1ccc(CNc2nc(-c3ccccc3)cs2)c(OC)c1,3.270352542,0,326.4210000000001,43.379999999999995,4.439400000000004,1,5,6,3
TOX-25642,CN(C)CCn1c2ccccc2c(=O)c2c([N+](=O)[O-])cccc21,6.015831779,1,311.341,68.38,2.624500000000001,0,5,4,3
TOX-25643,CN(C)CCCn1c2ccccc2c(=O)c2c([N+](=O)[O-])cccc21,5.557788709,1,325.36800000000005,68.38,3.0146000000000015,0,5,5,3
TOX-25693,COC(COC(N)=O)C1=C(N2CC2)C(=O)C(C)=C(N2CC2)C1=O,4.947979705,1,321.3330000000001,101.71000000000001,-0.592199999999999,1,7,6,3
TOX-25713,NC(=O)C1CCCN1C(=O)C(Cc1cnc[nH]1)NC(=O)C1CCC(=O)N1,2.847961642,0,362.3900000000002,150.28,-1.808099999999996,4,5,6,3
TOX-25765,CC(=O)NC(CC(C)C)C(=O)NC(CC(C)C)C(=O)NC(C=O)CCCNC(=N)N,3.726582027,1,426.5620000000001,166.27,0.01507000000000519,6,5,14,0
TOX-25780,CC(N)C(=O)NC1C(C)OC(=O)C2C(=O)CC(O)C(O)C21,2.286982247,0,300.3109999999999,138.95000000000002,-2.3092999999999977,4,7,2,2
TOX-25786,CC(C)N(CCCl)CCCl,5.563642666,1,184.10999999999999,3.24,2.1744000000000003,0,1,5,0
TOX-25885,NC(Cc1ccccc1)C(=O)NC(Cc1c[nH]c2ccccc12)C(=O)O,3.068389088,0,351.40600000000006,108.21,1.8497999999999992,4,3,7,3
TOX-25897,CN(CC(=O)N1CCOCC1)Cc1c(Cl)cccc1NC(=O)c1ccccc1,3.847426128,1,401.89400000000006,61.88,2.882900000000001,1,4,6,3
TOX-25918,CN1CCN(CC(=O)N/N=C/c2ccc([N+](=O)[O-])o2)CC1,3.323895695,0,295.2990000000001,104.22,-0.11469999999999869,1,7,5,2
TOX-25999,CCN(CC)CCNC(=O)COc1cc(OC)c(OC)c(OC)c1,3.189336918,0,340.4200000000001,69.26000000000002,1.5492000000000004,1,6,11,1
TOX-26048,CN1CCN(c2cc3c(nn2)Oc2ccccc2N3C)CC1,3.791765119,1,297.3620000000001,44.73000000000001,2.102,0,6,1,4
TOX-26120,COc1cc2c(OC3OCC(OC)C(OC)C3O)c3c(c(-c4ccc5c(c4)OCO5)c2cc1OC)C(=O)OC3,5.32092213,1,540.5210000000003,120.37000000000002,3.049100000000001,1,11,7,6
TOX-26178,O=S(=O)(O)c1cccc(Nc2nc(Nc3ccc(C=Cc4ccc(Nc5nc(Nc6cccc(S(=O)(=O)O)c6)nc(Nc6ccccc6O)n5)cc4S(=O)(=O)O)c(S(=O)(=O)O)c3)nc(Nc3ccccc3O)n2)c1,3.336117634,0,1085.1100000000004,407.4599999999999,7.086600000000005,12,22,18,8
TOX-26324,CC(Oc1ccc(Oc2ccc(Cl)cc2)cc1)C(=O)O,3.186715831,0,292.718,55.760000000000005,3.984200000000003,1,3,5,2
TOX-26336,C=C1C2CCC3(C1O)C1CC4C5(C)CCCC4(C1N(CC)C5)C3C2O,3.421682529,0,343.511,43.7,2.821000000000002,2,3,1,7
TOX-26494,CC1C(=O)OC(C)(C(=O)O)C1(C)O,2.510137559,0,188.179,83.83000000000001,-0.22639999999999993,2,4,1,1
TOX-26516,CN(C)CCOC1=Cc2ccccc2Sc2ccc(Cl)cc21,3.954042942,1,331.8680000000001,12.47,4.880900000000004,0,3,4,3
TOX-26609,CC1Cc2ccccc2N1NC(=O)c1ccc(Cl)c(S(N)(=O)=O)c1,2.969299003,0,365.84200000000004,92.5,2.0834,2,4,3,3
TOX-26793,CCOC(=O)C1(c2ccccc2)CCC=CC1N(C)C,3.567215392,0,273.376,29.54,2.7677000000000014,0,3,4,2
TOX-26900,CCNCCNC(=O)c1cc(Cl)c(N)cc1OC,3.353975081,0,271.74800000000005,76.38,1.2700999999999996,3,4,6,1
TOX-27021,CCCCOc1ccc(OCC(=O)N(CCN(CC)CC)c2cc(OCC)ccc2OCC)cc1,4.68695994,1,486.6530000000003,60.47000000000001,5.416700000000005,0,6,17,2
TOX-27049,CNC(=O)c1ccc(OCC(O)CNC(C)C)cc1,3.146395782,0,266.34099999999995,70.59,0.7838999999999994,3,4,7,1
TOX-27050,CCCCNC(=O)c1ccc(OCC(O)CNC(C)C)cc1,3.467688396,0,308.422,70.59,1.9541999999999995,3,4,10,1
TOX-27051,CC(C)NC(C)Cn1cnc2c1c(=O)n(C)c(=O)n2C,2.905544752,0,279.344,73.85,-0.17979999999999974,1,7,4,2
TOX-27080,NS(=O)(=O)c1cc(-c2nn[nH]n2)c(NCc2cccs2)cc1Cl,3.166864847,0,370.8470000000001,126.65000000000002,1.8410999999999997,3,7,5,3
TOX-27161,NCC1CCC(C(=O)Oc2ccc(CCC(=O)O)cc2)CC1,2.978476806,0,305.374,89.62000000000002,2.3743000000000007,2,4,6,2
TOX-27195,CCOP(=O)(OCC)SCC(C)SCC,4.330827461,1,272.372,35.53,4.042300000000004,0,5,9,0
TOX-27319,CC12CCC3C(CCC4C(C)(C(=O)O)CCCC34C)(CC1=O)C2,2.801236537,0,318.4570000000001,54.37,4.443100000000004,1,2,1,4
TOX-27336,CC1(C)SC2C(NC(=O)C(c3ccccc3)S(=O)(=O)O)C(=O)N2C1C(=O)O,1.838866488,0,414.4610000000002,141.07999999999998,0.2472000000000002,3,6,5,3
TOX-27458,NC(CC(=O)O)C(=O)O,2.544694097,0,133.10299999999998,100.62000000000002,-1.127,3,3,3,0
TOX-27685,CN(C)c1cccc2nc3cccc([N+](=O)[O-])c3cc12,5.265320147,1,267.288,59.269999999999996,3.3622000000000014,0,4,2,3
TOX-27768,CN(C)CCCn1c2ccc(Cl)cc2c(=O)c2cccnc21,3.979959039,1,315.80400000000003,38.13,3.1548000000000016,0,4,4,3
TOX-28139,CCCCC(CC)COC(=O)CCCCCCCCC(=O)OCC(CC)CCCC,2.675526737,0,426.68200000000024,52.60000000000001,7.626400000000009,0,4,21,0
TOX-28150,CCC(C)C(CC)(C(=O)OCCN(CC)CC)c1ccccc1,3.879835394,1,319.4889999999999,29.54,4.265500000000004,0,3,10,1
TOX-28180,O=C1OC(c2ccc(O)cc2)(c2ccc(O)cc2)c2c(I)c(I)c(I)c(I)c21,3.423345143,0,821.9119999999999,66.76,5.978500000000003,2,4,2,4
TOX-28197,CCOC(=O)C1=CNC2CCCC(C)N2C1=O,3.22149401,0,238.28699999999995,58.64,0.7637,1,4,2,2
TOX-28273,CN1CCN(CC(=O)N2c3ccccc3C(=O)Nc3cccnc32)CC1,3.581741352,0,351.41000000000014,68.78,1.5593999999999992,1,5,2,4
TOX-28308,O=C1c2ccccc2CCC1CNCCc1ccc(O)cc1,4.117844442,1,295.38199999999995,49.33,2.9696000000000007,2,3,5,3
TOX-28487,CCOC(=O)C1=CN(C)C2CCCC(C)N2C1=O,3.10280829,0,252.31399999999996,49.85,1.1059,0,4,2,2
TOX-28488,CCOC(=O)C1=CN(CC)C2CCCC(C)N2C1=O,3.18710328,0,266.34099999999995,49.85,1.496,0,4,3,2
TOX-28628,COc1ccc(N(CCCC(=O)O)C(=O)c2ccc(Cl)cc2)cc1,2.784567796,0,347.798,66.84,3.8602000000000025,1,3,7,2
TOX-28629,CCOc1ccc(N(CCCC(=O)O)C(=O)c2ccc(Cl)cc2)cc1,2.850097046,0,361.82500000000005,66.84,4.250300000000003,1,3,8,2
TOX-28630,COc1ccc(N(CCCC(=O)O)C(=O)c2ccc(Cl)cc2)c(OC)c1,2.725229227,0,377.82400000000007,76.07000000000001,3.868800000000003,1,4,8,2
TOX-28631,COc1ccc(N(CCCC(=O)O)C(=O)c2ccc(Cl)cc2)cc1OC,2.576487576,0,377.82400000000007,76.07000000000001,3.868800000000002,1,4,8,2
TOX-28632,Cc1cccc(C)c1N(CCCC(=O)O)C(=O)c1ccccc1Cl,2.097085104,0,345.826,57.61000000000001,4.468440000000004,1,2,6,2
TOX-28633,Cc1cccc(C)c1N(CCCC(=O)O)C(=O)c1ccc(Cl)cc1,3.060872932,0,345.826,57.61000000000001,4.468440000000004,1,2,6,2
TOX-28672,COC1C(O)CC(OC2C(O)CC(OC3C(O)CC(OC4CCC5(C)C(CCC6C5CC(O)C5(C)C(C7=CC(=O)OC7)CCC65O)C4)OC3C)OC2C)OC1C,5.218809628,1,794.9760000000002,192.05999999999997,2.872200000000003,5,14,8,8
TOX-28853,CC(C)NCC(O)COc1ccc(NC(N)=O)cc1,3.482300607,0,267.329,96.60999999999999,0.9148999999999994,4,4,7,1
TOX-28857,CC(=O)Nc1c(I)c(C(=O)NC(C=O)C(O)C(O)C(O)CO)c(I)c(N(C)C(C)=O)c1I,1.779724846,0,789.0989999999998,176.5,-0.1862000000000008,6,8,9,1
TOX-28866,O=C(CCOCCOCCOCCOCCC(=O)Nc1c(I)cc(I)c(C(=O)O)c1I)Nc1c(I)cc(I)c(C(=O)O)c1I,2.408820346,0,1287.9219999999998,169.71999999999997,6.134400000000004,4,8,19,2
TOX-28913,CN1CCC(=C2c3ccccc3C(O)c3ccccc32)CC1,5.032762456,1,291.3940000000001,23.47,3.609200000000002,1,2,0,4
TOX-29164,CC1=C(C(=O)O)N2C(=O)C(NC(=O)C(N)C3=CCC=CC3)C2SC1,2.145036731,0,349.4120000000001,112.73,0.34860000000000113,3,5,4,3
TOX-29166,CC(C(=O)O)c1ccc(N2Cc3ccccc3C2=O)cc1,3.680543793,1,281.311,57.61,3.0351000000000017,1,2,3,3
TOX-29345,CCOC(=O)c1cnc2n(c1=O)C(C)CCC2,2.438628974,0,236.27099999999993,61.19,1.3173000000000001,0,5,2,2
TOX-29346,CC1CCCc2ncc(C(=O)O)c(=O)n21,2.017007853,0,208.21699999999998,72.19,0.8388,1,4,1,2
TOX-29347,Cc1cccc2ncc(C(=O)O)c(=O)n12,2.544831682,0,204.185,71.66999999999999,0.70112,1,4,1,2
TOX-29348,CC1CCCc2nccc(=O)n21,3.068988374,0,164.208,34.89,1.1406,0,3,0,2
TOX-29420,CN1C2CCC(C)(C)C1CC(OC(=O)C(O)(c1cccs1)c1cccs1)C2,4.497002821,1,405.5850000000001,49.769999999999996,4.2401000000000035,1,6,4,4
TOX-29460,CCCCOCC(O)CN(CC)CC,3.705852011,1,203.32599999999994,32.7,1.5057999999999998,1,3,9,0
TOX-29595,C=CCN(C1=NCCN1)c1c(Cl)cccc1Cl,4.104989627,1,270.163,27.63,2.945000000000001,1,3,3,2
TOX-29666,NC(=NNc1ccccc1)c1ccccc1,3.525186651,0,211.268,50.41,2.4190000000000005,2,2,3,2
TOX-29759,COC1C(C)OC(OC2C=C3CCC4C(CCC5(C)C(c6ccc(=O)oc6)CCC45O)C3(C)CC2)C(O)C1O,4.972401268,1,544.6850000000004,118.59000000000002,3.6679000000000035,3,8,4,6
TOX-29766,CCOC(=O)Nc1ccc2c(c1)N(C(=O)CCN(CC)CC)c1ccccc1S2,4.830851792,1,413.5430000000002,61.88,5.116200000000005,1,5,7,3
TOX-29799,COC(=O)c1cnc2n(c1=O)C(C)CCC2,2.950357893,0,222.24399999999997,61.19,0.9271999999999999,0,5,1,2
TOX-29800,CCCOC(=O)c1cnc2n(c1=O)C(C)CCC2,2.732601698,0,250.29799999999994,61.19,1.7074,0,5,3,2
TOX-29801,CCCCOC(=O)c1cnc2n(c1=O)C(C)CCC2,3.602310607,1,264.325,61.19,2.0974999999999997,0,5,4,2
TOX-29802,COC(=O)c1cnc2cccc(C)n2c1=O,3.457784604,0,218.212,60.669999999999995,0.7895199999999999,0,5,1,2
TOX-29803,CC1CCCc2ncc(C(N)=O)c(=O)n21,2.829049639,0,207.23299999999998,77.97999999999999,0.23950000000000016,1,4,1,2
TOX-29805,CCOC(=O)C1=CN(C(C)=O)C2CCCC(C)N2C1=O,2.749284352,0,280.324,66.92,1.0226,0,4,2,2
TOX-29806,CCOC(=O)C1=CN(C(=O)CC)C2CCCC(C)N2C1=O,3.283890646,0,294.351,66.92,1.4127,0,4,3,2
TOX-29809,CCOC(=O)C1CN(C)C2CCCC(C)N2C1=O,2.363325081,0,254.32999999999996,49.85,0.8381999999999996,0,4,2,2
TOX-29926,O=C(O)Cc1ccc(O)c(Cl)c1,2.123413766,0,186.594,57.53,1.6727,2,2,2,1
TOX-29974,CCC1(CC)COC(=O)C1,4.675464819,1,142.19799999999998,26.3,1.7397,0,2,2,1
TOX-30010,NCCCCCNCCSSCCNCCCCCN,3.888003638,1,322.5880000000002,76.1,1.8050000000000006,4,6,17,0
TOX-30028,CC=C1CC(C)C(CO)(C(=O)O)OC1=O,2.560483358,0,214.21699999999996,83.83000000000001,0.3313999999999999,2,4,2,1
TOX-30051,O=C(O)C1CCc2cc(C3CCCCC3)c(Cl)cc21,3.644394111,1,278.77899999999994,37.3,4.502100000000004,1,1,2,3
TOX-30067,CC(=O)NCc1ccc(OCC(O)CNC(C)C)cc1,3.493204987,0,280.368,70.59,1.0603999999999993,3,4,8,1
TOX-30116,CC(C)NCC(O)COc1ccc(C(N)=O)cc1,3.16613292,0,252.314,84.57999999999998,0.5231999999999993,3,4,7,1
TOX-30266,COc1ccccc1N1CCN(CCCNc2cc(=O)n(C)c(=O)n2C)CC1,3.441819708,0,387.48400000000015,71.74000000000001,0.7168000000000008,1,8,7,3
TOX-30323,COC(CN1CCN(CC(O)C(OC)c2ccccc2)CC1)c1ccccc1,4.070078872,1,384.52000000000015,45.17,2.7403000000000004,1,5,9,3
TOX-30360,CNC(=S)NCCSCc1[nH]cnc1C,3.235227219,0,244.389,52.739999999999995,1.0452199999999996,3,3,5,1
TOX-30403,CC(C)(C)NCC(O)c1ccc(O)c(NC(N)=O)c1,3.487264026,0,267.329,107.60999999999999,1.3043,5,4,4,1
TOX-30482,CC(C)(C)NCC(O)COc1ccccc1OCC1CCCO1,3.735742199,1,323.4330000000001,59.95,2.3722000000000003,2,5,8,2
TOX-30487,CC(C)CNCC(O)COC(Cc1ccccc1)Cc1ccccc1,4.277775316,1,341.49500000000006,41.489999999999995,3.4635000000000016,2,3,11,2
TOX-30488,OC(CNC1CCCCC1)COC(Cc1ccccc1)Cc1ccccc1,4.451058784,1,367.5330000000001,41.489999999999995,4.140200000000003,2,3,10,3
TOX-30489,CCCCNCC(O)COC(Cc1ccccc1)Cc1ccccc1,4.328927839,1,341.49500000000006,41.489999999999995,3.6076000000000024,2,3,12,2
TOX-30490,OC(COC(Cc1ccccc1)Cc1ccccc1)CN1CCCC1,4.251700766,1,339.4790000000002,32.7,3.3137000000000016,1,3,9,3
TOX-30491,CCCNCC(O)COC(Cc1ccccc1)Cc1ccccc1,4.052399178,1,327.468,41.489999999999995,3.217500000000001,2,3,11,2
TOX-30492,CC(=O)NCCc1ccc(OCC(O)CNC(C)C)cc1,3.524159022,0,294.395,70.59,1.1029,3,4,9,1
TOX-30503,CCCCOCC(O)CN1CCOCC1,2.859672166,0,217.3089999999999,41.93000000000001,0.4962,1,4,7,1
TOX-30531,O=S(=O)(O)c1ccc(-c2c3nc(c(-c4ccc(S(=O)(=O)O)cc4)c4ccc([nH]4)c(-c4ccc(S(=O)(=O)O)cc4)c4ccc([nH]4)c(-c4ccc(S(=O)(=O)O)cc4)c4nc2C=C4)C=C3)cc1,3.210717297,0,935.0080000000002,274.84,8.310400000000005,6,10,8,9
TOX-30580,CP(C)(=O)CN1C(=O)CN=C(c2ccccc2)c2cc(Cl)ccc21,3.352255473,0,360.7810000000001,49.74,4.104200000000003,0,3,3,3
TOX-30588,O=C(O)CCCNC(=O)c1ccccc1,2.61718607,0,207.22900000000004,66.4,1.2812000000000001,2,2,5,1
TOX-30700,NC(=O)OCC1N=C(N)N2CCC(O)(O)C23NC(N)=NC13,6.546448597,1,299.29100000000005,184.81,-3.8519999999999968,6,10,2,3
TOX-30709,COc1cc(OC)c(C(=O)CCCN2CCCC2)c(OC)c1,3.720220621,1,307.39,48.0,2.7711000000000015,0,5,8,2
TOX-30729,OC(CNCCNCC(O)COc1ccccc1)COc1ccccc1,3.705356344,1,360.4540000000001,82.98,1.0454000000000008,4,6,13,2
TOX-30833,O=C1CCCC(=O)C1C(=S)Nc1ccc(Cl)cc1,3.088919855,0,281.764,46.17,3.0176000000000007,1,3,2,2
TOX-30986,O=C(Cn1c(=O)sc2ccc(Cl)cc21)N1CCN(CCO)CC1,3.242882328,0,355.8470000000002,65.78,0.8529000000000002,1,6,4,3
TOX-30994,COC(=O)c1cncn1C(C)c1ccccc1,3.66297025,1,230.26700000000002,44.12,2.279,0,4,3,2
TOX-31091,C=CCN1CCc2nc(N)sc2CC1,3.500823931,0,209.31799999999996,42.150000000000006,1.3119,1,4,2,2
TOX-31145,CC=C1CC(C)C(O)(CO)C(=O)OCC2=CCN3CCC(OC1=O)C23,3.965730334,1,351.3990000000001,96.30000000000001,0.1652,2,7,1,3
TOX-31203,Cc1ccc2c(c1)C13CCCCC1C(C2)N(C)CC3,3.647219114,1,255.40499999999994,3.24,3.683220000000002,0,1,0,4
TOX-31244,CCCCC(=O)N(CCO)CC1C2CCC(C2)C1C,3.44010182,0,267.413,40.540000000000006,2.6797000000000013,1,2,7,2
TOX-31245,CC1C2CCC(C2)C1CN(CCO)C(=O)c1ccccc1,3.680020372,1,287.40299999999996,40.54,2.803300000000001,1,2,5,3
TOX-31248,COc1ccc(C(=O)N(CCO)CC2C3CCC(C3)C2C)cc1,3.592886597,0,317.42900000000003,49.769999999999996,2.8119000000000014,1,3,6,3
TOX-31251,CC1C2CCC(C2)C1CNCCOC(=O)c1ccccc1,4.060231613,1,287.40299999999996,38.33,3.1152000000000015,1,3,6,3
TOX-31252,CC1C2CCC(C2)C1CNCCOC(=O)c1ccc([N+](=O)[O-])cc1,3.831169043,1,332.40000000000003,81.47,3.0234000000000014,1,5,7,3
TOX-31253,COc1ccc(C(=O)OCCNCC2C3CCC(C3)C2C)cc1,4.054213585,1,317.42900000000003,47.56,3.123800000000002,1,4,7,3
TOX-31254,CC1C2CCC(C2)C1CNCCOC(=O)c1ccc(Cl)cc1,4.044374104,1,321.84799999999996,38.33,3.768600000000003,1,3,6,3
TOX-31296,Cc1ccc(OCC(O)CNC(C)(C)C)c2oc(=O)ccc12,3.984807403,1,305.374,71.7,2.2292199999999998,2,5,5,2
TOX-31312,CCN(CC)CCOC(=O)C(c1ccccc1)c1cccc(OC)c1,3.933189669,1,341.4510000000001,38.769999999999996,3.712100000000002,0,4,9,2
TOX-31332,O=P1(NCCCl)NCCCO1,2.393646466,0,198.58999999999997,50.36,0.9327999999999999,2,2,3,1
TOX-31420,COc1cc(OC)c(C2CCCCC2)cc1C(=O)CCC(=O)O,3.028228704,0,320.38500000000005,72.83,3.799000000000002,1,4,7,2
TOX-31591,OCC1=CC(NC2CC(CO)C(OC3OC(CO)C(O)C(O)C3O)C(O)C2O)C(O)C(O)C1O,1.839202854,0,497.494,253.01999999999995,-6.752699999999988,12,14,7,3
TOX-31598,COC(COC1OC(C)C(OC)C(OC)C1O)=C1OC(Oc2ccc(C=C(C)C(=O)NC3C(CO)OC(n4cnc5c(N(C)C)ncnc54)C3O)cc2)C(O)C1O,2.603346571,0,802.8350000000002,250.92999999999998,-0.8015999999999948,6,19,14,6
TOX-31837,CS(=O)(=O)OCCCNP1(=O)OCCCN1CCCl,2.52381655,0,334.76200000000006,84.94,1.0114999999999998,1,5,8,1
TOX-31842,CS(=O)(=O)OCCN1CCCOP1(=O)NCCCl,2.727054702,0,320.735,84.94,0.6214,1,5,7,1
TOX-31843,CC1(C)COP(=O)(NCCOS(C)(=O)=O)N(CCCl)C1,2.638584765,0,348.7890000000001,84.93999999999998,1.2574999999999998,1,5,7,1
TOX-31844,CCS(=O)(=O)OCCNP1(=O)OCCCN1CCCl,3.426906537,0,334.76200000000006,84.94,1.0115000000000003,1,5,8,1
TOX-31845,CC1CCN(CCCl)P(=O)(NCCOS(C)(=O)=O)O1,2.997477272,0,334.76200000000006,84.94000000000001,1.0098999999999998,1,5,7,1
TOX-31849,CCCCCS(=O)(=O)OCCNP1(=O)OCCCN1CCCl,3.357821527,0,376.8430000000002,84.94,2.1818,1,5,11,1
TOX-31850,CS(=O)(=O)OCCNP1(=O)OCCCN1CCCl,3.496605781,0,320.735,84.94,0.6214,1,5,7,1
TOX-31851,CS(=O)(=O)OCCCN1CCCOP1(=O)NCCCl,2.620726563,0,334.76200000000006,84.94,1.0114999999999998,1,5,8,1
TOX-31864,O=c1c2ccccc2nc2n1OCC2,2.830262198,0,188.18599999999995,44.120000000000005,0.3811999999999999,0,4,0,3
TOX-31865,CC1COn2c1nc1ccccc1c2=O,2.843119372,0,202.213,44.120000000000005,0.9422,0,4,0,3
TOX-31969,COc1cc(NS(=O)(=O)c2ccc(N)cc2)ncn1,2.214258095,0,280.309,107.2,0.8682000000000001,2,6,4,2
TOX-32300,CNC(=O)Nc1ccc(OCC(O)CNC(C)C)cc1,3.636070974,1,281.356,82.62,1.1755999999999995,4,4,7,1
TOX-32301,CCNC(=O)Nc1ccc(OCC(O)CNC(C)(C)C)cc1,3.621029164,1,309.41,82.62,1.9558,4,4,7,1
TOX-32302,CC(C)NCC(O)COc1ccc(NC(=O)NC2CCCCC2)cc1,3.889876099,1,349.47500000000025,82.62,2.8785000000000007,4,4,8,2
TOX-32303,CNC(=O)Nc1ccc(OCC(O)CNC(C)(C)C)cc1,3.618847102,1,295.383,82.62,1.5656999999999996,4,4,6,1
TOX-32304,O=C(Nc1ccc(OCC(O)CNC2CCCCC2)cc1)NC1CCCCC1,4.046225081,1,389.5400000000002,82.62,3.802800000000002,4,4,8,3
TOX-32305,CCC(C)NCC(O)COc1ccc(NC(=O)NC2CCCCC2)cc1,3.992008909,1,363.50200000000024,82.62,3.268600000000002,4,4,9,2
TOX-32306,CC=CCNCC(O)COc1ccc(NC(=O)NC2CCCCC2)cc1,3.966710249,1,361.4860000000002,82.62,3.0462000000000016,4,4,9,2
TOX-32307,O=C(Nc1ccc(OCC(O)CNC2CCCC2)cc1)NC1CCCCC1,4.055824333,1,375.51300000000015,82.62,3.4127000000000027,4,4,8,3
TOX-32324,CCCCCCNC(=O)Nc1ccc(OCC(O)CNC(C)C)cc1,3.902155247,1,351.4910000000001,82.62,3.126100000000002,4,4,12,1
TOX-32459,CCOc1c(N2CCOCC2)cnn(C)c1=O,2.847158758,0,239.27499999999998,56.59,0.015599999999999836,0,6,3,2
TOX-32566,CC=C(C)c1cc(=O)c2c(C)cc3c(c2o1)C(OC)(OC(C)=O)c1c(O)c(C2CC(C)(N(C)C)C(OC(C)=O)C(C)O2)cc(C2CC(N(C)C)C(OC(C)=O)C(C)O2)c1C3=O,3.781429614,1,846.9710000000001,180.57999999999998,5.998920000000007,1,15,9,6
TOX-32573,NC(CCOc1ccc(C(=NO)C(=O)NC2CN(C(C(=O)O)c3ccc(O)cc3)C2=O)cc1)C(=O)O,2.398042797,0,500.4640000000002,212.07999999999996,-0.09579999999999794,6,9,11,3
TOX-32595,CC(C)=CC1C(C(=O)OC(C#N)c2cccc(Oc3ccccc3)c2)C1(C)C,4.85404735,1,375.4680000000001,59.32000000000001,5.825180000000005,0,4,6,3
TOX-32596,CC1(C)C(C(=O)OC(C#N)c2cccc(Oc3ccccc3)c2)C1(C)C,5.130442946,1,349.43000000000006,59.32000000000001,5.268980000000004,0,4,5,3
TOX-32637,NC1CCC(c2ccccc2)(c2ccccc2)C1,3.611609318,1,237.346,26.02,3.483900000000003,1,1,2,3
TOX-32645,CCNC(=O)Nc1ccc(OCC(O)CNC(C)C)cc1,3.706677457,1,295.383,82.62,1.5657,4,4,8,1
TOX-32646,CCCCNC(=O)Nc1ccc(OCC(O)CNC(C)C)cc1,3.886299819,1,323.437,82.62,2.3458999999999994,4,4,10,1
TOX-32746,O=P1(NCCCl)OCCC(OO)N1CCCl,3.095233666,0,293.087,71.03,1.6997,2,4,6,1
TOX-32769,CC1(C)SC2C(NC(=O)C(N)c3ccccc3)C(=O)N2C1C(=O)OC1OC(=O)c2ccccc21,2.786867632,0,481.53000000000026,128.03,1.6458999999999995,2,8,5,5
TOX-32843,C=C1CCC(O)CC1=CC=C1CCCC2(C)C1CCC2C(C)CCC(O)C(C)(C)O,5.318454666,1,416.6460000000002,60.69,5.704700000000007,3,3,6,3
TOX-33128,c1cc2c(c(NC3=NCCN3)c1)CCC2,4.091288375,1,201.27299999999997,36.42,1.5464000000000002,2,3,1,3
TOX-33166,COc1ccc(C=CC2=NCCS2)cc1,3.085331765,0,219.30899999999997,21.59,2.853700000000001,0,3,3,2
TOX-33173,COc1cc(C2c3cc4c(cc3C(OC3OC5COC(c6ccccc6)OC5C(O)C3O)C3COC(=O)C23)OCO4)cc(OC)c1O,3.11409895,0,650.6330000000003,160.83,2.691400000000001,3,13,6,8
TOX-33189,CC(=O)Nc1c(I)c(CC(N)=O)c(I)c(C(=O)O)c1I,1.788008947,0,613.9150000000002,109.49,2.1848,3,3,4,1
TOX-33190,CC(=O)Nc1c(I)c(CC(=O)NCCO)c(I)c(C(=O)O)c1I,1.776697134,0,657.9680000000002,115.73,1.808,4,4,6,1
TOX-33284,CCN(CCOS(C)(=O)=O)P1(=O)OCCCN1CCCl,4.444764739,1,348.7890000000001,76.14999999999999,1.3537000000000001,0,5,8,1
TOX-33285,CC(CNP1(=O)OCCCN1CCCl)OS(C)(=O)=O,2.899534454,0,334.762,84.94,1.0099000000000002,1,5,7,1
TOX-33334,CN1C2CCC1CC(OC(=O)c1cc(Cl)cc(Cl)c1)C2,4.349521173,1,314.21200000000005,29.54,3.775400000000003,0,3,2,3
TOX-33342,CCC1C2CC3C4N(C)c5ccccc5C45CC(C2C5OC(=O)CCl)N3C1O,4.366388384,1,402.92200000000014,53.010000000000005,2.3442000000000003,1,5,3,7
TOX-33475,O=C(Cn1cnnn1)NC1C(=O)N2C(C(=O)O)=C(CSc3nncs3)CSC12,2.06367537,0,440.49200000000013,156.08999999999997,-0.9444999999999995,2,12,7,4
TOX-33703,O=C(O)Cc1ccc(OCC(O)CO)c(Cl)c1,1.820661208,0,260.67299999999994,86.99000000000001,0.6991,3,4,6,1
TOX-33812,CC(C)(Oc1ccc(C(=O)c2ccc(Cl)cc2)cc1)C(=O)O,3.00704906,0,318.75600000000003,63.60000000000001,3.8130000000000033,1,3,5,2
TOX-33892,CCC(=O)N(c1ccccc1)C1CCN(CCc2ccccc2)CC1C,5.562096755,1,350.50600000000003,23.550000000000004,4.382700000000004,0,2,6,3
TOX-33902,CN(C)c1nc(=NP(=O)(N2CC2)N2CC2)c2c(ncn2C)[nH]1,3.265013269,0,322.313,85.19,0.0024000000000000132,1,5,4,4
TOX-34009,Cc1ccccc1OCC(O)CN1C(C)(C)CCC1(C)C,3.959123124,1,291.435,32.7,3.3877200000000025,1,3,5,2
TOX-34013,Cc1cc(=O)nc(Nc2nc3ccccc3[nH]2)[nH]1,2.984257846,0,241.25400000000005,86.46000000000001,1.6982199999999996,3,4,2,3
TOX-34106,OCCNCC(O)CNCCO,2.331668097,0,178.23199999999997,84.75,-2.488899999999998,5,5,8,0
TOX-34162,CC(O)c1cc(N)cc(C(F)(F)F)c1,3.466805043,0,205.17899999999997,46.25,2.3409000000000004,2,2,1,1
TOX-34163,N=C(N)NCC1CCCCCCN1,3.131693639,0,184.28699999999998,73.93,0.39176999999999956,4,2,2,1
TOX-34216,CCOC(=O)C1=CC2(CC)CCCN3CCc4c(n1c1ccccc41)C32,4.039118367,1,350.462,34.47,4.148300000000003,0,4,3,5
TOX-34269,CNC(=O)c1c(I)c(NC(C)=O)c(I)c(C(=O)NCCC(=O)O)c1I,1.814381278,0,684.9940000000003,124.60000000000001,2.0229,4,4,6,1
TOX-34270,CNC(=O)c1c(I)c(NC(C)=O)c(I)c(C(=O)N(C)CC(=O)O)c1I,1.659479318,0,684.9940000000003,115.81000000000002,1.9749999999999999,3,4,5,1
TOX-34271,CNC(=O)c1c(I)c(NC(C)=O)c(I)c(C(=O)NC(C(=O)O)C(C)O)c1I,1.678103814,0,715.0200000000002,144.83,1.3822,5,5,6,1
TOX-34272,CNC(=O)c1c(I)c(NC(C)=O)c(I)c(C(=O)NC(CO)C(=O)O)c1I,1.970535729,0,700.9930000000002,144.83,0.9937,5,5,6,1
TOX-34413,CNc1nc(Cl)c(SC)c(N2CCN(C)CC2)n1,4.135824667,1,287.82000000000005,44.290000000000006,1.6454,1,6,3,2
TOX-34590,CCC1(C)COC(=O)C1,4.262399314,1,128.17099999999996,26.3,1.3496000000000001,0,2,1,1
TOX-34694,CC(NCC=C(c1ccsc1)c1ccsc1)C(O)c1ccccc1,4.404264737,1,355.528,32.26,4.953000000000006,2,4,7,3
TOX-34697,CCOP(C)(=O)SCCN(C(C)C)C(C)C,7.581652564,1,267.375,29.54,3.6978000000000026,0,4,8,0
TOX-34738,CCN(CC)CCNC(=O)C1CCCCC12Oc1ccccc1O2,4.044348921,1,332.444,50.80000000000001,2.8023000000000007,1,4,6,3
TOX-34739,CCN(CC)CCNC(=O)CCC1(C)Oc2ccccc2O1,4.184975671,1,306.406,50.80000000000001,2.4122000000000003,1,4,8,2
TOX-34741,Cc1cccc(N(C)C(=S)Oc2ccc3c(c2)C2CCC3C2)c1,3.330353867,0,323.4610000000001,12.47,5.159820000000004,0,2,2,4
TOX-34751,C=CC1=C(C)c2cc3[nH]c(cc4[nH]c(cc5nc(cc1n2)C(C)=C5C=C)c(C)c4CCC(=O)O)c(CCC(=O)O)c3C,3.867529776,1,562.6700000000005,131.96,7.199440000000007,4,4,8,5
TOX-34784,CC(C)(C)NCC(O)COc1ccccc1NC(=O)NC1CCCCC1,3.708952284,1,363.50200000000024,82.62,3.268600000000002,4,4,7,2
TOX-34823,NC(=O)C1N=CN(C2OC(CO)C(O)C2O)C1=O,2.237340007,0,259.218,145.68,-3.850199999999998,4,7,3,2
TOX-34827,CC(C)NCC(O)COc1ccc(CNC(N)=O)cc1,3.750014327,1,281.356,96.60999999999999,0.5925999999999996,4,4,8,1
TOX-34835,CCN(CC)CCNC(=O)c1cc(S(C)(=O)=O)ccc1OC,3.111277933,0,328.4340000000001,75.71000000000001,1.1702999999999997,1,5,8,1
TOX-34836,O=C(COCCOCCOCC(=O)Nc1c(I)cc(I)c(C(=O)O)c1I)Nc1c(I)cc(I)c(C(=O)O)c1I,2.462556327,0,1215.815,160.49,5.337600000000003,4,7,14,2
TOX-34887,CC(N)C(=O)NCC(=O)NC1CSSCC(C(=O)O)NC(=O)C(CO)NC(=O)C(C(C)O)NC(=O)C(Cc2ccccc2)NC(=O)C(C(C)O)NC(=O)C(CCCCN)NC(=O)C(Cc2c[nH]c3ccccc23)NC(=O)C(Cc2ccccc2)NC(=O)C(Cc2ccccc2)NC(=O)C(CC(N)=O)NC(=O)C(CCCCN)NC1=O,4.891756594,1,1637.9090000000008,613.2299999999998,-4.913600000000021,22,23,26,6
TOX-34908,COC(c1cc(C)c(O)c(C)c1)C(C)CO,2.660325699,0,224.29999999999998,49.69,2.324940000000001,2,3,4,1
TOX-34911,COCC1OC2OC3C(COC)OC(OC4C(COC)OC(OC5C(COC)OC(OC6C(COC)OC(OC7C(COC)OC(OC8C(COC)OC(OC1C(O)C2OC)C(OC)C8O)C(OC)C7O)C(OC)C6O)C(OC)C5O)C(OC)C4O)C(OC)C3O,3.781609787,1,1331.3650000000002,400.05000000000007,-6.073200000000033,7,35,21,21
TOX-34977,Cc1csc(Cl)c1NC1=NCCN1,3.730453944,1,215.709,36.42,2.0810199999999996,2,4,1,2
TOX-35023,CC12CCC3C(CCC4CC(N)C(O)CC43C)C1CCC2=O,3.416395127,0,305.4620000000001,63.32,2.896300000000001,2,3,0,4
TOX-35037,CCOC(=O)c1c(-c2ccccc2)oc2ccc(O)c(CN(C)C)c12,3.8491353,1,339.39100000000013,62.910000000000004,4.043700000000003,1,5,5,3
TOX-35130,C/C(=N\c1c(I)cc(I)c(C(=O)NCC(C)C(=O)O)c1I)N1CCOCC1,2.640966723,0,711.0759999999999,91.23,3.333000000000001,2,4,5,2
TOX-35153,OCCCN(CCC(c1ccccc1)c1ccccc1)CCC(c1ccccc1)c1ccccc1,4.060512769,1,463.66500000000025,23.47,7.115200000000009,1,2,13,4
TOX-35166,O=C(OCCN1CCOCC1)C(c1ccccc1)C1CCCCC1,3.838941805,1,331.45600000000024,38.769999999999996,3.225900000000001,0,4,6,3
TOX-35223,CNCC1CCC(N)C(OC2C(N)CC(N)C(OC3OCC(C)(O)C(NC)C3O)C2O)O1,3.648807039,1,463.5760000000002,199.72999999999996,-3.7159999999999935,8,12,7,3
TOX-35328,CC12CCC3c4ccc(OC(=O)N(CCCl)CCCl)cc4CCC3C1CCC2OP(=O)(O)O,3.397208152,0,520.3900000000002,96.3,5.299000000000007,2,4,7,4
TOX-35348,CC1OC(OC2C(OC3OC(CO)C(O)C(O)C3OC3OC(CO)C(O)C(O)C3O)OC(C(=O)OC3CCC4(C)C(CCC5(C)C4CC=C4C6CC(C)(C)CCC6(CO)C(O)CC45C)C3(C)C)C(O)C2O)C(O)C(O)C1O,4.906463498,1,1105.2749999999996,374.13000000000005,-2.0368999999999815,14,23,11,9
TOX-35404,CCNCCC1(C)Oc2ccccc2O1,3.714180763,1,207.273,30.49,2.1736000000000004,1,3,4,2
TOX-35405,CN(C)CCNCCC1(C)Oc2ccccc2O1,3.690665272,1,250.342,33.730000000000004,1.7152999999999994,1,4,6,2
TOX-35407,CN1CCN(CCC2(C)Oc3ccccc3O2)CC1,4.117554863,1,262.353,24.94,1.8114999999999999,0,4,3,3
TOX-35409,CC1(CCNCc2ccccc2)Oc2ccccc2O1,4.253895986,1,269.344,30.49,3.353900000000002,1,3,5,3
TOX-35410,CCN(CC)CCNCCC1(C)Oc2ccc(Cl)cc2O1,3.950325112,1,312.84100000000007,33.730000000000004,3.148900000000001,1,4,8,2
TOX-35413,CCN(CC)CCNCCC1(C)Oc2cc(Br)c(Br)cc2O1,4.035438256,1,436.18800000000005,33.730000000000004,4.020500000000002,1,4,8,2
TOX-35414,CCN(CC)CCNCCC1(C)Oc2ccccc2O1,3.967244338,1,278.396,33.730000000000004,2.4955,1,4,8,2
TOX-35415,CN(C)CCC1(c2ccccc2)Oc2ccccc2O1,4.068259409,1,269.344,21.700000000000003,3.262500000000002,0,3,4,3
TOX-35416,CC1(CCN2CCOCC2)Oc2ccc(N)cc2O1,3.421854543,0,264.325,56.95,1.4785,1,5,3,3
TOX-35439,CCN(CC)CCNCCCC1(C)Oc2cc3ccccc3cc2O1,4.05717619,1,342.48300000000006,33.730000000000004,4.038800000000003,1,4,9,3
TOX-35440,CC1(CCN)Oc2ccccc2O1,3.734566198,1,179.219,44.480000000000004,1.5228,1,3,2,2
TOX-35503,CCCC(=O)N1CCCN(c2nc(N)c3cc(OC)c(OC)cc3n2)CC1,3.873051176,1,373.45700000000016,93.81000000000002,2.068,1,7,5,3
TOX-35545,CC(=O)C1(O)Cc2c(O)c3c(c(O)c2C(OC2CC(N)C(O)C(C)O2)C1)C(=O)c1c(O)cccc1C3=O,5.59600877,1,513.4990000000003,196.83999999999997,0.7259,6,11,3,5
TOX-35565,CC1(C)C(C=C(Br)Br)C1C(=O)OC(C#N)c1cccc(Oc2ccccc2)c1,5.299116629,1,505.20600000000024,59.32000000000001,6.490180000000005,0,4,6,3
TOX-35661,N#[N+][CH-]C(=O)C1C2CC3CC(C2)CC1(Cl)C3,2.733298091,0,238.71799999999993,45.22,3.0040700000000014,0,2,2,4
TOX-35679,CN1CCN(c2nc3c([nH]2)c(=O)n(C)c(=O)n3C)CC1,2.638107085,0,278.31600000000003,79.16,-1.2878999999999983,1,7,1,3
TOX-35699,CC(CN)c1ccccc1,3.431700772,0,135.20999999999998,26.02,1.7488000000000001,1,1,2,1
TOX-35732,COC12CCC3(CC1C(C)(O)CCC(C)C)C1Cc4ccc(O)c5c4C3(CCN1CC1CC1)C2O5,5.019654626,1,481.67700000000036,62.16,4.803900000000005,2,5,7,8
TOX-35757,CCC1=NCCC1(c1ccccc1)c1ccccc1,3.773313937,1,249.35700000000003,12.36,4.227400000000004,0,1,3,3
TOX-35805,CCN(CC)C(=O)COc1cc2c(O)c3c(O)c(C)c4c(c13)C(=O)C(C)(OC=CC(OC)C(C)C(OC(C)=O)C(C)C(O)C(C)C(O)C(C)C=CC=C(C)C(=O)N2)O4,3.34555338,0,810.9380000000003,210.61999999999998,5.295720000000005,5,13,7,5
TOX-35922,O=C(O)CCn1nc2ccccn2c1=O,2.341591631,0,207.18900000000002,76.6,-0.02929999999999988,1,5,3,2
TOX-36004,CCN(CC)CCOC(=O)CC(O)(c1ccccc1)c1ccccc1,4.093740047,1,341.451,49.769999999999996,3.1976000000000013,1,4,9,2
TOX-36007,NP1(=O)OCCCN1CCCl,2.296736453,0,198.58999999999997,55.56000000000001,1.0143,1,2,2,1
TOX-36106,CCN1CCCC1CNC(=O)c1cc(S(=O)(=O)CC)ccc1OC,3.415627925,0,354.47200000000015,75.71000000000001,1.7028999999999999,1,5,7,2
TOX-36147,CS(=O)(=O)OC(CCN1CCCCC1)(c1ccccc1)c1ccccc1,3.969869016,1,373.518,46.61000000000001,3.7824000000000026,0,4,7,3
TOX-36238,COCCOc1c(OC)cc(Cc2cnc(N)nc2N)cc1OC,3.046846335,0,334.3760000000001,114.74,1.2742,2,8,8,2
TOX-36335,CC12CCC3C4CCC(=O)C=C4CCC3C1CCC2OC(=O)N(CCCl)N=O,5.00882103,1,408.9260000000001,76.04,4.855600000000005,0,5,4,4
TOX-36351,CCC(C)NCC(O)c1ccc(N)cc1,3.239221374,0,208.305,58.28,1.6903,3,3,5,1
TOX-36352,CC(C)CCOC(=O)C(NCCN1CCCC1)c1ccccc1,4.180469636,1,318.46099999999996,41.57,3.0024000000000015,1,4,9,2
TOX-36353,Cn1c(=O)c2c(ncn2CCCNCC(O)c2cc(O)cc(O)c2)n(C)c1=O,3.437864303,0,389.4120000000001,134.54,-0.44180000000000064,4,10,7,3
TOX-36397,CCOC(=O)N1CCN(c2nc3c([nH]2)c(=O)n(C)c(=O)n3C)CC1,3.021391667,0,336.35200000000015,105.46000000000001,-0.7611999999999992,1,8,2,3
TOX-36484,CC(C)(C)NCC(O)c1cc(Cl)c(N)c(C(F)(F)F)c1,4.069915991,1,310.74699999999996,58.28,3.3625000000000007,3,3,3,1
TOX-36485,CC(C)(C)NCC(O)COc1cc(Cl)ccc1Cl,4.066080208,1,292.206,41.489999999999995,3.1212000000000018,2,3,5,1
TOX-36516,CN1CCC23c4c5ccc(O)c4OC2C([N-][N+]#N)CCC3(O)C1C5,3.86282755,1,328.3720000000001,95.18,1.6864799999999998,2,5,1,5
TOX-36629,CCCOC(C(=O)OC1CCN(C)CC1)(c1ccccc1)c1ccccc1,4.102509112,1,367.489,38.77,3.994200000000003,0,4,7,3
TOX-36708,O=CC(NC(=O)N(CCCl)N=O)C(O)C(O)C(O)CO,4.143461251,1,313.6940000000001,159.76,-2.439299999999999,5,8,9,0
TOX-36739,CN1CCC2(C)CC(Cc3ccc(O)cc32)C1,3.557753956,0,231.339,23.47,2.5478000000000005,1,2,0,3
TOX-36973,CCC(C(=O)O)C1OC(C(C)C(O)C(C)C(=O)C(CC)C2OC3(C=CC(O)C4(CCC(C)(C5CCC(O)(CC)C(C)O5)O4)O3)C(C)CC2C)C(C)CC1C,5.59114723,1,765.0380000000001,161.20999999999998,6.434000000000006,4,10,12,5
TOX-37004,CCCn1cnc2c1c(=O)n(CCCCC(C)=O)c(=O)n2C,3.230697486,0,306.366,78.89000000000001,1.0659999999999998,0,7,7,2
TOX-37031,C=CC1(C)CC(OC(=O)CSCCN(CC)CC)C2(C)C(C)CCC3(CCC(=O)C32)C(C)C1O,4.392148498,1,493.75400000000036,66.84,4.967900000000006,1,6,9,3
TOX-37098,CN(C)CC(=O)N1Cc2ccccc2CC2CCCCC21,3.965343595,1,286.41900000000004,23.550000000000004,2.691700000000001,0,2,2,3
TOX-37293,Cc1c(N)nc(C(CC(N)=O)NCC(N)C(N)=O)nc1C(=O)NC(C(=O)NC(C)C(O)C(C)C(=O)NC(C(=O)NCCc1nc(-c2nc(C(=O)NCCCNCCCCN)cs2)cs1)C(C)O)C(OC1OC(CO)C(O)C(O)C1OC1OC(CO)C(O)C(OC(N)=O)C1O)c1cnc[nH]1,4.283173694,1,1440.585,665.12,-8.252980000000026,22,33,39,6
TOX-37295,Cc1ncc(CNC(=O)N(CCCl)N=O)c(N)n1,4.258613082,1,272.69599999999997,113.57,0.7990200000000001,2,6,5,1
TOX-37326,CCCCCCCCCCCCCCCCCCCCCC(=O)Nc1ccn(C2OC(CO)C(O)C2O)c(=O)n1,3.172576117,0,565.7960000000002,133.91000000000003,5.615200000000007,4,8,23,2
TOX-37343,CCC(COC(=O)c1cc(OC)c(OC)c(OC)c1)N(C)CCN(C)C(CC)COC(=O)c1cc(OC)c(OC)c(OC)c1,4.593994311,1,620.7400000000002,114.46000000000002,4.172800000000004,0,12,19,2
TOX-37587,CC1OC(OC2C(CO)OC(OC(C(O)CO)C(O)C(O)C=O)C(O)C2O)C(O)C(O)C1NC1C=C(CO)C(O)C(O)C1O,2.031580807,0,645.6080000000003,329.01000000000005,-8.72190000000001,14,19,13,3
TOX-37617,COc1ccc(OCC2CN(C)CCC2c2ccccc2)cc1,3.811817207,1,311.42499999999995,21.700000000000003,3.8095000000000026,0,3,5,3
TOX-37655,CCN(CC)CCOCCC1(C)Oc2ccc(Cl)cc2O1,4.240479162,1,313.825,30.930000000000003,3.5759000000000025,0,4,8,2
TOX-37656,CC1(CCOCCN2CCOCC2)Oc2ccccc2O1,4.069173158,1,293.363,40.160000000000004,1.9128999999999994,0,5,6,3
TOX-37657,CC1(CCOCCN2CCCC2)Oc2ccccc2O1,4.488506518,1,277.36400000000003,30.930000000000003,2.6765000000000008,0,4,6,3
TOX-37658,CN(C)CCCOCCC1(C)Oc2ccccc2O1,4.16825318,1,265.353,30.930000000000003,2.532400000000001,0,4,7,2
TOX-37664,C1=C2CCCNC2C2CC1C1CCCCN1C2,3.490810194,0,232.37099999999995,15.27,2.1690000000000005,1,2,0,4
TOX-37667,CC(=O)OC1C2OC2C2=CC(=O)C3(CC2(C)C1C)OC3(C)C=O,4.591562669,1,320.34100000000007,85.5,0.9672999999999996,0,6,2,4
TOX-37669,N#[N+][N-]C1CCC2C3Cc4ccc(O)c5c4C2(CCN3CC2CC2)C1O5,4.204401077,1,352.4380000000001,74.95,3.3517800000000024,1,4,3,6
TOX-37705,CC1C2Cc3ccc(O)cc3C1(C)CCN2CCCC(=O)c1ccc(F)cc1,4.200943261,1,381.49100000000004,40.54,4.718600000000005,1,3,5,4
TOX-37706,CCNC1CC(N)C(OC2OC(CN)=CCC2N)C(O)C1OC1OCC(C)(O)C(NC)C1O,4.275555949,1,475.58700000000016,199.72999999999996,-3.200699999999992,8,12,8,3
TOX-37729,CCCn1c(=O)c2c(ncn2CCCCC(C)O)n(C)c1=O,3.515686235,0,308.382,82.04999999999998,0.8577999999999997,1,7,7,2
TOX-37796,COc1cc(Cc2cnc(N)nc2N)cc(OC)c1Br,3.361651821,0,339.193,96.28,2.0115,2,6,4,2
TOX-37822,c1ccc(OCc2ccc(CCCN3CCOCC3)cc2)cc1,3.346930408,0,311.42499999999995,21.700000000000003,3.530400000000002,0,3,7,3
TOX-37834,O=C1NC2(CCCCC2)C(=O)N1CCN(CCCl)CCCl,4.566106936,1,336.26300000000003,52.650000000000006,2.0206999999999997,1,3,7,2
TOX-37849,CCCCOCC(=O)O,2.228734713,0,132.159,46.53,0.8877000000000002,1,2,5,0
TOX-37864,Cc1ccc(NC(=O)N(CCCl)N=O)cc1NC(=O)N(CCCl)N=O,4.290119196,1,391.2150000000002,123.53999999999999,3.5032200000000016,2,6,8,1
TOX-37929,CC(C)(C)NCC(O)c1ccccc1Cl,3.732992088,1,227.735,32.26,2.7615000000000007,2,2,3,1
TOX-37945,CCc1ccc(C(=O)C(C)CN2CCCCC2)cc1,3.706042402,1,259.3929999999999,20.310000000000002,3.5537000000000027,0,2,5,2
TOX-37947,CC(=O)OCN(C)N=O,3.722806594,1,132.11900000000003,58.97,0.12019999999999997,0,4,3,0
TOX-38086,C=CCN1CCC23c4c5ccc(O)c4OC2C([N-][N+]#N)CCC3C1C5,3.938090079,1,338.4110000000002,74.95,3.1277800000000013,1,4,3,5
TOX-38089,COc1ccc(OC)c(C(O)CO)c1,2.544040005,0,198.218,58.92,0.7295,2,4,4,1
TOX-38119,COc1ccc(CCN(C)CCCC2(c3ccc(OC)c(OC)c3)S(=O)(=O)CCCS2(=O)=O)cc1OC,3.820178811,1,555.7150000000003,108.43999999999998,3.0618000000000016,0,9,12,3
TOX-38222,CCCN(CCC)C(=O)C(Cc1ccc(OCCN(CC)CC)cc1)NC(=O)c1ccccc1,4.151984841,1,467.65400000000017,61.88,4.396900000000003,1,4,15,2
TOX-38223,CCN(CC)CCOc1ccc(CC(NC(=O)c2ccccc2)C(N)=O)cc1,3.574839946,0,383.4920000000001,84.66,2.2336,2,4,11,2
TOX-38224,CCNC(=O)C(Cc1ccc(OCCN(C(C)C)C(C)C)cc1)NC(=O)c1ccccc1,3.72893103,1,439.6000000000001,70.67,3.6614000000000013,2,4,12,2
TOX-38225,CCCNC(=O)C(Cc1ccc(OCCN2CCCC2)cc1)NC(=O)c1ccccc1,3.902381795,1,423.55700000000013,70.67,3.0284999999999993,2,4,11,3
TOX-38226,CCN(CC)C(=O)C(Cc1ccc(OCCN2CCN(C)CC2)cc1)NC(=O)c1ccccc1,3.660084219,1,466.6260000000002,65.12,2.5223000000000013,1,5,11,3
TOX-38227,CCCCNC(=O)C(Cc1ccc(OCCN(CC)CC)cc1)NC(=O)c1ccccc1,4.062961286,1,439.60000000000014,70.67,3.664600000000002,2,4,14,2
TOX-38228,CCCCCCNC(=O)C(Cc1ccc(OCCN2CCCC2)cc1)NC(=O)c1ccccc1,4.044518405,1,465.6380000000002,70.67,4.198800000000003,2,4,14,3
TOX-38229,CN(C)CCOc1ccc(CC(NC(=O)c2ccccc2)C(=O)NCc2ccccc2)cc1,3.781676924,1,445.5630000000001,70.67,3.2845000000000004,2,4,11,3
TOX-38230,CCCCNC(=O)C(Cc1ccc(OCCN(C(C)C)C(C)C)cc1)NC(=O)c1ccc(C)cc1,4.080366208,1,481.6810000000002,70.67,4.750020000000004,2,4,14,2
TOX-38231,CCCCCCNC(=O)C(Cc1ccc(OCCN2CCCC2)cc1)NC(=O)c1ccc(C)cc1,4.067805286,1,479.66500000000025,70.67,4.507220000000004,2,4,14,3
TOX-38232,CCNC(=O)C(Cc1ccc(OCCCN2CCN(C)CC2)cc1)NC(=O)c1ccc(Cl)cc1,3.641566734,1,487.0440000000001,73.91,2.8335000000000017,2,5,11,3
TOX-38233,CCCCNC(=O)C(Cc1ccc(OCCCN2CCN(C)CC2)cc1)NC(=O)c1ccc(Cl)cc1,3.80810042,1,515.0980000000003,73.91,3.6137000000000024,2,5,13,3
TOX-38234,CCCCNC(=O)C(Cc1ccc(OCCN(CC)CC)cc1)NC(=O)c1ccc(Cl)cc1,4.088539518,1,474.0450000000002,70.67,4.318000000000003,2,4,14,2
TOX-38235,CCCCNC(=O)C(Cc1ccc(OCCN2CCN(C)CC2)cc1)NC(=O)c1ccc(Cl)cc1,4.000196663,1,501.07100000000025,73.91,3.223600000000002,2,5,12,3
TOX-38236,CCCCNC(=O)C(Cc1ccc(OCCN2CCCC2)cc1)NC(=O)c1ccc(Cl)cc1,4.241894808,1,472.0290000000002,70.67,4.072000000000003,2,4,12,3
TOX-38237,CCCN(CCC)C(=O)C(Cc1ccc(OCCN(CC)CC)cc1)NC(=O)c1ccc(Br)cc1,3.957019244,1,546.5500000000002,61.88,5.159400000000004,1,4,15,2
TOX-38238,CN(C)CCOc1ccc(CC(NC(=O)OCc2ccccc2)C(=O)NCc2ccccc2)cc1,3.733909843,1,475.5890000000001,79.9,3.7809000000000017,2,5,12,3
TOX-38239,CCCN(CCC)C(=O)C(Cc1ccc(OCCN(C)C)cc1)NC(=O)OCc1ccc([N+](=O)[O-])cc1,3.711218315,1,514.6230000000003,114.25,4.021300000000003,1,7,15,2
TOX-38244,O=C(OC1CCCNC1)C(O)(c1ccccc1)c1ccccc1,4.492946298,1,311.38100000000003,58.56,2.2177,2,4,4,3
TOX-38305,c1ccc(CC(c2ccccc2)N2CCN(C3CCCCC3)CC2)cc1,4.592474435,1,348.53400000000016,6.48,4.9207000000000045,0,2,5,4
TOX-38319,C=C1C(=CC=C2CCCC3(C)C2CCC3C(C)CCC(O)C(C)C)CC(O)CC1O,5.87440987,1,416.64600000000013,60.69,5.560600000000007,3,3,6,3
TOX-38407,CNC(=O)c1c(I)c(NC(C)=O)c(I)c(C(=O)NC(C)C(=O)O)c1I,1.568398849,0,684.9940000000001,124.60000000000001,2.0212999999999997,4,4,5,1
TOX-38408,CNC(=O)c1c(I)c(NC(=O)COC)c(I)c(C(=O)NCCC(=O)O)c1I,1.598922568,0,715.0200000000001,133.82999999999998,1.6494000000000002,4,5,8,1
TOX-38409,COCC(=O)Nc1c(I)c(C(N)=O)c(I)c(C(=O)NCCC(=O)O)c1I,1.64147701,0,700.9930000000002,147.81999999999996,1.3887,4,5,8,1
TOX-38410,CNC(=O)c1c(I)c(NC(=O)COC)c(I)c(C(=O)N(C)CC(=O)O)c1I,1.775013827,0,715.0200000000001,125.04,1.6015000000000001,3,5,7,1
TOX-38411,CNC(=O)c1c(I)c(NC(=O)COC)c(I)c(C(=O)NC(CO)C(=O)O)c1I,1.596633493,0,731.0190000000002,154.06,0.6201999999999999,5,6,8,1
TOX-38413,CCN(CC)C(=O)Nc1ccc(OCC(O)CNC(C)(C)C)c(C(C)=O)c1,3.744502717,1,379.5010000000002,90.9,2.8907000000000007,3,5,9,1
TOX-38418,CC(=O)NCCCc1ccc(OCC(O)CNC(C)C)cc1,3.4932425,0,308.422,70.59,1.4929999999999994,3,4,10,1
TOX-38419,CC(=O)N(C)c1ccc(OCC(O)CNC(C)C)cc1,3.277185781,0,280.368,61.800000000000004,1.4069999999999998,2,4,7,1
TOX-38420,CCCCCCNC(=O)c1ccc(OCC(O)CNC(C)C)cc1,3.873407557,1,336.476,70.59,2.734400000000001,3,4,12,1
TOX-38421,CC(C)NCC(O)COc1ccc(C(=O)NC2CCCCC2)cc1,3.532761755,0,334.46000000000015,70.58999999999999,2.4867999999999997,3,4,8,2
TOX-38422,CCN(CC)C(=O)c1ccc(OCC(O)CNC(C)C)cc1,3.298545997,0,308.422,61.800000000000004,1.9062999999999994,2,4,9,1
TOX-38423,CN(C(=O)NC1CCCCC1)c1ccc(OCC(O)CNC(C)(C)C)cc1,3.923470636,1,377.5290000000001,73.83000000000001,3.2929000000000013,3,4,7,2
TOX-38441,Cc1ccc(NC2=NCCN2)c(Cl)c1,3.697067245,1,209.68000000000004,36.42,2.01952,2,3,1,2
TOX-38516,CCN(CCCC(=O)C1CCCCC1)C(C)Cc1ccc(OC)cc1,4.305192621,1,345.527,29.540000000000003,4.877700000000005,0,3,10,2
TOX-38582,CN(C)CCN(C)n1cc(-c2ccccc2)c2ccccc21,4.05219534,1,293.41400000000004,11.41,3.437700000000002,0,3,5,3
TOX-38599,O=C(CCCN1CCC(n2c(=S)[nH]c3ccccc32)CC1)c1ccc(F)cc1,4.516203527,1,397.5190000000002,41.03,5.137990000000005,1,4,6,4
TOX-38636,Cc1nnc(C(CCN2CC3CCC2CC3)(c2ccccc2)c2ccccc2)o1,4.265781153,1,387.52700000000004,42.160000000000004,4.976920000000005,0,4,6,6
TOX-38658,CCc1nn(CCCN2CCN(c3cccc(Cl)c3)CC2)c(=O)n1CC,3.78420095,1,377.92000000000024,46.300000000000004,2.492800000000001,0,6,7,3
TOX-38738,Cc1ccc2c(c1)C1CN(CCCC(=O)c3ccc(F)cc3)CCC1N2,3.839278434,1,352.45300000000003,32.34,4.380620000000003,1,3,5,4
TOX-38782,CC(C)(C)N1CCC(c2ccccc2)(c2ccccc2)CC1,4.020107113,1,293.4540000000001,3.24,4.867000000000004,0,1,2,3
TOX-38888,CN(C)CCCN1c2ccccc2C=Cc2ccccc21,4.082593851,1,278.39900000000006,6.48,4.260200000000004,0,2,4,3
TOX-39018,Cc1c(-c2ccccc2)oc2c(C(=O)O)cccc2c1=O,2.920946778,0,280.279,67.50999999999999,3.4666200000000025,1,3,2,3
TOX-39052,O=NN(CCCl)C(=O)NC1OC(CO)C(O)C(O)C1O,3.893583778,1,313.694,151.92,-2.2819,5,8,5,1
TOX-39144,C=CCN1CCC23c4c5ccc(O)c4OC2C([N-][N+]#N)CCC3(O)C1C5,4.005154989,1,354.4100000000002,95.18,2.24268,2,5,3,5
TOX-39146,Nc1ccc(OCC(O)CO)cc1,2.700387271,0,183.207,75.71000000000001,0.0008000000000000229,3,4,4,1
TOX-39156,CCOc1ccccc1OCC(O)CNCCNCC(O)COc1ccccc1OCC,4.350458684,1,448.56000000000023,101.44000000000001,1.8428000000000002,4,8,17,2
TOX-39225,CCC(C)C1CC2C3N(C)c4ccccc4C34CC(C1C4O)N2CCN1CCCCC1,4.902521461,1,423.6450000000003,29.950000000000003,3.7283000000000026,1,4,5,6
TOX-39226,CCC(C)C1CC2C3N(C)c4ccccc4C34CC(C1C4O)N2CC(O)CN(CC)CC,5.011359438,1,441.66000000000025,50.18,2.945100000000001,2,5,8,5
TOX-39239,CCC(C)C1CC2C3N(C)c4ccccc4C34CC(C1C4O)N2CCN(CC)CC,5.041156922,1,411.63400000000024,29.950000000000003,3.5842000000000027,1,4,7,5
TOX-39242,CC(C)N1CCC(N(C(=O)Cc2ccccc2)c2ccc(Cl)cc2)CC1,4.258561968,1,370.9240000000001,23.55,4.788500000000004,0,2,5,3
TOX-39260,CC(=O)C1(O)Cc2c(O)c3c(c(O)c2C(OC2CC(N)C(O)C(C)O2)C1)C(=O)c1ccccc1C3=O,5.20795296,1,497.5000000000002,176.60999999999999,1.0202999999999998,5,10,3,5
TOX-39303,COC1OC(CNC(=O)N(CCCl)N=O)C(O)C(O)C1O,4.012232612,1,327.721,140.92000000000002,-1.6277999999999992,4,8,6,1
TOX-39329,CNC(=O)c1c(I)c(C(=O)NCC(=O)Nc2c(I)c(C(=O)O)c(I)c(C(=O)NCCO)c2I)c(I)c(N(C)C(C)=O)c1I,1.979455557,0,1268.8829999999996,194.24,3.4453000000000014,6,7,10,2
TOX-39340,Cc1cc(=O)n(CCOc2ccc3ccccc3c2)[nH]1,3.547527238,0,268.31600000000003,47.019999999999996,2.7170200000000007,1,3,4,3
TOX-39385,Cc1cccc(C)c1NC(=O)CN(CC(=O)O)CC(=O)O,3.524054536,0,294.307,106.94000000000001,0.7131399999999998,3,4,7,1
TOX-39442,CCCCCCCCCCCCN1CCCCCC1=O,1.54601162,0,281.4839999999999,20.310000000000002,5.309900000000005,0,1,11,1
TOX-39539,O=C(NNC1OC(C(=O)O)C(O)C(O)C1O)c1ccncc1,1.56437362,0,313.266,161.24,-2.7917999999999985,6,8,4,2
TOX-39629,CC1(C)SC2C(NC(=O)C(NC(=O)N3CC(=O)NC(=O)C3)c3ccccc3)C(=O)N2C1C(=O)O,2.388404792,0,489.5100000000002,165.22,-0.9725999999999977,4,7,5,4
TOX-39634,CCC(=O)N(c1ccccc1)C1(C(=O)OC)CCN(CCc2ccccc2)CC1,5.065561684,1,394.51500000000016,49.85,3.6799000000000026,0,4,7,3
TOX-39729,CN1CCN(C2=NS(=O)(=O)c3cc(Cl)ccc3N2)CC1,2.755872652,0,314.79800000000006,65.00999999999999,1.0576,1,5,0,3
TOX-39849,CCC(COCCOc1c(I)cc(I)c(NC(C)=O)c1I)C(=O)O,2.813387981,0,673.0230000000001,84.86,3.9650000000000025,2,4,9,1
TOX-39931,COc1ccc(OC)c(C(O)CN)c1,5.12738954,1,197.23399999999998,64.71,0.6959,2,4,4,1
TOX-39966,CC(CN1CCN(CCOCCO)CC1)CN1c2ccccc2Sc2ccccc21,4.05664403,1,427.61400000000003,39.18,3.5519000000000025,1,6,9,4
TOX-40065,CCC(=O)N(c1ccccc1)C1(COC)CCN(CCc2ccccc2)CC1,4.571501437,1,380.53200000000015,32.78,4.153300000000003,0,3,8,3
TOX-40081,CCC(=O)N(c1ccccc1)C1(C(=O)CC)CCN(CCc2cccs2)CC1,5.137675802,1,398.5720000000001,40.620000000000005,4.547500000000004,0,4,8,3
TOX-40082,CCC(=O)N(c1ccccc1)C1(C(=O)CC)CCN(CCc2ccccc2)CC1,5.116485264,1,392.5430000000001,40.620000000000005,4.486000000000004,0,3,8,3
TOX-40083,CC(=O)C1(N(C(=O)C2CC2)c2ccccc2)CCN(CCc2ccccc2)CC1,5.451472405,1,390.5270000000002,40.620000000000005,4.095900000000004,0,3,7,4
TOX-40084,CCC(=O)N(c1ccccc1)C1(C(C)=O)CCN(CCc2ccccc2)CC1,5.071270135,1,378.51600000000013,40.620000000000005,4.095900000000004,0,3,7,3
TOX-40085,CCC(=O)N(c1ccccc1)C1(C(=O)OC)CCN(CCc2ccccc2)CC1C,6.309931585,1,408.54200000000014,49.85,3.925900000000003,0,4,7,3
TOX-40086,COC(=O)C1(N(C(=O)C2CC2)c2ccccc2)CCN(CCc2ccccc2)CC1,6.404675129,1,406.52600000000024,49.85,3.6799000000000026,0,4,7,4
TOX-40087,CCC(=O)N(c1ccccc1)C1(C(=O)OC)CCN(C(C)Cc2ccccc2)CC1,5.234384624,1,408.54200000000014,49.85,4.068400000000003,0,4,7,3
TOX-40093,CCN(CC)CCOc1ccc(CCc2ccccc2)cc1,3.628025632,1,297.442,12.47,4.192400000000004,0,2,9,2
TOX-40116,CN1CCN(CCN2c3ccccc3Sc3ccccc32)CC1,3.38173969,0,325.48100000000017,9.72,3.5367000000000024,0,4,3,4
TOX-40117,COc1ccc2c(c1)Sc1ccccc1N2C1CCCN(C)C1,3.735213295,1,326.46500000000015,15.71,4.392100000000005,0,4,2,4
TOX-40118,CN1CCCCC1Cn1c2ccccc2c2ccccc21,3.967200432,1,278.39900000000006,8.17,4.278800000000003,0,2,2,4
TOX-40121,CN1CCCCC1CN1c2ccccc2Sc2ccccc21,4.014403491,1,310.46600000000007,6.48,4.7736000000000045,0,3,2,4
TOX-40171,CNCCCC1(C#N)c2ccccc2CCc2ccccc21,4.000281887,1,290.41,35.82,3.5944800000000026,1,2,4,3
TOX-40180,CCC(=O)N(c1ccccc1)C1(C(=O)OC)CCN(CCc2cccs2)CC1,5.155147298,1,400.54400000000015,49.85,3.741400000000003,0,5,7,3
TOX-40192,CCOC(=O)C1(c2ccccc2)CCN(CCC(=O)c2ccccc2)CC1,5.043983668,1,365.47300000000007,46.61,3.8563000000000036,0,4,7,3
TOX-40202,COC(=O)C1(C)CCC2(C(=O)O)CCC3(C)C(=CCC4C5(C)CC(O)C(OC6OCC(O)C(O)C6O)C(C)(CO)C5CCC43C)C2C1,4.789015831,1,664.833,183.21,2.7932000000000006,6,10,5,6
TOX-40433,N#[N+][N-]C1CCC2(O)C3Cc4ccc(O)c5c4C2(CCN3CC2CC2)C1O5,3.657624501,1,368.4370000000002,95.18,2.46668,2,5,3,6
TOX-40587,CC1CCCC(C)N1CCCC(O)(c1ccccc1)c1ccccn1,4.631586084,1,338.49500000000006,36.36,4.360600000000004,1,3,6,3
TOX-40762,CS(=O)(=O)OCCNC(=O)N(CCCl)N=O,4.296310005,1,273.698,105.13999999999999,-0.1055999999999997,1,6,7,0
TOX-40835,Nc1c(CC(=O)O)cccc1C(=O)c1ccccc1,2.964217991,0,255.273,80.39000000000001,2.1269,2,3,4,2
TOX-40998,CCCCN(CCCC)CCCOc1ccc(C(=O)c2c(CC)cc3ccccn23)cc1,4.29538446,1,434.62400000000014,33.95,6.4038000000000075,0,4,14,3
TOX-40999,CNCCCCOc1ccccc1Cc1ccccc1,3.823638794,1,269.388,21.259999999999998,3.655800000000003,1,2,8,2
TOX-41039,CC1SCC(C(=O)NC(Cc2cnc[nH]2)C(=O)N2CCCC2C(N)=O)NC1=O,3.30978128,0,408.4840000000002,150.27999999999997,-1.4665999999999952,4,6,6,3
TOX-41091,COc1ccc(CC(N)c2ccc(OC)cc2)cc1,3.711207365,1,257.333,44.480000000000004,2.9463000000000017,1,3,5,2
TOX-41173,COc1cc(C=CC(=O)OC(Cc2c(C)c3ccc(NC(=O)N4CCOCC4)cc3oc2=O)CN2CCOCC2)cc(OC)c1OC,3.366617837,0,651.7130000000002,138.23999999999998,3.491220000000002,1,11,11,5
TOX-41224,CCC(NC(C)C)C(O)c1ccc(O)c2[nH]c(=O)ccc12,3.559556597,0,290.363,85.35,2.0436999999999994,4,4,5,2
TOX-41294,CC(C)CCC(O)(CCN1CCCCC1)c1ccccc1,4.063263683,1,289.4629999999999,23.47,4.1864000000000035,1,2,7,2
TOX-41295,CC(C)C(O)(CCN1CCCCC1)c1ccccc1,3.763791015,1,261.40899999999993,23.47,3.406200000000002,1,2,5,2
TOX-41296,CCCCC(O)(CCN1CCCCC1)c1ccccc1,3.992586481,1,275.4359999999999,23.47,3.940400000000003,1,2,7,2
TOX-41297,CCCC(O)(CCN1CCCCC1)c1ccccc1,3.726807449,1,261.40899999999993,23.47,3.5503000000000027,1,2,6,2
TOX-41418,CSCCC(NC(=O)C(N)Cc1ccc(O)cc1)C(=O)NCC(=O)NC(Cc1ccccc1)C(=O)N1CCCC1C(N)=O,3.71510067,1,612.7529999999999,196.95000000000002,-0.18009999999999582,6,8,15,3
TOX-41439,CC(C)(Oc1ccc(Cl)cc1)C(=O)NC(=O)NCN1CCOCC1,3.572678261,0,355.82200000000023,79.89999999999999,1.6128999999999998,2,5,5,2
TOX-41457,COc1ccc(CCNCC(O)COc2ccccc2)cc1OC,3.787683915,1,331.4120000000001,59.95,2.2758000000000003,2,5,10,2
TOX-41513,Cc1nnc(SCC2=C(C(=O)O)N3C(=O)C(NC(=O)Cn4cc(Cl)c(=O)c(Cl)c4)C3SC2)s1,2.11217339,0,548.4550000000002,134.48999999999998,1.8459199999999996,2,10,7,4
TOX-41538,CCC(C(=O)O)c1ccc(N2Cc3ccccc3C2=O)cc1,2.947611532,0,295.33799999999997,57.61,3.425200000000002,1,2,4,3
TOX-41713,CC(C)NCCCNc1c2ccccc2nc2cccc([N+](=O)[O-])c12,5.574912177,1,338.4110000000001,80.09,4.096200000000002,2,5,7,3
TOX-41737,CCCCCCCCC(=O)OCCCOCCCOC(=O)CCCCCCCC,2.592073539,0,414.62700000000035,61.830000000000005,6.370800000000007,0,5,22,0
TOX-41838,O=[N+]([O-])C(Br)(CC(O)C(O)c1ccccc1)[N+](=O)[O-],4.125780514,1,335.11000000000007,126.74000000000001,1.0731,2,6,6,1
TOX-41992,CN(CCCN1c2ccccc2Sc2ccc(Cl)cc21)C1CCCC1,3.838274988,1,372.9650000000002,6.48,6.207200000000005,0,3,5,4
TOX-42438,CN1CCCC(OC(=O)C(O)(c2ccccc2)c2cccs2)C1,4.219009431,1,331.43700000000007,49.769999999999996,2.6214000000000004,1,5,4,3
TOX-42539,ClCCN(CCCl)CCN(CCCl)CCCl,4.90881518,1,310.096,6.48,2.5456000000000003,0,2,11,0
TOX-42550,CN1CCN(CCCN2c3cc(Cl)ccc3C=Cc3ccc(Cl)cc32)CC1,4.188291928,1,402.3690000000002,9.72,5.252800000000005,0,3,4,4
TOX-42551,CCN(CC)CCN1c2ccccc2C=Cc2ccccc21,4.186956232,1,292.42600000000004,6.48,4.650300000000004,0,2,5,3
TOX-42552,CCN(CC)C(C)CN1c2ccccc2CCc2ccccc21,4.073851222,1,308.469,6.48,4.653600000000004,0,2,5,3
TOX-42557,CC(CN1c2ccccc2C=Cc2ccccc21)N(C)C,4.298193651,1,278.399,6.48,4.258600000000004,0,2,3,3
TOX-42716,CNC(=O)c1c(I)c(NC(=O)C(O)C(O)C(O)C(O)CO)c(I)c(NC(=O)C(O)C(O)C(O)C(O)CO)c1I,1.760557621,0,899.1640000000002,289.59999999999997,-4.391199999999997,13,13,13,1
TOX-42717,CN(C)c1c2ccccc2nc2cccc([N+](=O)[O-])c12,5.280560114,1,267.28799999999995,59.269999999999996,3.3622000000000023,0,4,2,3
TOX-42867,CCC1CCCC(C)C12C(=O)NC(=S)NC2=O,3.198202535,0,254.35500000000002,58.2,1.3498999999999999,2,3,1,2
TOX-42871,CCCC1CC(C)C2(C(=O)NC(=S)NC2=O)C1C,3.165888725,0,268.382,58.2,1.5958999999999999,2,3,2,2
TOX-42872,CC1CCC(C)C12C(=O)NC(=O)NC2=O,2.966407306,0,210.23299999999998,75.27000000000001,0.40479999999999994,2,3,0,2
TOX-42873,CC1CCC(C)C12C(=O)NC(=S)NC2=O,3.320835695,0,226.301,58.2,0.5696999999999998,2,3,0,2
TOX-42874,CCCC1CCC(CCC)C12C(=O)NC(=O)NC2=O,3.522059396,0,266.341,75.27000000000001,1.9651999999999998,2,3,4,2
TOX-42875,CCCC1CCC(CCC)C12C(=O)NC(=S)NC2=O,3.630934873,1,282.40900000000005,58.2,2.1301,2,3,4,2
TOX-42876,CCCC1CC(CC)C(C)C12C(=O)NC(=O)NC2=O,3.475759376,0,266.341,75.27000000000001,1.8211,2,3,3,2
TOX-42877,CCCC1CC(CC)C(C)C12C(=O)NC(=S)NC2=O,3.742908633,1,282.40900000000005,58.2,1.986,2,3,3,2
TOX-42878,CCC1CC(C)C2(C1)C(=O)NC(=O)NC2=O,2.654991365,0,224.26,75.27000000000001,0.7948999999999999,2,3,1,2
TOX-42879,CCC1CCC(C)C12C(=O)NC(=O)NC2=O,3.301255019,0,224.26,75.27000000000001,0.7948999999999999,2,3,1,2
TOX-42880,CCC1CCC(C)C12C(=O)NC(=S)NC2=O,3.323489554,0,240.328,58.2,0.9598,2,3,1,2
TOX-42881,CCC1CCCC12C(=O)NC(=O)NC2=O,2.514898136,0,210.233,75.27000000000001,0.5489,2,3,1,2
TOX-42882,CCC1C(C)C(C)C(C)C12C(=O)NC(=O)NC2=O,3.638233373,1,252.314,75.27000000000001,1.2869,2,3,1,2
TOX-42883,CC(C)C1CCCC12C(=O)NC(=O)NC2=O,2.876256778,0,224.26000000000002,75.27000000000001,0.7948999999999999,2,3,1,2
TOX-42884,CCCC1CCC(C)C12C(=O)NC(=O)NC2=O,3.327612025,0,238.287,75.27000000000001,1.1849999999999998,2,3,2,2
TOX-42885,CC1CCCC12C(=O)NC(=O)NC2=O,2.150693963,0,196.206,75.27000000000001,0.15879999999999994,2,3,0,2
TOX-42886,CCCC1CCC(C)C12C(=O)NC(=S)NC2=O,3.612636722,1,254.35500000000002,58.2,1.3498999999999999,2,3,2,2
TOX-42887,CC1CCC(C)(C)C12C(=O)NC(=S)NC2=O,3.204303146,0,240.328,58.2,0.9598,2,3,0,2
TOX-42888,CC1CC(C)C2(C(=O)NC(=S)NC2=O)C1C,3.181737318,0,240.328,58.2,0.8157000000000002,2,3,0,2
TOX-42889,CC1C(C)C(C)C2(C(=O)NC(=O)NC2=O)C1C,3.308644186,0,238.28699999999998,75.27000000000001,0.8967999999999999,2,3,0,2
TOX-42890,CC1CCC(C)(C)C12C(=O)NC(=O)NC2=O,2.90331501,0,224.26,75.27000000000001,0.7948999999999999,2,3,0,2
TOX-42891,CC1CC(C)C2(C(=O)NC(=O)NC2=O)C1C,3.026190587,0,224.26,75.27000000000001,0.6507999999999999,2,3,0,2
TOX-42892,CC1CCCC(C)C12C(=O)NC(=O)NC2=O,3.151815955,0,224.26,75.27000000000001,0.7948999999999999,2,3,0,2
TOX-42893,CC1CCCC(C)C12C(=O)NC(=S)NC2=O,3.237379605,0,240.328,58.2,0.9598,2,3,0,2
TOX-42894,CCC1CCCC(C)C12C(=O)NC(=O)NC2=O,3.24010948,0,238.287,75.27000000000001,1.1849999999999998,2,3,1,2
TOX-42896,CCCCC1CC(C)C(C)C12C(=O)NC(=O)NC2=O,3.55008812,0,266.341,75.27000000000001,1.8211,2,3,3,2
TOX-42897,CCCCC1CC(C)C(C)C12C(=O)NC(=S)NC2=O,3.329904878,0,282.40900000000005,58.2,1.986,2,3,3,2
TOX-42898,CCCCC1CCC(C)C12C(=O)NC(=O)NC2=O,3.322480121,0,252.314,75.27000000000001,1.5751,2,3,3,2
TOX-42899,CCCCC1CCC(C)C12C(=O)NC(=S)NC2=O,3.419739643,0,268.382,58.2,1.74,2,3,3,2
TOX-42900,CCCCC1CCCC12C(=O)NC(=O)NC2=O,2.71596457,0,238.287,75.27000000000001,1.3291,2,3,3,2
TOX-42901,CCC1CC(CC)C2(C(=O)NC(=O)NC2=O)C1C,3.264940799,0,252.314,75.27000000000001,1.431,2,3,2,2
TOX-42902,CCC1CC(CC)C2(C(=O)NC(=S)NC2=O)C1C,3.469298423,0,268.382,58.2,1.5958999999999999,2,3,2,2
TOX-42903,CCC1CCC(CC)C12C(=O)NC(=O)NC2=O,3.363992823,0,238.287,75.27000000000001,1.1849999999999998,2,3,2,2
TOX-42904,CCC1CCC(CC)C12C(=O)NC(=S)NC2=O,3.626877161,1,254.35500000000002,58.2,1.3498999999999999,2,3,2,2
TOX-42905,CCC1CC(C)C(C)C12C(=O)NC(=O)NC2=O,3.233815247,0,238.28699999999998,75.27000000000001,1.0409,2,3,1,2
TOX-42906,CCC1CC(C)C2(C(=O)NC(=O)NC2=O)C1C,3.146381126,0,238.28699999999998,75.27000000000001,1.0408999999999997,2,3,1,2
TOX-42907,CCC1CC(C)C(C)C12C(=O)NC(=S)NC2=O,3.485950319,0,254.355,58.2,1.2058,2,3,1,2
TOX-42908,CCC1CC(C)C2(C(=O)NC(=S)NC2=O)C1C,3.336842549,0,254.355,58.2,1.2057999999999998,2,3,1,2
TOX-42909,CC(C)C1CC(C)C2(C(=O)NC(=O)NC2=O)C1C,3.526600103,0,252.314,75.27000000000001,1.2868999999999997,2,3,1,2
TOX-42910,CC(C)C1CC(C)C2(C(=O)NC(=S)NC2=O)C1C,3.469298423,0,268.382,58.2,1.4517999999999995,2,3,1,2
TOX-42911,CCCC1CC(C)C(C)C12C(=O)NC(=O)NC2=O,3.194835491,0,252.314,75.27000000000001,1.4309999999999998,2,3,2,2
TOX-42912,CCCC1CC(C)C(C)C12C(=O)NC(=S)NC2=O,3.565016955,0,268.382,58.2,1.5958999999999999,2,3,2,2
TOX-42913,CCCC1CC(C)C2(C(=O)NC(=O)NC2=O)C1C,3.134489638,0,252.314,75.27000000000001,1.431,2,3,2,2
TOX-42979,CN1C(C)(C)CCC(OC(=O)C(O)(c2ccccc2)c2ccccc2)C1(C)C,4.435077696,1,381.51600000000013,49.769999999999996,4.117100000000003,1,4,4,3
TOX-43123,CCC1CCC(CC)C12C(=O)NC(=O)N(C)C2=O,3.457178694,0,252.314,66.48,1.5272,1,3,2,2
TOX-43133,NC(=O)CNC(=O)CN1CCCC1=O,2.299061861,0,199.20999999999992,92.5,-1.7896999999999994,2,3,4,1
TOX-43226,C=CCC(C)C1(CC)C(=O)NC(=O)NC1=O,3.415974591,0,224.26,75.27000000000001,0.9609999999999999,2,3,4,1
TOX-43227,CCC=CCC1(CC)C(=O)NC(=O)N(C)C1=O,3.660826704,1,238.287,66.48,1.4472999999999998,1,3,4,1
TOX-43228,CCC=CCC1(CC)C(=O)NC(=O)NC1=O,3.180211326,0,224.26000000000002,75.27000000000001,1.1050999999999997,2,3,4,1
TOX-43229,CCC=CCC1(CC)C(=O)NC(=S)NC1=O,3.445895954,0,240.32800000000003,58.2,1.2699999999999998,2,3,4,1
TOX-43231,CCC=CCC1(C(C)C)C(=O)NC(=O)N(C)C1=O,3.538338507,0,252.314,66.48,1.6932999999999998,1,3,4,1
TOX-43232,CCC=CCC1(C(C)C)C(=O)NC(=O)NC1=O,3.33940355,0,238.287,75.27000000000001,1.3510999999999997,2,3,4,1
TOX-43587,CCC=CCC1(C(C)CC)C(=O)NC(=O)NC1=O,3.401661367,0,252.314,75.27000000000001,1.7411999999999996,2,3,5,1
TOX-43614,CC=C(C)CC1(C(C)C)C(=O)NC(=O)NC1=O,3.432347375,0,238.28699999999998,75.27000000000001,1.3510999999999997,2,3,3,1
TOX-43643,Cc1cccc(OCC(=N)N)c1,3.351793549,0,164.208,59.099999999999994,1.3097899999999998,2,2,3,1
TOX-43660,CCN(CC)c1cccc(OC(=O)NC)c1,3.387594804,0,222.28799999999998,41.57,2.2510000000000003,1,3,4,1
TOX-43671,CCC=CCC1(C(C)C)C(=O)NC(=S)NC1=O,3.387995072,0,254.35500000000002,58.2,1.5159999999999998,2,3,4,1
TOX-43696,CCC=CCC1(CCC)C(=O)NC(=O)NC1=O,3.180930395,0,238.287,75.27000000000001,1.4951999999999996,2,3,5,1
TOX-43697,C=CCC1(CC(O)CCC)C(=O)NC(=O)NC1=O,3.297850502,0,254.28599999999997,95.5,0.46599999999999986,3,4,6,1
TOX-43717,Clc1ccc2c(n1)C(c1ccccc1Cl)=NCc1nncn1-2,3.831456244,1,330.1780000000001,55.96,3.320100000000001,0,5,1,4
TOX-43730,CC(C)(N1CC1C#N)N1CC1C(N)=O,2.141952888,0,194.238,72.9,-0.9002199999999987,1,4,3,2
TOX-43777,O=C(CN1CCNCC1)NC1CCCCC1,2.89770445,0,225.33599999999996,44.370000000000005,0.34050000000000047,2,3,3,2
TOX-43795,CCOC(=O)NNc1ccc(N(CC)CC(C)O)nn1,3.022289498,0,283.332,99.61,0.7566999999999997,3,7,7,1
TOX-43818,CCCCC(C)(C)C(O)C=CC1C(O)CC(=O)C1CCCCC=CC(=O)OC,4.139487061,1,394.55200000000025,83.83,3.9756000000000036,2,5,12,1
TOX-43840,CC1CCC=C2N(C)C=C(C(N)=O)C(=O)N21,3.018285146,0,221.25999999999996,66.64,0.1533000000000001,1,3,1,2
TOX-43891,CC(C)=CCOc1ccc(C=CC(=O)c2ccc(OCC=C(C)C)cc2OCC(=O)O)cc1,3.632250164,1,450.53100000000023,82.06,5.736100000000006,1,5,12,2
TOX-43961,CC1(CCNCCNCCC2(C)Oc3ccccc3O2)Oc2ccccc2O1,4.283505804,1,384.47600000000017,60.980000000000004,3.3210000000000024,2,6,9,4
TOX-43962,CC1(CCN2CCN(CCO)CC2)Oc2ccccc2O1,4.198490182,1,292.379,45.17,1.1739999999999997,1,5,5,3
TOX-43963,CC1(CCN2CCN(CCC3(C)Oc4ccccc4O3)CC2)Oc2ccccc2O1,4.392924144,1,410.51400000000024,43.400000000000006,3.759400000000003,0,6,6,5
TOX-43964,CCN(CC)CCSCCC1(C)Oc2ccccc2O1,4.595067685,1,295.44800000000004,21.700000000000003,3.6391000000000027,0,4,8,2
TOX-44144,O=C1CC2(CCCCC2)CN1,3.088122931,0,153.22500000000002,29.1,1.4568,1,1,0,2
TOX-44157,C=CCC1(C2C=CCC2)C(=O)NC(=O)N(C)C1=O,3.440415922,0,248.28199999999995,66.48,1.2232999999999998,1,3,3,2
TOX-44239,C1=Cc2cccc(OCC3CNCCO3)c2C1,3.475678564,0,231.29499999999993,30.49,1.6231,1,3,3,3
TOX-44250,CCN(CC)CCOc1c(C)cc(C(=O)CC(c2ccccc2)c2ccccc2)cc1C,3.900337564,1,429.6040000000001,29.54,6.428940000000007,0,3,11,3
TOX-44257,CC(CN(C)C)Nc1c2ccccc2nc2cccc([N+](=O)[O-])c12,4.386884521,1,324.3840000000001,71.3,3.6582000000000026,1,5,5,3
TOX-44314,Cc1cc2c(OCC(O)CNC(C)CCn3cnc4c3c(=O)n(C)c(=O)n4C)cccc2[nH]1,3.615915478,1,454.5310000000002,119.1,1.03152,3,9,9,4
TOX-44345,CC1(CCNC2CCCCC2)Oc2ccccc2O1,4.115906389,1,261.365,30.49,3.4864000000000024,1,3,4,3
TOX-44346,CC1(CCNCCc2ccccc2)Oc2ccccc2O1,4.150953215,1,283.37100000000004,30.49,3.3964000000000025,1,3,6,3
TOX-44347,CN(C)CCC1(C)Oc2ccccc2O1,3.538089504,0,207.273,21.700000000000003,2.1257,0,3,3,2
TOX-44348,CCN(CC)CCC1(C)Oc2ccccc2O1,3.718158739,1,235.327,21.700000000000003,2.9059000000000017,0,3,5,2
TOX-44349,CN(CCc1ccccc1)CCC1(C)Oc2ccccc2O1,4.296914992,1,297.39799999999997,21.700000000000003,3.7386000000000026,0,3,6,3
TOX-44350,CC1(CCN2CCCCC2)Oc2ccccc2O1,3.790927373,1,247.338,21.700000000000003,3.0500000000000016,0,3,3,3
TOX-44520,COC(=O)C1(C)CCC2(C(=O)O)CCC3(C)C(=CCC4C5(C)CC(O)C(OC6COC(OC7OC(CO)C(O)C(O)C7O)C(O)C6O)C(C)(CO)C5CCC43C)C2C1,4.290854725,1,826.9740000000004,262.35999999999996,0.617400000000004,9,15,8,7
TOX-44540,Cc1cc2ccccn2c1CCCN,3.880719755,1,188.27399999999994,30.43,2.13902,1,2,3,2
TOX-44542,Cc1cc2ccccn2c1CCCN(C)C,3.941046074,1,216.32799999999995,7.65,2.7419200000000012,0,2,4,2
TOX-44552,Cc1nc[nH]c1CSCCNC(=N)NCCCc1cnc[nH]1,4.108805188,1,321.45399999999995,105.27000000000001,1.4211899999999995,5,4,9,2
TOX-44657,CN=C(C[N+](=O)[O-])NCCSCc1ccc(CN(C)C)o1,3.548175428,0,314.411,83.91,1.4689999999999999,1,6,9,1
TOX-44743,CC1(C)CCC2(C(=O)OC3OC(CO)C(O)C(OC4OC(CO)C(O)C(OC5OC(CO)C(O)C(OC6OC(CO)C(O)C(OC7OC(CO)C(O)C(O)C7O)C6O)C5O)C4O)C3O)C(O)CC3(C)C(=CCC4C5(C)CCC(OC6OC(CO)C(O)C(OC7OC(CO)C(O)C(OC8OC(CO)C(O)C(O)C8O)C7O)C6O)C(C)(C=O)C5CCC43C)C2C1,6.425022488,1,1783.8210000000015,728.0300000000004,-12.588700000000042,27,45,25,13
TOX-44829,O=C(OCCN1CCOCC1)C(Cl)(c1ccccc1)c1ccccc1,3.826960447,1,359.85300000000007,38.769999999999996,3.0444000000000013,0,4,6,3
TOX-44832,CC(C)(COC(=O)C(c1ccccc1)c1ccccc1)CN1CCOCC1,3.766947467,1,367.48900000000026,38.769999999999996,3.720100000000002,0,4,7,3
TOX-44872,CCCC(C)C1(CSC)C(=O)NC(=O)NC1=O,3.411799465,0,258.343,75.27000000000001,1.138,2,4,5,1
TOX-44954,O=C(OCCCCCCN1CCOCC1)C(c1ccccc1)c1ccccc1,4.258986436,1,381.516,38.769999999999996,4.254300000000003,0,4,10,3
TOX-44956,O=C(OCCCN1CCOCC1)C(c1ccccc1)c1ccccc1,4.233814238,1,339.43500000000006,38.769999999999996,3.0840000000000014,0,4,7,3
TOX-45055,CCC1(C2C=CCC2)C(=O)NC(=S)NC1=O,3.335329493,0,238.312,58.2,0.8798999999999999,2,3,2,2
TOX-45113,C=CCSC(C)C1(CC=C)C(=O)NC(=O)NC1=O,3.450566982,0,268.33799999999997,75.27000000000001,1.2226,2,4,6,1
TOX-45115,C=CCC1(C(C)SCCCC)C(=O)NC(=O)NC1=O,3.499260004,0,284.38100000000003,75.27000000000001,1.8367,2,4,7,1
TOX-45116,C=CCC1(CCSCCCC)C(=O)NC(=O)NC1=O,3.550412526,0,284.38100000000003,75.27000000000001,1.8382999999999998,2,4,8,1
TOX-45117,C=CCC1(CCSCCCC)C(=O)NC(=S)NC1=O,3.398150693,0,300.449,58.2,2.0032,2,4,8,1
TOX-45118,C=CCC1(CSCCCC)C(=O)NC(=O)NC1=O,3.431537142,0,270.354,75.27000000000001,1.4482,2,4,7,1
TOX-45119,C=CCC1(C2C=CCC2)C(=O)NC(=S)NC1=O,3.398079995,0,250.32299999999998,58.2,1.0459999999999998,2,3,3,2
TOX-45123,C=CCC1(C(C)SCC)C(=O)NC(=O)NC1=O,3.32922012,0,256.327,75.27000000000001,1.0565,2,4,5,1
TOX-45133,C=CCSCC1(CC)C(=O)NC(=O)NC1=O,3.383945479,0,242.29999999999998,75.27000000000001,0.668,2,4,5,1
TOX-45134,C=CCSCC1(C(C)CCC)C(=O)NC(=O)NC1=O,3.412109828,0,284.381,75.27000000000001,1.6942,2,4,7,1
TOX-45200,CCC(CC)CSCC1(CC)C(=O)NC(=O)NC1=O,3.342638419,0,286.397,75.27000000000001,1.9182,2,4,7,1
TOX-45201,CCSC(C)C1(CC)C(=O)NC(=O)NC1=O,3.183437403,0,244.31599999999997,75.27000000000001,0.8903999999999999,2,4,4,1
TOX-45211,CCSC(C)C1(CC)C(=O)NC(=S)NC1=O,3.415055756,0,260.384,58.2,1.0553,2,4,4,1
TOX-45235,CCCC(C)SCC1(CC)C(=O)NC(=O)NC1=O,3.434759606,0,272.37000000000006,75.27000000000001,1.6705999999999999,2,4,6,1
TOX-45278,CCN(CC)CCNC(=O)CC1(c2ccccc2)Oc2ccccc2O1,4.771151637,1,354.4500000000001,50.80000000000001,3.158900000000001,1,4,8,3
TOX-45289,CCCC1(CCC)COC(=O)C1,2.929757744,0,170.25199999999998,26.3,2.5199000000000007,0,2,4,1
TOX-45496,CCCCSCC1(CCCC)C(=O)NC(=O)NC1=O,3.502339262,0,286.397,75.27000000000001,2.0622999999999996,2,4,8,1
TOX-45499,CCSCC1(C(C)CC)C(=O)NC(=O)NC1=O,3.181350543,0,258.343,75.27000000000001,1.138,2,4,5,1
TOX-45500,CCSCC1(C(C)CC)C(=O)NC(=S)NC1=O,3.022922943,0,274.41100000000006,58.2,1.3029,2,4,5,1
TOX-45511,CCCCCSC(C)C1(CCCC)C(=O)NC(=S)NC1=O,3.477335124,0,330.519,58.2,3.0058000000000007,2,4,9,1
TOX-45514,CCCCSC(C)C1(CC)C(=O)NC(=O)NC1=O,3.480517096,0,272.37,75.27000000000001,1.6705999999999999,2,4,6,1
TOX-45516,CCCCSC(C)C1(CC)C(=O)NC(=S)NC1=O,3.505352873,0,288.438,58.2,1.8355,2,4,6,1
TOX-45517,CCCCSCCC1(CC)C(=O)NC(=S)NC1=O,3.313467347,0,288.438,58.2,1.8370999999999997,2,4,7,1
TOX-45528,CCCCSCCCC1(CC)C(=O)NC(=S)NC1=O,3.635020072,1,302.465,58.2,2.2272,2,4,8,1
TOX-45531,CCCCCSC(C)C1(CC)C(=O)NC(=O)NC1=O,3.502339262,0,286.397,75.27000000000001,2.0606999999999998,2,4,7,1
TOX-45534,CC=C(CC)C1(C(C)C)C(=O)NC(=O)NC1=O,3.363992823,0,238.28699999999998,75.27000000000001,1.3510999999999997,2,3,3,1
TOX-45542,CCSC(C)C1(CC(C)C)C(=O)NC(=O)NC1=O,3.393366921,0,272.37,75.27000000000001,1.5265,2,4,5,1
TOX-45548,CCCC(C)C1(CSCC)C(=O)NC(=O)NC1=O,3.35557836,0,272.37,75.27000000000001,1.5281,2,4,6,1
TOX-45553,CC(C)C=CC1(C(C)C)C(=O)NC(=O)NC1=O,3.359796708,0,238.28699999999998,75.27000000000001,1.2069999999999999,2,3,3,1
TOX-45564,CCC=C(C)C1(C(C)C)C(=O)NC(=O)NC1=O,3.442331596,0,238.28699999999998,75.27000000000001,1.3510999999999997,2,3,3,1
TOX-45565,CCCC=CC1(C(C)C)C(=O)NC(=O)NC1=O,3.34744627,0,238.28699999999998,75.27000000000001,1.3510999999999997,2,3,4,1
TOX-45616,CSCC1(CC(C)C)C(=O)NC(=O)NC1=O,3.157108464,0,244.31599999999997,75.27000000000001,0.7478999999999998,2,4,4,1
TOX-45620,CCCCNC(=O)CNC(=O)CN1CCCC1=O,2.398223122,0,255.31799999999993,78.51,-0.35869999999999846,2,3,7,1
TOX-45621,CC(C)NC(=O)CNC(=O)CN1CCCC1=O,2.523137516,0,241.29099999999994,78.51,-0.7503999999999993,2,3,5,1
TOX-45622,CCC(C(=O)NCC(N)=O)N1C(=O)CCC1(C)C,2.553125082,0,255.31799999999996,92.5,-0.23249999999999882,2,3,5,1
TOX-45623,CC(C(=O)NCC(N)=O)N1C(=O)CCC1(C)C,2.508955211,0,241.29099999999997,92.5,-0.6225999999999998,2,3,4,1
TOX-45625,CC(C(=O)NCC(N)=O)N1CCCC1=O,2.585111055,0,213.23699999999997,92.5,-1.4011999999999996,2,3,4,1
TOX-45626,CCC(C(=O)NCC(N)=O)N1CCCC1=O,2.601928057,0,227.26399999999995,92.5,-1.0110999999999986,2,3,5,1
TOX-46212,CC1(C)C(C=C(F)F)C1C(=O)OC(C#N)c1cccc(Oc2ccccc2)c1,5.795882629,1,383.3940000000001,59.32000000000001,5.6393800000000045,0,4,6,3
TOX-46214,CC(C)=CC(=O)OC1CCC2(C=O)C3CCC4(C)C(c5ccc(=O)oc5)CCC4(O)C3CCC2(O)C1,5.961074986,1,498.6160000000003,114.04000000000002,4.052900000000004,2,7,4,5
TOX-46216,CC(C)(CO)NCC(O)c1ccccc1,3.417369072,0,209.28900000000002,52.489999999999995,1.0805,3,3,5,1
TOX-46415,CC1(C)C(C=C(Cl)C(F)(F)F)C1C(=O)OC(C#N)c1cccc(Oc2ccccc2)c1,5.362140389,1,449.8560000000001,59.32000000000001,6.543980000000005,0,4,6,3
TOX-46491,CCOC(=O)COc1ccc2c(C)c(CCN(CC)CC)c(=O)oc2c1Cl,4.596743283,1,395.88300000000015,68.98,3.5810200000000023,0,6,9,2
TOX-46570,CC(C)(C)NCC(O)CSc1nc(-c2ccc(C(N)=O)s2)cs1,4.171589014,1,371.55300000000005,88.24000000000001,2.8116000000000003,3,7,7,2
TOX-47050,O=[N+]([O-])c1cc2c(ccc3ccccc32)o1,2.885990745,0,213.19199999999998,56.28,3.494200000000001,0,3,1,3
TOX-47136,COc1ccc2c3c1OC1CC(O)C=C(CCN(C)C2)C31,4.458125665,1,287.35900000000004,41.93,2.0663,1,4,1,4
TOX-47211,CN1CCN(CCCc2cccc3nc4c(=O)[nH]c(=O)[nH]c4nc23)CC1,3.345121726,0,354.41400000000016,97.98,0.3396000000000009,2,6,4,4
TOX-47467,C/C(CC(=O)OC(C)(C)C)=N\Nc1ccc(N2CCOCC2)nn1,2.699234046,0,335.40800000000013,88.94,1.8327999999999998,1,8,5,2
TOX-47483,CN1C(=O)C(c2cc(Cl)c(O)c(Cl)c2)NC(=O)C2NC(=O)C(c3cc(Cl)c(O)c(Cl)c3)NC(=O)C(NC(=O)C(=O)c3cc(Cl)c(O)c(Cl)c3)Cc3c[nH]c4cc(ccc34)-c3cc2cc(c3O)Oc2ccc(cc2)CC1C(=O)NC(C(=O)O)c1ccc(O)cc1,4.821216537,1,1328.783,346.34999999999997,9.196900000000008,12,14,9,12
TOX-47515,COC1(NC(=O)C2SC(=C(C(N)=O)C(=O)O)S2)C(=O)N2C(C(=O)O)=C(CSc3nnnn3C)CSC21,1.972123757,0,575.6320000000002,219.92999999999995,-1.3974999999999984,4,14,9,4
TOX-47550,CN(C)C1C(=O)C(C(N)=O)C(=O)C2(O)C(O)=C3C(=O)c4c(O)cccc4C(C)(O)C3C(O)C12,3.226283283,0,460.43900000000014,198.68999999999997,-1.870399999999997,6,10,2,4
TOX-47629,CCN(CCCCOC(=O)c1ccc(OC)c(OC)c1)C1CCc2cc(OC)ccc2C1,4.359097437,1,441.56800000000027,57.230000000000004,4.528800000000004,0,6,11,3
TOX-47630,CCN(CCCCCCOC(=O)c1ccc(OC)c(OC)c1)C1CCc2cc(OC)ccc2C1,4.123680298,1,469.62200000000036,57.230000000000004,5.3090000000000055,0,6,13,3
TOX-47631,CCN(CCCCOC(=O)c1ccc(OC)c(OC)c1)C1CCc2cc(OC)c(OC)cc2C1,4.463741963,1,471.59400000000034,66.46000000000001,4.537400000000004,0,7,12,3
TOX-47632,CCN(CCCCCCOC(=O)c1ccc(OC)c(OC)c1)C1CCc2cc(OC)c(OC)cc2C1,4.45535949,1,499.6480000000004,66.46000000000001,5.317600000000006,0,7,14,3
TOX-47633,CCN(CCCCCCOC(=O)c1ccc(OC)c(OC)c1)C1CCc2ccccc2C1,4.394756559,1,439.5960000000003,48.0,5.300400000000006,0,5,12,3
TOX-47635,CCCN(CCCCOC(=O)c1ccc(OC)c(OC)c1)C1CCc2cc(OC)ccc2C1,4.309956708,1,455.5950000000003,57.230000000000004,4.918900000000005,0,6,12,3
TOX-47735,CC1(C)CC(=O)N(CCCN2CCN(c3ccccc3)CC2)C(=O)N1,3.717242022,1,344.4590000000001,55.89000000000001,1.9191999999999996,1,4,5,3
TOX-47737,CC1(C)CC(=O)N(CCN2CCN(c3ccccc3)CC2)C(=O)N1,3.699282527,1,330.43200000000013,55.89000000000001,1.5290999999999995,1,4,4,3
TOX-47738,CC1NC(=O)N(CCCN2CCN(c3ccccc3)CC2)C(=O)C1C,4.138845949,1,344.4590000000002,55.89000000000001,1.7750999999999995,1,4,5,3
TOX-47742,Cn1c(=O)c2c(ncn2CC2OCCO2)n(C)c1=O,2.926748195,0,266.25699999999995,80.28,-1.1933999999999994,0,8,2,3
TOX-47746,CC1CCC2C(C)(C)C(O)C(O)CC2(C)C12Cc1c(O)cc3c(c1O2)C(=O)OC3O,2.922398616,0,418.48600000000016,116.45000000000002,2.4313000000000007,4,7,0,5
TOX-47770,CN(CCc1ccccc1)CCc1ccc2c(c1)OCO2,3.451983211,0,283.371,21.700000000000003,3.1323000000000016,0,3,6,3
TOX-47942,Cc1nc2cccc(C)n2c(=O)c1C,3.031339118,0,188.22999999999993,34.370000000000005,1.61976,0,3,0,2
TOX-47944,CCc1nc2cccc(C)n2c(=O)c1C,3.848525002,1,202.25699999999995,34.370000000000005,1.87374,0,3,1,2
TOX-47945,CCc1c(C)nc2ccccn2c1=O,2.827219135,0,188.23,34.370000000000005,1.5653199999999998,0,3,1,2
TOX-47946,CCCc1c(C)nc2ccccn2c1=O,3.252525707,0,202.257,34.370000000000005,1.95542,0,3,2,2
TOX-47948,CCc1c(C)nc2cccc(C)n2c1=O,3.026850549,0,202.25699999999998,34.370000000000005,1.87374,0,3,1,2
TOX-47949,CCc1c(C)nc2cc(C)cc(C)n2c1=O,3.25553433,0,216.28399999999996,34.370000000000005,2.1821599999999997,0,3,1,2
TOX-47950,Cc1c(N)nc(C(CC(N)=O)NCC(N)C(N)=O)nc1C(=O)NC(C(=O)NC(C)C(O)C(C)C(=O)NC(C(=O)NCCc1nc(-c2nc(C(=O)NCCCNC(C)c3ccccc3)cs2)cs1)C(C)O)C(OC1OC(CO)C(O)C(O)C1OC1OC(CO)C(O)C(OC(N)=O)C1O)c1cnc[nH]1,3.835644942,1,1473.6140000000005,639.1,-6.230680000000031,21,32,37,7
TOX-47986,CCCc1c(C)nc2cccc(C)n2c1=O,3.43162559,0,216.284,34.370000000000005,2.26384,0,3,2,2
TOX-48171,CCCCC(C)CC(O)C=CC1C(O)CC(=O)C1CC(=O)CCCCC(=O)OC,4.604520197,1,410.55100000000033,100.89999999999999,3.3786000000000023,2,6,14,1
TOX-48331,CCCCOP(=O)(CC)Oc1ccc([N+](=O)[O-])cc1,5.344081155,1,287.252,78.67,4.003300000000003,0,5,8,1
TOX-48332,CCCCOP(=O)(CCCC)Oc1ccc([N+](=O)[O-])cc1,4.808293058,1,315.306,78.67,4.7835000000000045,0,5,10,1
TOX-48418,Clc1ccc(OCCCOC(Cn2ccnc2)c2ccc(Cl)cc2Cl)cc1,3.713648322,1,425.74300000000005,36.28,6.070300000000004,0,4,9,3
TOX-48430,CC(C)(Cc1c[nH]c2ccccc12)NCC(O)COc1ccccc1C#N,4.254741508,1,363.4610000000001,81.07,3.3901800000000017,3,4,8,3
TOX-48547,OC(CNCCNc1ccccc1Cl)COc1ccccc1,4.18313301,1,320.82,53.519999999999996,2.7814000000000005,3,4,9,2
TOX-48548,OC(CNCCNc1c(Cl)cccc1Cl)COc1ccccc1,4.34495112,1,355.2650000000001,53.519999999999996,3.434800000000002,3,4,9,2
TOX-48549,Cc1ccccc1NCCNCC(O)COc1ccccc1,4.030232079,1,300.402,53.519999999999996,2.436420000000001,3,4,9,2
TOX-48550,Cc1ccc(C)c(NCCNCC(O)COc2ccccc2)c1,4.03484745,1,314.42900000000003,53.519999999999996,2.744840000000001,3,4,9,2
TOX-48551,Cc1cccc(C)c1NCCNCC(O)COc1ccccc1,3.992095469,1,314.429,53.519999999999996,2.7448400000000017,3,4,9,2
TOX-48552,OC(CNCCNc1ccc(Cl)cc1Cl)COc1ccccc1,4.43512775,1,355.2650000000001,53.519999999999996,3.434800000000002,3,4,9,2
TOX-48553,Cc1c(Cl)cccc1NCCNCC(O)COc1ccccc1,4.268723172,1,334.84700000000004,53.519999999999996,3.0898200000000013,3,4,9,2
TOX-48554,O=[N+]([O-])c1ccc(NCCNCC(O)COc2ccccc2)cc1,3.764117413,1,331.372,96.66000000000001,2.0361999999999996,3,6,10,2
TOX-48555,O=[N+]([O-])c1ccccc1NCCNCC(O)COc1ccccc1,4.197772974,1,331.37199999999996,96.66000000000001,2.0362,3,6,10,2
TOX-48556,O=[N+]([O-])c1cccc(NCCNCC(O)COc2ccccc2)c1,3.876539592,1,331.37199999999996,96.66000000000001,2.0362,3,6,10,2
TOX-48571,OC(CNCCNc1ccccc1)COc1ccccc1,4.252508863,1,286.375,53.519999999999996,2.1279999999999992,3,4,9,2
TOX-48605,CC1CCCC2N(C)C=C(C(N)=O)C(=O)N12,3.026354383,0,223.27599999999998,66.64,0.028099999999999903,1,3,1,2
TOX-48763,COC1CC(C)(O)Cc2cc3c(c(O)c21)C(=O)c1c(O)cc2c(c1C3=O)OC1OC2(C)C(O)C(N(C)C)C1O,3.844655156,1,541.5530000000003,166.22,0.8737999999999999,5,11,2,6
TOX-48857,Clc1ccc(SCOC(Cn2ccnc2)c2ccc(Cl)cc2Cl)cc1,3.468825923,0,413.75700000000006,27.05,6.3510000000000035,0,4,7,3
TOX-48901,COc1ccccc1CC(C)N(C)C,3.68384969,1,193.29,12.47,2.1878,0,2,4,1
TOX-49213,COC1C(O)C(N)C(OC2OC(C(C)N)CCC2N)C(O)C1N(C)C(=O)CN,3.673229648,1,405.49600000000015,192.54000000000002,-3.585399999999993,6,10,6,2
TOX-49396,C#CCN(C)Cc1ccc(OC)c2oc(=O)c(-c3ccccc3)cc12,3.568362767,0,333.387,42.68,3.5336000000000025,0,4,5,3
TOX-49809,COC1C(O)C(N)C(OC2OC(C(C)N)CCC2N)C(O)C1N(C)C(=O)CNC=N,3.050316088,0,432.5220000000001,202.4,-3.347429999999992,7,10,8,2
TOX-49877,COc1cc(S(C)=O)ccc1-c1nc2ncccc2[nH]1,3.498956771,0,287.344,67.87,2.3709,1,4,3,3
TOX-49983,COC(=O)C1C2CC3c4[nH]c5cc(OC)ccc5c4CCN3CC2CC(OC(=O)C=Cc2ccc(O)c(OC)c2)C1OC,4.469995579,1,590.6730000000003,119.55000000000003,4.259100000000004,2,9,7,6
TOX-50246,CC(C)NCCCC1(C(N)=O)c2ccccc2-c2ccccc21,4.488852145,1,308.425,55.12,3.2166000000000015,2,2,6,3
TOX-50317,CCN(CC)CCOC(=O)c1ccc(NCc2c(CO)cnc(C)c2O)cc1,3.508749415,0,387.48000000000013,94.92,2.698620000000001,3,7,10,2
TOX-50381,CC(N)C(OCCN(C(C)C)C(C)C)C(=O)c1ccccc1,5.008998377,1,306.45,55.56,2.7205000000000004,1,4,9,1
TOX-50862,CCOc1occ2cnc(C)c(O)c12,2.780578072,0,193.20199999999997,55.49000000000001,2.2405200000000005,1,4,2,2
TOX-50863,Cc1ncc2coc(OCCO)c2c1O,2.445230056,0,209.20099999999996,75.72000000000001,1.2129199999999998,2,5,3,2
TOX-50914,Cc1ncc(CSSCc2cnc(C)c(O)c2CN)c(CN)c1O,3.333186875,0,366.51200000000017,118.28,2.5036399999999994,4,8,7,2
TOX-50915,Cc1ncc(CSSCc2cnc(C)c(O)c2CCl)c(CCl)c1O,3.237155586,0,405.3720000000002,66.24000000000001,5.0638400000000034,2,6,7,2
TOX-50916,Cc1ncc(CSSCc2cnc(C)c(O)c2C)c(C)c1O,3.252283063,0,336.4820000000001,66.24000000000001,4.2030800000000035,2,6,5,2
TOX-51154,OC(Cn1ccnc1)c1ccc(CCc2ccccc2)cc1,4.123167717,1,292.382,38.05,3.401900000000002,1,3,6,3
TOX-51233,COC(=O)c1cncn1Cc1ccccc1,3.556483173,0,216.24,44.12,1.718,0,4,3,2
TOX-51417,Cc1ncc2c(c1O)CSSC2,3.566486718,0,199.29999999999998,33.120000000000005,2.4906200000000007,1,4,0,2
TOX-51504,c1cncc(CSSCc2cccnc2)c1,3.287277127,0,248.37600000000003,25.78,3.558200000000002,0,4,5,2
TOX-51508,CCSCc1cnc(C)c(O)c1CO,2.726491558,0,213.302,53.35000000000001,1.8410199999999999,2,4,4,1
TOX-51735,CCCC(=NOCC)C1C(=O)CC(CC(C)SCC)CC1=O,2.811491155,0,327.4900000000001,55.73,3.8751000000000033,0,5,9,1
TOX-51852,COc1ccc(-c2nc3ccc(C4=NNC(=O)CC4C)cc3[nH]2)cc1,3.622041306,1,334.379,79.37,3.098600000000001,2,4,3,4
TOX-51954,O=C(O)c1ccc(OCCn2ccnc2)cc1,2.126364035,0,232.239,64.35,1.6602999999999997,1,4,5,2
TOX-52095,CSC(C)(C)C(=O)NC(CS)C(=O)O,1.942916234,0,237.346,66.4,0.6271999999999998,3,4,5,0
TOX-52149,CCCc1nc(NC(=N)N)oc1CCC,3.845406198,1,210.28099999999995,87.93,1.88497,3,3,5,1
TOX-52183,CN1CC(CC(C#N)C(N)=O)CC2c3cccc4[nH]cc(c34)CC21,3.605023894,1,322.41200000000003,85.91,2.1430799999999994,2,3,3,4
TOX-52208,Cc1cn(-c2c(Cl)cccc2Cl)c(N)n1,3.904943201,1,242.109,43.84,3.0697200000000002,1,3,1,2
TOX-52258,CCC(C)CCCCCCC(=O)NC(Cc1c[nH]c2ccccc12)C(=O)NC(CC(N)=O)C(=O)NC(CC(=O)O)C(=O)NC1C(=O)NCC(=O)NC(CCCN)C(=O)NC(CC(=O)O)C(=O)NC(C)C(=O)NC(CC(=O)O)C(=O)NCC(=O)NC(CO)C(=O)NC(C(C)CC(=O)O)C(=O)NC(CC(=O)c2ccccc2N)C(=O)OC1C,3.532849025,0,1634.7200000000005,702.02,-5.375799999999982,22,24,35,4
TOX-52271,CC(C)CCCCCCCCC(=O)NC(Cc1c[nH]c2ccccc12)C(=O)NC(CC(N)=O)C(=O)NC(CC(=O)O)C(=O)NC1C(=O)NCC(=O)NC(CCCN)C(=O)NC(CC(=O)O)C(=O)NC(C)C(=O)NC(CC(=O)O)C(=O)NCC(=O)NC(CO)C(=O)NC(C(C)CC(=O)O)C(=O)NC(CC(=O)c2ccccc2N)C(=O)OC1C,3.907271337,1,1648.7470000000003,702.02,-4.985699999999979,22,24,36,4
TOX-52327,Cc1cc(=O)c(C(=O)NC(C(=O)NC2C(=O)N3C(C(=O)O)=C(CSc4nnnn4C)CSC23)c2ccc(O)cc2)c[nH]1,2.019716814,0,612.6500000000003,212.49999999999994,-0.08557999999999927,5,12,9,5
TOX-52406,CNCCc1ccc(OC(=O)C(C)C)c(OC(=O)C(C)C)c1,3.90759289,1,307.39,64.63,2.571300000000001,1,5,7,1
TOX-52545,CNc1cc(OC)c(C(=O)NC2CCN(Cc3ccccc3)C2C)cc1Cl,4.357466612,1,387.91100000000006,53.6,3.783100000000003,2,4,6,3
TOX-52630,CC1=C(CN2CCCCC2)C(=O)c2ccccc2C1=O,3.827927254,1,269.344,37.38,2.868000000000001,0,3,2,3
TOX-52653,CCC1(O)CC(OC2CC(N(C)C)C(OC3CC(O)C(OC4CCC(=O)C(C)O4)C(C)O3)C(C)O2)c2c(cc3c(c2O)C(=O)c2c(O)cccc2C3=O)C1C(=O)OC,4.499089857,1,811.8780000000002,217.04999999999998,3.157700000000002,4,16,9,7
TOX-52715,COC1(NC(=O)CSCC(N)C(=O)O)C(=O)N2C(C(=O)O)=C(CSc3nnnn3C)CSC21,1.959337245,0,519.5870000000002,202.85999999999996,-1.8399999999999967,4,13,11,3
TOX-52825,CC(C)(CCn1c(=O)[nH]c2ccccc21)NCC(O)COc1cccc2ccccc12,3.890075038,1,419.5250000000002,79.28,3.681000000000002,3,5,9,4
TOX-52937,CC1(C)C(C=C(Cl)Cl)C1C(=O)OCc1c(F)c(F)c(F)c(F)c1F,5.584139323,1,389.14700000000005,26.3,5.0165000000000015,0,2,4,2
TOX-53155,COc1ccc(CC(C)NCC(O)COc2ccccc2)cc1OC,3.830542108,1,345.4390000000001,59.95,2.664300000000001,2,5,10,2
TOX-53156,Cc1cccc(OCC(O)CNCCNc2cc(C)ccc2C)c1,4.340141321,1,328.4560000000001,53.52,3.0532600000000008,3,4,9,2
TOX-53157,Cc1cccc(OCC(O)CNCCNc2c(Cl)cccc2Cl)c1,4.168023283,1,369.29200000000003,53.52,3.7432200000000018,3,4,9,2
TOX-53158,CNC(=O)Nc1ccccc1OCC(O)CNCCc1ccc(OC)c(OC)c1,3.526328222,0,403.47900000000016,101.08000000000001,2.0270999999999995,4,6,11,2
TOX-53159,COc1ccc(CCNCC(O)COc2ccc(NC(N)=O)cc2)cc1OC,3.617097469,1,389.4520000000001,115.07000000000001,1.7663999999999997,4,6,11,2
TOX-53161,O=[N+]([O-])c1ccc(OCC(O)CNCCNc2ccccc2)cc1,3.681143178,1,331.372,96.66000000000001,2.0361999999999996,3,6,10,2
TOX-53162,Cc1cccc(OCC(O)CNCCNc2cccc([N+](=O)[O-])c2)c1,4.123056998,1,345.39900000000006,96.66,2.34462,3,6,10,2
TOX-53248,COC(=O)C(Cc1c[nH]c2ccccc12)NC(=O)C(N)Cc1ccccc1,3.085417745,0,365.4330000000001,97.21,1.9381999999999995,3,4,7,3
TOX-53249,COC(=O)C(Cc1c[nH]c2ccccc12)NC(=O)C(Cc1ccccc1)NC(C)=O,3.132638016,0,407.47000000000014,100.28999999999999,2.1155999999999997,3,4,8,3
TOX-53250,CC(=O)NC(Cc1ccccc1)C(=O)NC(Cc1c[nH]c2ccccc12)C(=O)O,3.117505321,0,393.4430000000001,111.29,2.0271999999999992,4,3,8,3
TOX-53251,NC(=O)C(Cc1c[nH]c2ccccc12)NC(=O)C(N)Cc1ccccc1,3.067190251,0,350.42200000000014,113.99999999999999,1.2504999999999995,4,3,7,3
TOX-53260,CC(=O)NC(Cc1ccccc1)C(=O)NC(Cc1c[nH]c2ccccc12)C(N)=O,3.116324179,0,392.4590000000001,117.08000000000001,1.4278999999999993,4,3,8,3
TOX-53387,CCN1CCN(C(=O)NC(C(=O)NC2(OC)C(=O)N3C(C(=O)O)=C(CSc4nnnn4C)CSC32)C(C)O)C(=O)C1=O,1.817343817,0,627.6620000000003,229.48999999999992,-2.8353999999999924,4,14,10,4
TOX-53398,CC(C)CCNC(=O)C(CC(C)C)NC(=O)C1OC1C(=O)O,2.497187065,0,314.38200000000006,108.03000000000002,0.5316000000000012,3,4,9,1
TOX-53529,CCN(C(C)=O)c1c(I)c(NC(=O)CCS(=O)(=O)CCC(=O)Nc2c(I)c(C(=O)O)c(I)c(N(CC)C(C)=O)c2I)c(I)c(C(=O)O)c1I,2.025060728,0,1374.041,207.55999999999997,6.228400000000005,4,8,14,2
TOX-53560,CN=C(C[N+](=O)[O-])NCCSCc1csc(CN(C)C)n1,3.041367376,0,331.4670000000001,83.66,1.3324999999999998,1,7,9,1
TOX-53561,CCC(Cc1c(I)cc(I)c(NC(=O)CN(CC)CCO)c1I)C(=O)O,3.253954138,0,700.0930000000003,89.87000000000002,3.406400000000002,3,4,10,1
TOX-53592,CCCCCNCC(N)=O,2.535517928,0,144.218,55.12,0.2515,2,2,6,0
TOX-53651,O=[N+]([O-])c1cccc2nc3ccccc3c(NCCN(CCO)CCO)c12,5.337955934,1,370.40900000000016,111.76,1.9946999999999995,3,7,9,3
TOX-53728,O=[N+]([O-])c1cccc2nc3ccccc3c(NCCO)c12,4.488156164,1,283.287,88.29,2.7004000000000006,2,5,4,3
TOX-53778,CCC(C)C1NC(=O)C(NC(=O)C(CC(C)C)N(C)C(=O)C2CCCN2C(=O)C(C)O)C(C)OC(=O)C(Cc2ccc(OC)cc2)N(C)C(=O)C2CCCN2C(=O)C(CC(C)C)NC(=O)C(C)C(=O)C(C(C)C)OC(=O)CC1O,6.111455824,1,1112.3729999999998,287.9,2.316500000000016,5,15,15,4
TOX-53870,C=CCOc1ccccc1N(CC(O)CN1CCN(Cc2ccccc2)CC1)S(=O)(=O)c1ccc(C)cc1,4.649383924,1,535.7100000000003,73.32000000000001,3.9338200000000034,1,6,12,4
TOX-53899,COc1ccc(Cl)cc1N=Nc1ncc[nH]1,4.847956407,1,236.66200000000003,62.63,3.4871000000000016,1,4,3,2
TOX-53908,O=S1(N2CC2)=NP(N2CC2)(N2CC2)=NP(N2CC2)(N2CC2)=N1,3.645021383,1,362.34000000000015,69.19999999999999,0.7683999999999997,0,7,5,6
TOX-54104,O=C(O)CC1(CCO)CCCCC1,3.968778434,1,186.25099999999995,57.53,1.794,2,2,4,1
TOX-54105,O=C(O)C1(CCO)CCCCC1,3.536846046,0,172.22399999999996,57.53,1.4039,2,2,3,1
TOX-54106,CC(O)CC1(C(=O)O)CCCCC1,2.366718442,0,186.25099999999992,57.53,1.7924,2,2,3,1
TOX-54107,O=C(O)C1(CCO)CCCC1,1.897905418,0,158.19699999999997,57.53,1.0138,2,2,3,1
TOX-54265,CN1CCC(Oc2ccc(N)cc2)(c2ccccc2)CC1,3.797283277,1,282.38700000000006,38.49,3.2687000000000017,1,3,3,3
TOX-54329,CCCCCCCCCCCCCCCCCC(=O)NCCCCC(NC(=O)CCC(NC(=O)C(C)NC(=O)C(C)OC1C(O)C(CO)OC(O)C1NC(C)=O)C(N)=O)C(=O)O,3.993479668,1,887.1260000000003,305.04,1.7076000000000107,10,12,35,1
TOX-54384,CC(O)C(c1ccc2c(c1)OCO2)N1CCOCC1,2.992112147,0,265.30899999999997,51.16,1.1693999999999998,1,5,3,3
TOX-54401,CNC1(C)Oc2ccccc2O1,3.564484517,0,165.19199999999998,30.49,1.3508999999999998,1,3,1,2
TOX-54402,CC1(CCOCCCN2CCCCC2)Oc2ccccc2O1,4.530366326,1,305.418,30.930000000000003,3.4567000000000023,0,4,7,3
TOX-54505,CC(C)CCN1CCC(OC(=O)c2ccccc2)CC1,4.184345206,1,275.3920000000001,29.54,3.353900000000002,0,3,5,2
TOX-54540,CC(=O)SCc1cnc(C)c(O)c1CSC(C)=O,3.842120959,1,285.39,67.25999999999999,2.6550200000000013,1,6,4,1
TOX-54554,CCC1CC(=O)NC(=O)C1,3.371311056,0,141.17,46.17,0.4492,1,2,1,1
TOX-54558,Cc1cc(C)c(NC(=O)CN(CC(=O)O)CC(=O)O)c(C)c1Br,3.232532568,0,387.23,106.94000000000001,1.7840599999999998,3,4,7,1
TOX-54564,CN(C)CCOC(=O)c1ccc(N)cc1O,3.551132492,0,224.26,75.79,0.6927999999999996,2,5,4,1
TOX-54823,CC(C)CC(NC(=O)C1CCCC(=O)N1)C(=O)N1CCCC1C(N)=O,2.489941264,0,352.4350000000001,121.6,-0.3376999999999965,3,4,6,2
TOX-54855,O=C(O)NN1C(CCCOc2ccc(F)cc2)CC(O)C2CCCCC21,3.891654241,1,366.43300000000016,82.03,3.1613000000000016,3,4,6,3
TOX-54889,CCOC(=O)Nc1ccc2c(c1)N(C(=O)CCN(C)C)c1ccccc1CC2,4.35068262,1,381.47600000000017,61.88,3.9700000000000033,1,4,5,3
TOX-54890,COC(=O)Nc1ccc2c(c1)N(C(=O)CCN1CCCCC1)c1ccccc1CC2,5.132723717,1,407.51400000000024,61.88,4.504200000000004,1,4,4,4
TOX-54892,COC(=O)Nc1ccc2c(c1)N(C(=O)CCN(C)C)c1ccccc1CC2,4.073586586,1,367.4490000000001,61.88,3.579900000000002,1,4,4,3
TOX-54893,CC(C)OC(=O)Nc1ccc2c(c1)N(C(=O)CCN1CCOCC1)c1ccccc1CC2,3.977993273,1,437.5400000000003,71.11,4.129100000000004,1,5,5,4
TOX-54894,CC(C)OC(=O)Nc1ccc2c(c1)N(C(=O)CCN(C)C)c1ccccc1CC2,4.216631946,1,395.50300000000016,61.88,4.358500000000004,1,4,5,3
TOX-54895,CCOC(=O)Nc1ccc2c(c1)N(C(=O)CN(C)C)c1ccccc1CC2,4.527521782,1,367.4490000000001,61.88,3.579900000000002,1,4,4,3
TOX-55046,CCC1CC(C(=O)N(C)C2C(=O)NC(CC(C)C)C(=O)N3CC(C)CC3C(=O)NC(CCC(C)C)C(=O)N(C)C(C(C)C)C(=O)N3CCCC3C(=O)N(C)C(CC(C)C)C(=O)NCC(=O)OC2C)N(C(=O)C(C(C)C)N(C)C(=O)C(O)CC)C1,3.107517387,0,1185.5599999999993,276.0,2.7919000000000054,4,13,16,4
TOX-55091,CCN1CCc2c3n(c4ccccc24)C(C(=O)OC)=CCC31,3.422253388,0,296.37000000000006,34.47,2.9780000000000015,0,4,2,4
TOX-55124,CCCC1(c2cccc(O)c2)CCN(C)CC1C,3.566965957,0,247.38199999999995,23.47,3.4017000000000017,1,2,3,2
TOX-55183,CCCCCCCCOc1ccc(C(=O)NC2CC(O)C(O)NC(=O)C3C(O)C(C)CN3C(=O)C(C(C)O)NC(=O)C(C(O)C(O)c3ccc(O)cc3)NC(=O)C3CC(O)CN3C(=O)C(C(C)O)NC2=O)cc1,3.915728833,1,1030.1390000000004,377.41999999999996,-3.0907999999999873,14,17,15,5
TOX-55188,CC(CNC(=O)c1cccnc1)NC(=O)c1cccnc1,2.529247465,0,284.319,83.98,1.0249000000000001,2,4,5,2
TOX-55451,COc1ccc2c(c1)-c1c(ccc(OC)c1O)CC(CCc1ccccc1)N(C)CC2,4.222486897,1,417.5490000000002,41.93,5.108200000000005,1,4,5,4
TOX-55462,NC1=NCC2c3ccccc3Cc3ccccc3N12,4.165983369,1,249.31699999999998,41.62,2.4668,1,3,0,4
TOX-55606,Cc1ccccc1OCC(O)CN(N=CNC(=O)c1ccccc1)C(C)C,4.019329001,1,369.4650000000001,74.16,2.8184200000000015,2,5,9,2
TOX-55803,Cc1oc(=O)oc1COC(=O)C1N2C(=O)C(NC(=O)C(N)c3ccccc3)C2SC1(C)C,2.740571518,0,461.49600000000015,145.08,0.8315200000000016,2,9,6,4
TOX-55864,O=C(O)C1CSC(c2ccccc2O)N1C(=O)CCS,2.549153466,0,313.4000000000001,77.84,1.7392999999999996,3,5,4,2
TOX-56014,O=C(NC(CO)C(O)CO)c1c(I)c(C(=O)NC(CO)C(O)CO)c(I)c(N(ON(c2c(I)c(C(=O)NC(CO)C(O)CO)c(I)c(C(=O)NC(CO)C(O)CO)c2I)C2CC2O)C2CC2O)c1I,1.804009593,0,1656.2650000000003,415.33000000000004,-4.484199999999985,18,21,26,4
TOX-56233,CC(C)NCC(O)COc1cccc2c1OCC(O[N+](=O)[O-])C2,3.62133181,1,326.3490000000001,103.09,0.9360999999999998,2,7,8,2
TOX-56330,CC(C)CC(NC(=O)C(Cc1ccccc1)NC(=O)CNC(=O)C(C)NC(=O)C(N)Cc1ccc(O)cc1)C(=O)NC(CCCNC(=N)N)C(=O)O,3.429234161,0,725.848,290.95000000000005,-1.0260299999999907,11,9,21,2
TOX-56479,CCCCNc1ccc2c(c1)C(=O)N(CCN(CC)CC)C2=O,4.709000779,1,317.43300000000005,52.650000000000006,2.836400000000001,1,4,9,2
TOX-56488,CC1(C)SSCC(C(=O)O)NC1=O,2.086995034,0,221.30300000000003,66.4,0.7294,2,4,1,1
TOX-56573,CON=C(C(=O)NC1C(=O)N2C(C(=O)O)=C(CSc3cnns3)CSC12)c1csc(N)n1,2.084607383,0,513.6080000000001,172.99,0.4581999999999996,3,13,8,4
TOX-56759,COc1ccc(C2NC(=O)C(C)S2)cc1OC,2.324077029,0,253.32299999999998,47.56,1.9538999999999997,1,4,3,2
TOX-56760,COc1ccccc1C1NC(=O)C(C)S1,2.26926711,0,223.29699999999997,38.33,1.9452999999999998,1,3,2,2
TOX-56761,COc1ccc(C2NC(=O)C(C)S2)cc1,2.26926711,0,223.297,38.33,1.9452999999999998,1,3,2,2
TOX-56762,COc1cc(C2NC(=O)CCS2)cc(OC)c1OC,2.275828406,0,283.349,56.790000000000006,1.9641,1,5,4,2
TOX-56763,COc1ccc(C2NC(=O)CCS2)cc1OC,2.227167016,0,253.32299999999995,47.56,1.9554999999999998,1,4,3,2
TOX-56764,COc1ccccc1C1NC(=O)CCS1,2.172357097,0,223.29699999999994,38.33,1.9468999999999999,1,3,2,2
TOX-56765,COc1ccc(C2NC(=O)CCS2)cc1,2.172357097,0,223.29699999999997,38.33,1.9468999999999999,1,3,2,2
TOX-56771,CC(NC(CCc1ccccc1)C(=O)O)C(=O)N1Cc2ccccc2CC1C(=O)O,3.010887166,0,410.4700000000002,106.94000000000001,2.0885999999999996,3,4,8,3
TOX-56798,CNC(=O)c1sc(-c2cc(OC)c(OC)c(OC)c2)nc1C,2.428788905,0,322.386,69.68,2.503920000000001,1,6,5,2
TOX-56799,CCCNC(=O)c1sc(-c2cc(OC)c(OC)c(OC)c2)nc1C,2.465097687,0,350.44000000000005,69.68,3.2841200000000024,1,6,7,2
TOX-56800,COc1ccc(-c2nc(C)c(C(N)=O)s2)cc1OC,2.364981497,0,278.333,74.44000000000001,2.2346200000000005,1,5,4,2
TOX-56801,CNC(=O)c1sc(-c2ccc(OC)c(OC)c2)nc1C,2.386332712,0,292.36,60.45,2.4953200000000004,1,5,4,2
TOX-56802,CCCNC(=O)c1sc(-c2ccc(OC)c(OC)c2)nc1C,2.426149811,0,320.41400000000004,60.45,3.275520000000002,1,5,6,2
TOX-56803,COc1ccccc1-c1nc(C)c(C(N)=O)s1,2.315391149,0,248.30699999999996,65.21000000000001,2.22602,1,4,3,2
TOX-56804,CNC(=O)c1sc(-c2ccccc2OC)nc1C,2.339255277,0,262.334,51.22,2.486720000000001,1,4,3,2
TOX-56805,CCCNC(=O)c1sc(-c2ccccc2OC)nc1C,2.383361858,0,290.38800000000003,51.22,3.2669200000000016,1,4,5,2
TOX-56806,COc1ccc(-c2nc(C)c(C(N)=O)s2)cc1,2.315391149,0,248.307,65.21000000000001,2.22602,1,4,3,2
TOX-56807,CNC(=O)c1sc(-c2ccc(OC)cc2)nc1C,2.339255277,0,262.334,51.22,2.486720000000001,1,4,3,2
TOX-56808,CCCNC(=O)c1sc(-c2ccc(OC)cc2)nc1C,2.383361858,0,290.38800000000003,51.22,3.2669200000000025,1,4,5,2
TOX-56845,CCCCOC(=O)C(=O)Nc1cccc(-c2nn[nH]n2)c1,2.412251783,0,289.295,109.86,1.1484999999999996,2,6,5,2
TOX-56942,COC(=O)Nc1ccc2c(c1)N(C(=O)CCN1CCOCC1)c1ccccc1CC2,3.949163111,1,409.4860000000002,71.11,3.350500000000002,1,5,4,4
TOX-56943,CCOC(=O)Nc1ccc2c(c1)N(C(=O)CCN(CC)CC)c1ccccc1CC2,4.783000523,1,409.53000000000026,61.88,4.750200000000005,1,4,7,3
TOX-57379,CCOC(=O)C(CCSC)CC(=O)C(Cc1cccc(N(CCCl)CCCl)c1)NC(=O)C(N)Cc1ccc(F)cc1,4.828956321,1,628.638,101.73,4.598600000000003,2,7,19,2
TOX-57455,O=C(O)c1ccccc1C(=O)N1CCSC1,1.675862561,0,237.27999999999994,57.61,1.5312999999999999,1,3,2,2
TOX-57467,CCN1CCCC1CNC(=O)c1c(OC)ccc(I)c1O,3.004394131,0,404.24800000000005,61.80000000000001,2.2195000000000005,2,4,5,2
TOX-57837,CC(O)C1C(=O)N2C(C(=O)O)=C(COC(N)=O)SC12,2.158426736,0,288.28099999999995,130.16,-0.7100000000000002,3,6,4,2
TOX-57966,CC(C)(Cc1c[nH]c2ccccc12)NCC(O)COc1ccsc1C(N)=O,3.653399498,1,387.50500000000017,100.37,2.6789000000000005,4,5,9,3
TOX-58057,COc1cc(OC)cc(C(=O)OC2CC3CCC(C2)N3C)c1,4.370551134,1,305.374,48.00000000000001,2.4858000000000002,0,5,4,3
TOX-58058,Cc1cc(C)cc(C(=O)OC2CC3CCC(C2)N3C)c1,4.482204602,1,273.376,29.54,3.085440000000002,0,3,2,3
TOX-58216,CC1(C(=O)O)CCC2(C)CCC3(C)C(=CCC4C5(C)CCC(OC(=O)C=CC(=O)O)C(C)(C)C5CCC43C)C2C1,4.009768129,1,554.7680000000003,100.9,7.425300000000009,2,4,4,5
TOX-58487,CC(C)NCC(O)COc1cccc2c1OCC(O)C2,3.299741692,0,281.35200000000003,70.95,0.7200999999999997,3,5,6,2
TOX-58548,CNC(=O)Nc1c(OCCN2CCCC2)c(OC)c2occc2c1OC,3.659770834,1,363.41400000000004,85.2,2.6759000000000013,2,6,7,3
TOX-58590,Cc1c(-c2ccccc2)oc2c(C(=O)OC(C)(C)CN3CCCCC3)cccc2c1=O,4.131091326,1,419.52100000000024,59.75,5.189720000000005,0,5,5,4
TOX-58778,Cc1ccc(C)n1Nc1ccc(N2CCOCC2)nn1,3.343009655,0,273.34,55.21000000000001,1.6067399999999998,1,6,3,3
TOX-58908,NC(=O)OCC1C(NC(=O)C(=NOCC(=O)O)c2csc(N)n2)C(=O)N1S(=O)(=O)O,2.000962109,0,466.41000000000014,253.9,-2.8756999999999975,5,12,9,2
TOX-58993,CCN(CC)c1cccc(OC(=O)Nc2ccccc2)c1,1.453565193,0,284.359,41.57,4.143700000000003,1,3,5,2
TOX-59376,O=C1c2ccccc2C(=O)N1CCc1ccccn1,3.544228075,0,252.27299999999997,50.27,1.9203000000000001,0,3,3,3
TOX-59675,N#Cc1cc2c(OCC(O)CN3CCN(C(c4ccccc4)c4ccccc4)CC3)cccc2[nH]1,4.066532667,1,466.58500000000015,75.52000000000001,4.186480000000003,2,5,8,5
TOX-59746,O=C(O)c1ccc2c(c1)CCC(Cn1ccnc1)C2,2.5146922,0,256.30499999999995,55.12,2.3864,1,3,3,3
TOX-59760,CSCCN1C2CCC1CC(OC(=O)c1ccccc1)C2,4.530324821,1,305.44300000000004,29.54,3.201800000000002,0,4,5,3
TOX-59877,CC(C)n1nc(-c2cccc(Cl)c2Cl)c(=N)nc1N,4.55168072,1,298.177,80.58,2.89447,2,5,2,2
TOX-59959,N#CCC(=O)NNc1ccc([N+](=O)[O-])o1,2.614727503,0,210.14899999999997,121.2,0.5445799999999998,2,6,4,1
TOX-60337,NNC(=O)c1ccc(N)cc1-c1ccc([N+](=O)[O-])o1,3.257057927,0,262.225,137.42000000000002,1.0404999999999998,3,6,3,2
TOX-60524,Cc1cccn2c(=O)c(-c3nn[nH]n3)cnc12,2.787546084,0,228.21500000000003,88.83,0.1830199999999999,1,6,1,3
TOX-60843,Cc1cccc(C)c1NN=C(N)N(C)C,3.770128239,1,206.29299999999998,53.65,1.5066400000000002,2,2,2,1
TOX-60944,NCCN1CCCCC1,2.77521355,0,128.219,29.259999999999998,0.4309999999999996,1,2,2,1
TOX-61296,COc1ccc(CN2CCN(C(c3ccc(F)cc3)c3ccc(F)cc3)CC2)c(OC)c1OC,4.239129254,1,468.54400000000027,34.17,4.897800000000005,0,5,8,4
TOX-61367,CCN(CC)CCNC(=O)c1ccc(NS(C)(=O)=O)cc1,3.531963216,0,313.42300000000006,78.51,1.1297,2,4,8,1
TOX-62755,CCc1nnc(N)s1,2.202219379,0,129.188,51.8,0.6827000000000001,1,4,1,1
TOX-62775,CCN(CC)CC1CCCCN1CC(=O)N1c2ccccc2C(=O)Nc2cccnc21,3.705505891,1,421.5450000000001,68.78,3.508300000000002,1,5,6,4
TOX-62956,CCN(CC)CCOc1ccc(C=Cc2ccccc2)cc1,3.448955883,0,295.42600000000004,12.47,4.577600000000004,0,2,8,2
TOX-63072,CC(=O)Nc1c(I)cc(I)c(OCCOC(C)C(=O)O)c1I,2.639163056,0,644.9690000000002,84.86,3.327300000000001,2,4,7,1
TOX-63153,CC=C1C2C=C(C)CC1(N)c1ccc(=O)[nH]c1C2,4.986133545,1,242.32199999999997,58.88,1.9975,2,2,0,3
TOX-63215,CCCNC(=O)C(Cc1ccc(OCCN(CC)CC)cc1)NC(=O)c1ccccc1,3.685788938,1,425.5730000000001,70.67,3.2744999999999997,2,4,13,2
TOX-63482,N#Cc1ccc(C2CCCc3cncn32)cc1,3.674596388,1,223.279,41.61,2.680480000000001,0,3,1,3
TOX-63494,CN(C)Cc1ccc(CSCCN=C(C[N+](=O)[O-])N2CCN(C)CC2)o1,3.542052191,0,383.5180000000002,78.36,1.4970000000000006,0,7,9,2
TOX-63519,CC(C)(O)C1CC=C(CCO)C(O)C1,1.850796934,0,200.278,60.69,0.837,3,3,3,1
TOX-63719,C=C1C(=CC=C2CCCC3(C)C2CCC3C(C)OCCC(C)(C)O)CC(O)CC1O,4.718425179,1,418.6180000000002,69.92,4.6935000000000064,3,4,6,3
TOX-63828,O=P(O)(O)C(O)(CCCc1ccc(N(CCCl)CCCl)cc1)P(=O)(O)O,3.487917377,0,450.19200000000006,138.53,2.2948000000000004,5,4,11,1
TOX-63839,CC(C)NCC(O)CN1CCCCCC1,2.728774705,0,214.3529999999999,35.5,1.2212999999999994,2,3,5,1
TOX-63910,CC(C)CC1C(c2ccccc2)OC(=O)N1CCCN1CCCCCC1,4.072951375,1,358.52600000000024,32.78,4.860700000000005,0,3,7,3
TOX-63911,CCCCCOc1cccc(NC(=O)OC2CCCCC2N2CCCC2)c1,4.501316849,1,374.5250000000002,50.800000000000004,5.2111000000000045,1,4,8,3
TOX-63922,CC(C)CC1C(c2ccccc2)OC(=O)N1CCCN1CCCCC1,3.928984462,1,344.4990000000002,32.78,4.470600000000004,0,3,7,3
TOX-64291,CCOC(=O)Nc1ccc2c(c1)N(C(=O)CN(CC)CC)c1ccccc1CC2,4.652360516,1,395.5030000000002,61.88,4.360100000000004,1,4,6,3
TOX-64292,COC(=O)Nc1ccc2c(c1)N(C(=O)CN(C)C)c1ccccc1CC2,4.205593006,1,353.4220000000001,61.88,3.1898000000000017,1,4,3,3
TOX-64414,CN1CCN(c2c(F)cc3c(=O)c(C(=O)O)cn4c3c2SCC4)CC1,3.105204448,0,363.4140000000002,65.78,1.6963,1,6,2,4
TOX-64424,CC(=O)C(=Cc1ccccc1)Oc1ccccc1OCCCNC(C)(C)C,4.467997097,1,367.4890000000002,47.56,4.852500000000004,1,4,9,2
TOX-64426,CC(=O)C(=Cc1ccccc1)Oc1ccccc1OCCCN(C(C)C)C(C)C,4.540009896,1,395.54300000000023,38.77,5.583200000000005,0,4,11,2
TOX-64427,CC(=O)C(=Cc1ccccc1)Oc1ccccc1OCC(O)CNC(C)(C)C,4.352973935,1,383.48800000000017,67.79,3.8233000000000024,2,5,9,2
TOX-64428,CC(=O)C(=Cc1ccccc1)Oc1ccccc1OCCN(C(C)C)C(C)C,4.576884358,1,381.5160000000002,38.77,5.193100000000005,0,4,10,2
TOX-64429,CC(=O)C(=Cc1ccccc1)Oc1ccccc1OCCN1CCCCC1,4.513279585,1,365.4730000000003,38.77,4.560200000000004,0,4,8,3
TOX-64430,CC(=O)C(=Cc1ccccc1)Oc1ccccc1OCCN1CCOCC1,4.087809011,1,367.4450000000003,48.0,3.406500000000001,0,5,8,3
TOX-64431,CCN(CC)CCCOc1ccccc1OC(=Cc1ccccc1)C(C)=O,4.519584131,1,367.48900000000015,38.77,4.806200000000005,0,4,11,2
TOX-64541,CCC1(CO)CCCN2CCc3c([nH]c4ccccc34)C21,4.50422163,1,284.403,39.26,3.249600000000002,2,2,2,4
TOX-64601,Cc1ccc(C(O)(P(=O)(O)O)P(=O)(O)O)cc1N(CCCl)CCCl,3.679809078,1,422.13800000000015,138.53000000000003,1.7370199999999996,5,4,8,1
TOX-64657,CC(=O)c1c2c(c(C)[nH]c1=O)CC(c1ccncc1)CC2,3.316925486,0,282.3430000000001,62.82,2.553420000000001,1,3,2,3
TOX-64960,CCCc1c(OCc2cccn3c(=O)c(-c4nn[nH]n4)cnc23)ccc(C(C)=O)c1O,3.322409088,0,420.42900000000014,135.35999999999999,2.3143000000000007,2,9,7,4
TOX-65066,COc1ccc(C(N)=O)cc1C(=O)NCc1cccnc1,2.699906794,0,285.303,94.31,1.1191,2,4,5,2
TOX-65084,COC(=O)C1=C(C)NC(C)=C(C(=O)OCC2COC(C)(C)O2)C1c1cccc([N+](=O)[O-])c1,4.29737127,1,446.4560000000002,126.23000000000002,2.6973000000000003,1,9,6,3
TOX-65085,COC(=O)C1=C(C)NC(C)=C(C(=O)OCC2COC3(CCCCC3)O2)C1c1cccc([N+](=O)[O-])c1,4.24122969,1,486.52100000000036,126.23000000000002,3.6216000000000017,1,9,6,4
TOX-65086,COC(=O)C1=C(C)NC(C)=C(C(=O)OCC2CSC(C)(C)O2)C1c1cccc([N+](=O)[O-])c1,4.130775696,1,462.52400000000017,117.0,3.4139000000000026,1,9,6,3
TOX-65087,COC(=O)C1=C(C)NC(C)=C(C(=O)OCC2COC(C)(c3ccccc3)O2)C1c1cccc([N+](=O)[O-])c1,4.455624528,1,508.5270000000002,126.23000000000002,3.834100000000003,1,9,7,4
TOX-65088,COC(=O)C1=C(C)NC(C)=C(C(=O)OCC2COC(c3ccccc3)(c3ccccc3)O2)C1c1cccc([N+](=O)[O-])c1,4.108642885,1,570.5980000000002,126.23000000000002,4.862500000000004,1,9,8,5
TOX-65089,COC(=O)C1=C(C)NC(C)=C(C(=O)OCC2COC(C)(c3ccc(Cl)cc3Cl)O2)C1c1cccc([N+](=O)[O-])c1,4.170566052,1,577.4170000000003,126.23000000000002,5.140900000000005,1,9,7,4
TOX-65097,COc1ccccc1CC(C)NCc1ccccc1,4.105805245,1,255.36100000000002,21.259999999999998,3.416000000000002,1,2,6,2
TOX-65244,CC1(C)N=C(N)N=C(N)N1c1ccc([N+](=O)[O-])cc1,3.214381538,0,262.273,123.13999999999999,0.7803000000000002,2,7,2,2
TOX-65245,CC1(C)N=C(N)N=C(N)N1c1ccc(S(=O)(=O)c2ccc([N+](=O)[O-])cc2)cc1,3.048082331,0,402.43600000000015,157.28,1.6131000000000002,2,9,4,3
TOX-65246,CC1(C)N=C(N)N=C(N)N1c1ccc(Oc2ccc([N+](=O)[O-])cc2)cc1,3.151203162,0,354.3700000000001,132.37,2.5726000000000004,2,8,4,3
TOX-65247,CC1(C)N=C(N)N=C(N)N1c1ccc(S(=O)(=O)c2ccc(F)cc2)cc1,3.398108485,0,375.4290000000001,114.13999999999999,1.8439999999999999,2,7,3,3
TOX-65248,CC1(C)N=C(N)N=C(N)N1c1ccc(S(=O)(=O)c2ccc(Cl)cc2)cc1,3.374771675,0,391.8840000000001,114.13999999999999,2.3583000000000007,2,7,3,3
TOX-65249,N=C(N)N(C(=N)N)c1ccc(OCC(O)CO)cc1,2.974955956,0,267.289,152.67,-0.9880599999999993,6,5,5,1
TOX-65250,COc1cc(N)c(S(=O)(=O)c2ccc(N)cc2)cc1OC,3.026282523,0,308.3590000000001,104.64,1.7010000000000003,2,6,4,2
TOX-65251,COc1cc(N/C=N/NC(=N)N)c(S(=O)(=O)c2ccc(N(C(=N)N)C(=N)N)cc2)cc1OC,3.165899878,0,476.5230000000002,241.87,-0.03178999999999865,8,8,8,2
TOX-65284,CCCCCCCCCCCCCCCC(=O)OCC(COC1OC(CS(=O)(=O)O)C(O)C(O)C1O)OC(=O)CCCCCCCCCCCCCCC,3.599091989,0,795.1299999999993,186.11999999999998,8.11600000000001,4,11,36,1
TOX-65350,Cc1nc2cnc3ccccc3c2s1,3.097011654,0,200.266,25.78,3.1529200000000017,0,3,0,3
TOX-65532,CCN(CC)CCCOc1ccc(C=Cc2ccccc2)cc1,3.503555151,0,309.45300000000003,12.47,4.967700000000005,0,2,9,2
TOX-65533,CCN(CC)CC(C)Oc1ccc(C=Cc2ccccc2)cc1,3.555828434,0,309.45300000000003,12.47,4.966100000000004,0,2,8,2
TOX-65614,CCOC(=O)CN1C(=O)N(CC(O)CN2CCN(Cc3ccccc3)CC2)C(c2ccccc2)(c2ccccc2)C1=O,3.551963762,0,570.6900000000003,93.63,2.936200000000002,1,7,11,5
TOX-65620,CCOC(=O)CN1C(=O)N(CC(O)CN2CCN(CCO)CC2)C(c2ccccc2)(c2ccccc2)C1=O,3.515444529,0,524.6180000000003,113.85999999999999,0.7283000000000028,2,8,11,4
TOX-65622,CCN1C(=O)N(CC(O)CN2CCN(CCO)CC2)C(c2ccccc2)(c2ccccc2)C1=O,4.221451516,1,466.5820000000002,87.56,1.1851000000000014,2,6,9,4
TOX-65773,CNC(CC(C)C)C(=O)NC1C(=O)NC(CC(N)=O)C(=O)NC2C(=O)NC3C(=O)NC(C(=O)NC(C(=O)O)c4cc(O)cc(O)c4-c4cc3ccc4O)C(OC3CC(C)(N)C(O)C(C)O3)c3ccc(cc3)Oc3cc2cc(c3OC2OC(CO)C(O)C(O)C2OC2CC(C)(N)C(O)C(C)O2)Oc2ccc(cc2Cl)C1O,2.96172135,0,1558.0120000000004,574.9700000000003,-0.30970000000000625,20,28,15,13
TOX-65864,c1ccc2c(c1)ncc1ncsc12,3.529206687,0,186.23899999999998,25.78,2.844500000000001,0,3,0,3
TOX-66175,CCCc1c(OCc2cccn3c(=O)c(CC(=O)O)cnc23)ccc(C(C)=O)c1O,3.311937889,0,410.4260000000001,118.2,2.7613000000000008,2,7,8,3
TOX-66176,CCCc1c(OCc2cccn3c(=O)c(CCC(=O)O)cnc23)ccc(C(C)=O)c1O,3.326557466,0,424.45300000000015,118.2,3.151400000000002,2,7,9,3
TOX-66193,CCC(CO)NCc1ccccc1Cl,2.83713143,0,213.708,32.26,2.2005,2,2,5,1
TOX-66194,CCC(CO)NCc1ccc(OC)c(OC)c1,2.710854125,0,239.31499999999997,50.72,1.5643,2,4,7,1
TOX-66380,CCOC(=O)C1=C(C)NC(C)=C(C(=O)OCCN2C(=O)c3ccccc3S2(=O)=O)C1C,3.952431518,1,448.4970000000001,119.07999999999998,1.7246999999999997,1,8,6,3
TOX-66450,CCN(CC)CC(C)Oc1ccc(CCc2ccccc2)cc1,3.700639444,1,311.469,12.47,4.580900000000004,0,2,9,2
TOX-66546,CCN(CC)CCOC(=O)c1c(C)oc2ccc(O)c(CN(C)C)c12,3.914522629,1,348.4430000000001,66.14999999999999,3.0070200000000016,1,6,8,2
TOX-66754,COc1ccc(-c2cc(=O)c3c(OCCO)cc(OC4OC(COC5OC(C)C(O)C(O)C5O)C(O)C(O)C4O)cc3o2)cc1O,2.115412344,0,652.6020000000003,247.42999999999998,-1.4241999999999988,8,16,10,5
TOX-66787,CC(CN1CCCC1)C(=O)c1ccc(C(F)(F)F)cc1,3.764866701,1,285.30899999999997,20.310000000000002,3.6200000000000028,0,2,4,2
TOX-66827,COc1cccc2c1C(=O)c1c(O)c3c(c(O)c1C2=O)CC(O)(C(=O)COC(=O)CCCCCC(=O)O)CC3OC1OC(C)C(O)C(O)C1F,3.59488284,0,704.6530000000007,243.64999999999995,1.5688999999999995,6,14,12,5
TOX-66941,NCCNS(=O)(=O)c1cccc2cnccc12,3.121047875,0,251.311,85.08,0.47180000000000005,2,4,4,2
TOX-67118,CCn1nnn(CCN2CCC(N(C(=O)COC)c3ccccc3F)C(C)C2)c1=O,3.899198291,1,420.48900000000015,85.49000000000001,0.988800000000001,0,8,8,3
TOX-67188,CNC(=O)CC(N)C(=O)NC(C(=O)NC1C(=O)N2C1SC(C)(C)C2C(=O)O)c1ccc(O)cc1,1.789937564,0,493.54200000000026,191.15999999999997,-1.3553999999999948,6,8,8,3
TOX-67345,O=C(CS(=O)Cc1ccco1)NCC=CCOc1cc(CN2CCCCC2)ccn1,3.710344992,1,431.55800000000033,84.67,2.6606000000000014,1,6,11,3
TOX-67473,CCC(CO)Nc1nc2c(c(=O)n(C)c(=O)n2C)n1CCO,2.392615106,0,311.34200000000004,114.31000000000002,-1.3911999999999982,3,9,6,2
TOX-67474,CCC(CO)Nc1nc2c(c(=O)n(C)c(=O)n2C)n1CCN(CC)CC,2.940473749,0,366.4660000000002,97.32000000000001,-0.04169999999999785,2,9,9,2
TOX-67512,O=C(c1ccco1)N(c1cnccn1)C1CCN(CCc2ccccc2)CC1,4.320088514,1,376.4600000000002,62.470000000000006,3.4235000000000024,0,5,6,4
TOX-67629,Cc1[nH]c(=O)c(C#N)cc1-c1ccc2nccn2c1,3.152594866,0,250.26100000000002,73.94999999999999,1.8697,1,4,1,3
TOX-67725,CCCCCCCC(=O)CCC1C(O)CC(O)C1CC=CCCCC(=O)OC(C)C,3.656903242,1,424.6220000000003,83.83,5.122300000000005,2,5,16,1
TOX-67776,CCC(=O)N(c1ccccc1F)C1(c2ccccc2)CCN(CCn2nnn(CC)c2=O)CC1,3.619363824,1,466.5610000000004,76.26,3.0333000000000006,0,7,8,4
TOX-67895,CC1=C(C(=O)OCCN(C)Cc2ccc(F)cc2)C(c2cccc3c2OCO3)C(C(=O)OC(C)C)=C(C)N1,5.128450034,1,524.5890000000004,86.33,4.416000000000004,1,8,9,4
TOX-67956,O=C1CCC(C(=O)N2CSCC2C(=O)O)N1,1.78542554,0,244.272,86.71000000000001,-0.7488999999999997,2,4,2,2
TOX-68090,COc1ccc(C(=O)NCc2ccc(OCCN(C)C)cc2)cc1OC,3.114825907,0,358.4380000000001,60.03,2.574200000000001,1,5,9,2
TOX-68129,CN1C(=O)COc2c(C(=O)NC3CN4CCC3CC4)cc(Cl)cc21,3.422422298,0,349.81800000000004,61.88,1.5191999999999999,1,4,2,5
TOX-68191,CCOP(=O)(OCC)C(NC(=O)C1(O)C(O)C2(CC)C=CCN3CCC4(c5cc(C6(C(=O)OC)CC7CN(CCc8c6[nH]c6ccccc86)CC(O)(CC)C7)c(OC)cc5N(C)C14)C32)C(C)C,6.934286143,1,946.1359999999997,186.35999999999999,5.611500000000006,5,13,13,9
TOX-68291,CCOC(=O)c1ccc(NC(=O)CC)cc1NC(=O)c1ccc(C(=O)O)cc1,3.046647989,0,384.3880000000001,121.8,3.162300000000001,3,5,7,2
TOX-68388,Cc1cc(C)nc(Nc2nc3ccc([N+](=O)[O-])cc3[nH]2)n1,2.850343933,0,284.279,109.63000000000001,2.6215400000000004,2,6,3,3
TOX-68389,N=C(N)Nc1nc2ccc(N)cc2[nH]1,2.767091204,0,190.21,116.6,0.45046999999999965,5,3,1,2
TOX-68390,N=C(Nc1ccccc1)Nc1nc2ccccc2[nH]1,3.496791477,0,251.293,76.59,3.0216700000000003,4,2,2,3
TOX-68391,Cc1cc(C)nc(Nc2nc3ccc(N)cc3[nH]2)n1,2.899914485,0,254.29700000000003,92.51,2.2955399999999995,3,5,2,3
TOX-68495,CS(=O)(=O)Nc1ccc(OCC(O)CNCCOc2ccc(-n3ccnc3)cc2)cc1,3.34849117,0,446.52900000000017,114.71000000000002,1.6520999999999997,3,8,12,3
TOX-68529,O=P(O)(O)C1CC(c2ccccc2)=NO1,2.756220724,0,227.156,79.12,1.3148,2,3,2,2
TOX-68735,Nc1c(NCC=CCOc2cc(CN3CCCCC3)ccn2)c(=O)c1=O,4.308669064,1,356.42600000000004,97.55000000000001,1.2927999999999997,2,7,8,3
TOX-68936,CCC(CO)NCc1ccc2oc3ccccc3c(=O)c2c1,3.870974879,1,297.35400000000004,62.47,2.806700000000001,2,4,5,3
TOX-69100,COCCNC(=O)c1ccnc(C(=O)NCCOC)c1,2.050981945,0,281.31199999999995,89.55,-0.16599999999999948,2,5,8,1
TOX-69105,CC1(C)Oc2ccc(S(=O)(=O)c3ccccc3)cc2C(N2CCCC2=O)C1O,0.496057535,0,401.4840000000002,83.91000000000001,2.7148000000000017,1,5,3,4
TOX-69137,CC(=O)Oc1c(C)c(C)c2c(c1C)CC(CC(=O)O)O2,2.63131796,0,278.304,72.83000000000001,2.3153599999999996,1,4,3,2
TOX-69301,O=C1C2CCCCC2C(=O)N1CCCCN1CCN(c2nsc3ccccc23)CC1,4.111094369,1,426.5860000000001,56.75000000000001,3.373700000000002,0,6,6,5
TOX-69603,c1ccc(CNCCCNCCCCCCCNCCCNCc2ccccc2)cc1,4.586314753,1,424.67700000000013,48.12,4.475900000000003,4,4,20,2
TOX-69731,CCOC(=O)Nc1ccc2c(c1)N(C(=O)CN(C)C)c1ccccc1S2,4.247262766,1,371.46200000000005,61.88,3.9459000000000035,1,5,4,3
TOX-69732,CC(CC(C(N)=O)(c1ccccc1)c1ccccn1)N(C)C,3.846688141,1,297.4020000000001,59.220000000000006,2.1932,1,3,6,2
TOX-69833,CCOC(=O)Nc1ccc2c(c1)N(C(=O)CN)c1ccccc1CC2,4.384268005,1,339.3950000000001,84.66,2.977000000000001,2,4,3,3
TOX-69834,Cn1cc(C(=O)C2CCc3nc[nH]c3C2)c2ccccc21,3.266845376,0,279.343,50.68,2.8892000000000015,1,3,2,4
TOX-70024,CCOC(=O)Nc1ccc2c(c1)N(C(=O)CNCc1ccccc1)c1ccccc1CC2,4.518741888,1,429.52000000000015,70.67,4.808100000000004,2,4,6,4
TOX-70025,CCNCC(=O)N1c2ccccc2CCc2ccc(NC(=O)OCC)cc21,4.582677047,1,367.4490000000001,70.67,3.6278000000000024,2,4,5,3
TOX-70026,CCCNCC(=O)N1c2ccccc2CCc2ccc(NC(=O)OCC)cc21,4.795801706,1,381.47600000000017,70.67,4.017900000000003,2,4,6,3
TOX-70027,CCCCNCC(=O)N1c2ccccc2CCc2ccc(NC(=O)OCC)cc21,4.897873184,1,395.50300000000016,70.67,4.408000000000004,2,4,7,3
TOX-70028,CCCCCCNCC(=O)N1c2ccccc2CCc2ccc(NC(=O)OCC)cc21,4.480529629,1,423.55700000000024,70.67,5.188200000000005,2,4,9,3
TOX-70029,CNCC(=O)N1c2ccccc2CCc2ccc(NC(=O)OC(C)C)cc21,4.388857021,1,367.4490000000001,70.67,3.6262000000000016,2,4,4,3
TOX-70030,CNCC(=O)N1c2ccccc2CCc2ccc(NC(=O)OC)cc21,4.229366045,1,339.3950000000001,70.67,2.847600000000001,2,4,3,3
TOX-70031,CCOC(=O)Nc1ccc2c(c1)N(C(=O)CNCCO)c1ccccc1CC2,4.504281063,1,383.44800000000015,90.9,2.600200000000001,3,5,6,3
TOX-70032,CCOC(=O)Nc1ccc2c(c1)N(C(=O)CNC(C)C)c1ccccc1CC2,4.667317689,1,381.47600000000017,70.67,4.016300000000003,2,4,5,3
TOX-70033,CCOC(=O)Nc1ccc2c(c1)N(C(=O)CNC(C)(C)C)c1ccccc1CC2,4.848655161,1,395.5030000000002,70.67,4.406400000000003,2,4,4,3
TOX-70034,CCOC(=O)Nc1ccc2c(c1)N(C(=O)CNC1CCCCC1)c1ccccc1CC2,5.056366557,1,421.54100000000034,70.67,4.940600000000004,2,4,5,4
TOX-70035,CC(C)OC(=O)Nc1ccc2c(c1)N(C(=O)CNCCO)c1ccccc1CC2,4.2979521,1,397.47500000000025,90.9,2.9887000000000015,3,5,6,3
TOX-70036,CCNCC(=O)N1c2ccccc2CCc2ccc(NC(=O)OC(C)C)cc21,4.377011559,1,381.4760000000001,70.67,4.016300000000003,2,4,5,3
TOX-70037,COC(=O)Nc1ccc2c(c1)N(C(=O)CNCCO)c1ccccc1CC2,4.010947244,1,369.4210000000001,90.9,2.2100999999999997,3,5,5,3
TOX-70038,CCNCC(=O)N1c2ccccc2CCc2ccc(NC(=O)OC)cc21,4.269262086,1,353.4220000000001,70.67,3.237700000000001,2,4,4,3
TOX-70039,CCOC(=O)Nc1ccc2c(c1)N(C(=O)CCNCCO)c1ccccc1CC2,4.2979521,1,397.4750000000002,90.9,2.9903000000000013,3,5,7,3
TOX-70040,CCOC(=O)Nc1ccc2c(c1)N(C(=O)CNC)c1ccccc1C=C2,4.504117657,1,351.40600000000006,70.67,3.6229000000000022,2,4,4,3
TOX-70041,CCNCC(=O)N1c2ccccc2C=Cc2ccc(NC(=O)OCC)cc21,4.77014731,1,365.43300000000016,70.67,4.013000000000003,2,4,5,3
TOX-70042,CCNCCC(=O)N1c2ccccc2CCc2ccc(NC(=O)OCC)cc21,4.501950295,1,381.47600000000017,70.67,4.017900000000003,2,4,6,3
TOX-70043,CCOC(=O)Nc1ccc2c(c1)N(C(=O)CNC(C)c1ccccc1)c1ccccc1CC2,4.155304551,1,443.5470000000002,70.67,5.369100000000004,2,4,6,4
TOX-70294,COc1cccc(CCc2ccccc2OCC(CN(C)C)OC(=O)CCC(=O)O)c1,3.979475661,1,429.51300000000026,85.3,3.197400000000002,1,6,13,2
TOX-70546,O=P(O)(O)C(CC1CCCCCC1)P(=O)(O)O,4.13425987,1,286.2009999999999,115.06,2.0284000000000004,4,2,4,1
TOX-70570,C=CC1(C)CC(=O)C2(O)C(C)(O1)C(OC(C)=O)C(OC(=O)CCN(C)C)C1C(C)(C)CCC(O)C12C,4.921676963,1,509.6400000000004,122.60000000000002,2.0224999999999995,2,9,6,3
TOX-70793,CNCc1ccc(CSCCN=C(NCC(O)c2ccc(O)cc2)NS(C)(=O)=O)o1,3.735336314,1,456.5900000000001,136.19,1.1662,5,8,11,2
TOX-70950,CC1CN(S(=O)(=O)c2cccc3cnccc23)CCN1,3.765087333,1,291.3760000000001,62.300000000000004,1.2172,1,4,2,3
TOX-71140,O=C1c2ccccc2S(=O)(=O)N1CCCCNCC1CCc2ccccc2O1,4.488274778,1,400.50000000000017,75.71000000000001,2.5947000000000005,1,5,7,4
TOX-71370,CC(C)C(NC(=O)C(CC(=O)O)NC(=O)CCCOc1ccc(C(=N)N)cc1)C(=O)O,3.639646654,1,436.46500000000015,191.9,0.31457000000000207,6,6,13,1
TOX-71432,CC(=O)N(CC(O)CO)c1c(I)c(C(N)=O)c(I)c(C(=O)N(CCO)CC(O)CO)c1I,1.277977149,0,791.115,184.85999999999999,-0.9068999999999996,6,8,11,1
TOX-71634,CN(CCn1cnc2c1c(=O)n(C)c(=O)n2C)c1ccccc1,3.431315046,0,313.361,65.06,0.5700999999999998,0,7,4,3
TOX-71635,CN(CCCn1cnc2c1c(=O)n(C)c(=O)n2C)c1ccccc1,3.506156753,0,327.38800000000003,65.06,0.9601999999999995,0,7,5,3
TOX-71644,Cc1c(F)c(N2CCNC(C)C2)cc2c1C(=O)C(C(=O)O)CN2C1CC1,3.375900739,0,361.4170000000002,72.88,1.79812,2,5,3,4
TOX-71648,CC1(C)CCC(NC(=O)C(N)CCC(=O)O)CC1,2.788417115,0,256.34599999999995,92.42,1.2634999999999998,3,3,5,1
TOX-71649,CCCC(=O)N1CCN(Cc2ccc3c(c2)OCO3)CC1,2.900353719,0,290.36300000000006,42.010000000000005,1.8596,0,4,4,3
TOX-71679,O=P1(NCCCl)OCCN1CCCl,2.545856771,0,247.06199999999995,41.57,1.4939,1,2,5,1
TOX-72134,CCOP(=O)(OCC)SCC,3.865415355,1,198.224,35.53,2.920600000000001,0,4,6,0
TOX-72199,CNC(C)Cc1ccc(Cl)cc1,3.546645793,0,183.682,12.03,2.4904,1,1,3,1
TOX-72218,NS(=O)(=O)c1cc(C(=O)O)ccc1Cl,2.329617166,0,235.648,97.46000000000001,0.6856000000000004,2,3,2,1
TOX-72240,CCCC(Cc1ccccc1)N1CCCC1,3.734777925,1,217.35599999999994,3.24,3.4936000000000025,0,1,5,2
TOX-72265,CC(CN(C)C)C(C)(O)Cc1ccc(Cl)cc1,3.607451567,1,255.789,23.47,2.831200000000001,1,2,5,1
TOX-72279,CCN(CC)CCc1nc(-c2ccccc2)no1,3.590106952,0,245.32600000000002,42.160000000000004,2.6209000000000007,0,4,6,2
TOX-72309,CCCCP(=O)(CCCC)Oc1ccc([N+](=O)[O-])cc1,4.794626924,1,299.307,69.44,4.851900000000005,0,4,9,1
TOX-72310,CNC(=O)c1c(I)c(NC(C)=O)c(I)c(C(=O)O)c1I,1.723550958,0,613.9150000000002,95.50000000000001,2.5166000000000004,3,3,3,1
TOX-72311,CCOc1ccc(N(C)C(=O)C(C(C)O)N(C)C)cc1,3.105024816,0,280.368,53.01,1.3590999999999998,1,4,6,1
TOX-72402,OCCN1CCCN(CCCN2c3ccccc3Sc3ccc(C(F)(F)F)cc32)CC1,3.645815579,1,451.55800000000016,29.950000000000003,4.698200000000004,1,5,6,4
TOX-72420,O=P(O)(O)OCC(O)CO,2.779204512,0,172.07299999999998,107.22000000000001,-1.5511000000000001,4,4,4,0
TOX-72434,COC1CC=C2CCN3CCC4=C(CC(=O)OC4)C23C1,4.490195512,1,275.348,38.769999999999996,1.8133,0,4,1,4
TOX-72466,C=C1C(OC(=O)CC(c2ccccc2)N(C)C)CCC2(C)C(O)C(OC(C)=O)C3=C(C)C(=O)CC(O)(C(O)C12)C3(C)C,5.11270664,1,583.7220000000003,133.6,3.277400000000002,3,9,6,4
TOX-72474,CC1C=CC=CC=CC=CC=CC=CC=CC(OC2OC(C)C(O)C(N)C2O)CC2OC(O)(CC(O)CC(O)C(O)CCC(O)CC(O)CC(=O)OC(C)C(C)C1O)CC(O)C2C(=O)O,5.761306974,1,924.0910000000003,319.60999999999996,0.7117000000000053,12,17,3,3
TOX-72477,CCC1OC(=O)CC(O)C(C)C(OC2OC(C)C(OC3CC(C)(O)C(O)C(C)O3)C(N(C)C)C2O)C(CC=O)CC(C)C(=O)C=CC(C)=CC1COC1OC(C)C(O)C(OC)C1OC,3.183521872,0,916.1120000000001,238.66999999999996,1.8335000000000106,5,18,13,4
TOX-72496,CN1CCCC(OC(=O)C(O)(c2ccccc2)c2ccccc2)C1,4.169695521,1,325.4080000000001,49.769999999999996,2.5599000000000007,1,4,4,3
TOX-72505,CCCOC(=O)Cc1ccc(OCC(=O)N(CC)CC)c(OC)c1,3.619408875,1,337.41600000000005,65.07000000000001,2.4381000000000004,0,5,10,1
TOX-72543,CCC(=O)c1c(O)cc(O)cc1O,2.869286363,0,182.17499999999998,77.76,1.3961,3,4,2,1
TOX-72577,Cc1cc(C(C)(C)C)c(O)c(C)c1CC1=NCCN1,5.385923274,1,260.3809999999999,44.620000000000005,2.850740000000001,2,3,2,2
TOX-72583,CCCC1(c2cccc(O)c2)CCN(C)C1,3.707313264,1,219.32799999999995,23.47,2.765600000000001,1,2,3,2
TOX-72589,NC1Cc2ccccc2C1,3.564249067,0,133.19399999999996,26.02,1.1125000000000003,1,1,0,2
TOX-72616,O=C(CCCN1CCN(c2ccccc2)CC1)c1ccc(F)cc1,4.008326565,1,326.415,23.550000000000004,3.610800000000003,0,3,6,3
TOX-72637,C=CCC1(CC)C(=O)NC(=O)NC1=O,3.049419144,0,196.206,75.27000000000001,0.3249000000000001,2,3,3,1
TOX-72641,CC1CC2C(C(O)CC3(C)C2CCC3(O)C(=O)COC(=O)CCC(=O)O)C2(C)C=CC(=O)C=C12,2.86985057,0,474.5500000000003,138.20000000000002,2.2193000000000005,3,7,6,4
TOX-72674,CCOP(=O)(SCC)SCC,3.352724908,0,214.29199999999997,26.3,3.6372000000000027,0,4,6,0
TOX-72705,CCOC(C(=O)OCCN(C)C)(c1ccccc1)c1ccccc1,3.695279218,1,327.42400000000004,38.77,3.0715000000000012,0,4,8,2
TOX-72792,CCN(CC)CC(O)COCc1ccccc1,2.94370675,0,237.343,32.7,1.9058999999999997,1,3,8,1
TOX-72803,CC1=CC2OC3CC4OC(=O)C=CC=CC(=O)OCCC(C)C(O)C(=O)OCC2(CC1)C4(C)C31CO1,5.76134043,1,502.56000000000046,120.89,2.1705999999999994,1,9,0,5
TOX-72824,O=C(CCCN1CCN2CCCC2C1)c1ccc(F)cc1,3.829201177,1,290.382,23.550000000000004,2.568600000000001,0,3,5,3
TOX-72842,COc1ccc2c(c1OC)C13CCN(C)C(C2)C1(O)CCC(O)C3,3.436373825,0,333.42800000000005,62.16000000000001,1.4776999999999998,2,5,2,4
TOX-72860,N=C(CCN1CCCCCC1)NO,3.177627545,0,185.271,59.35000000000001,1.20857,3,3,3,1
TOX-72878,Cc1ccc(Nc2ccc(O)c3c2C(=O)c2c(O)ccc(Nc4ccc(C)cc4S(=O)(=O)O)c2C3=O)c(S(=O)(=O)O)c1,4.322998448,1,610.6220000000003,207.39999999999995,4.470640000000004,6,10,6,5
TOX-72919,CC1OC(OC2CCC3(CO)C4CCC5(C)C(C6=CC(=O)OC6)CCC5(O)C4CCC3(O)C2)C(O)C(O)C1O,3.993951218,1,552.6610000000005,166.14,0.5433999999999997,6,10,4,6
TOX-72925,Cc1cc(C)c(NN=C2C=Cc3c(cccc3S(=O)(=O)O)C2=O)c(S(=O)(=O)O)c1,2.63949339,0,436.4670000000002,150.2,2.4744400000000004,3,7,4,3
TOX-72938,COc1cc(C2c3cc4c(cc3C(OC3OC5COC(c6ccccc6)OC5C(O)C3O)C3COC(=O)C23)OCO4)cc(OC)c1OC,3.123312926,0,664.6600000000002,149.83,2.9944000000000006,2,13,7,8
TOX-72968,CC(=C(CCOC(=O)C(C)C)SSC(CCOC(=O)C(C)C)=C(C)N(C=O)Cc1cnc(C)nc1N)N(C=O)Cc1cnc(C)nc1N,3.805131326,1,702.9039999999999,196.81999999999996,4.687840000000002,2,14,19,2
TOX-73003,CCC(CC)COC(C(=O)OCCN(C)C)(c1ccccc1)c1ccccc1,3.534295894,0,383.53200000000004,38.77,4.4878000000000045,0,4,11,2
TOX-73043,Cc1c(NC(C)C)c(=O)n(-c2ccccc2)n1C,2.736234987,0,245.326,38.96,2.3047200000000005,1,4,3,2
TOX-73049,CCCCOc1c(N)cccc1C(=O)OCCN(CC)CC,4.44748501,1,308.4220000000001,64.78999999999999,2.9463000000000017,1,5,10,1
TOX-73052,CCN(CCCCOC(=O)c1ccc(OC)c(OC)c1)C(C)Cc1ccc(OC)cc1,4.384796211,1,429.5570000000002,57.230000000000004,4.6025000000000045,0,6,13,2
TOX-73067,CCC12CCN(CC=C(C)C)C(Cc3ccc(O)cc31)C2C,4.271961893,1,299.458,23.47,4.272700000000004,1,2,3,3
TOX-73201,CCN(CC)CCOC(=O)C1N2C(=O)C(NC(=O)Cc3ccccc3)C2SC1(C)C,3.300206208,0,433.5740000000002,78.95,1.6612000000000007,1,6,9,3
TOX-73210,O=C(NN=CC(O)C1OC(=O)C(O)C1O)c1ccncc1,2.223689574,0,295.251,141.34000000000003,-2.194699999999999,4,8,4,2
TOX-73230,CCCCNCC(O)c1ccc(O)cc1,3.417369072,0,209.289,52.489999999999995,1.8152999999999997,3,3,6,1
TOX-73234,COc1ccc(CC(C)N)cc1,3.740682002,1,165.236,35.25,1.5849,1,2,3,1
TOX-73266,OCCOCCN1CCN(C(c2ccccc2)c2ccccc2)CC1,3.889270608,1,340.46700000000016,35.940000000000005,2.4025,1,4,8,3
TOX-73269,CCC(=O)OC1(c2ccccc2)CCN(C)C1C,3.523755645,0,247.33799999999997,29.54,2.559100000000001,0,3,3,2
TOX-73276,CCN(CC)CCCOc1ccc(CCc2ccccc2)cc1,3.72960314,1,311.469,12.47,4.582500000000004,0,2,10,2
TOX-73289,C=CCN(C)N=O,2.495130755,0,100.121,32.67,0.7856000000000001,0,2,3,0
TOX-73290,CCCCN(CC)N=O,2.534532462,0,130.191,32.67,1.7898,0,2,5,0
TOX-73422,CC1(C)SC2C(NC(=O)C(C(=O)O)c3ccsc3)C(=O)N2C1C(=O)O,1.85606785,0,384.4350000000001,124.01,0.5479999999999997,3,6,5,3
TOX-73468,CCc1cccc(CC)c1NC1=NCCN1,5.994364938,1,217.31599999999997,36.42,2.1824999999999997,2,3,3,2
TOX-73479,N=C(N=C(N)N)Nc1ccc([N+](=O)[O-])cc1,2.89937981,0,222.20800000000003,143.42000000000002,0.21487000000000045,4,3,2,1
TOX-73482,CN(C)CCCn1c(=O)n(-c2ccccc2)c2cc(Cl)ccc21,3.630916891,1,329.8310000000001,30.17,3.397300000000002,0,4,5,3
TOX-73574,N#CCC(c1ccc(N)cc1)c1ccc(N)cc1,2.984056143,0,237.306,75.83,2.89658,2,3,3,2
TOX-73596,OCC1OC2OC3C(CO)OC(OC4C(CO)OC(OC5C(CO)OC(OC6C(CO)OC(OC7C(CO)OC(OC8C(CO)OC(OC1C(O)C2O)C(O)C8O)C(O)C7O)C(O)C6O)C(O)C5O)C(O)C4O)C(O)C3O,3.051289135,0,1134.9870000000014,554.0500000000002,-15.23060000000003,21,35,7,21
TOX-73621,CCN1CC2(COC)CCC(O)C34C5CC6C(OC)CC(O)(C(CC23)C14)C5C6OC(C)=O,3.789180448,1,449.58800000000025,88.46000000000001,1.4479000000000004,2,7,5,6
TOX-73630,C=CCC1(C(C)C#CCC)C(=O)NC(=S)NC1=O,3.91660732,1,264.35,58.2,1.1293,2,3,3,1
TOX-73643,OCC1(O)OCC(O)C(O)C1O,1.149905591,0,180.156,110.38000000000001,-3.2197999999999998,5,6,1,1
TOX-73666,CC(C)=CC1C(C(=O)OCN2C(=O)C3=C(CCCC3)C2=O)C1(C)C,4.97600963,1,331.4120000000001,63.68,2.964900000000002,0,4,4,3
TOX-73696,Cc1ccc(N)cc1Cl,3.468087276,0,141.601,26.02,2.23062,1,1,0,1
TOX-73818,CC(=O)c1cccc(NC2C(N)C(NC(=O)N(C)C)(C(C)O)C(C)(O)C2(O)COC(=O)c2c(C)cccc2O)c1,5.600740327,1,558.6320000000004,194.67999999999998,0.7545200000000021,7,10,8,3
TOX-74248,NCC1OC(OC2C(N)CC(N)C(O)C2OC2OC(CO)C(O)C2O)C(N)C(O)C1O,3.006058915,0,454.4770000000001,262.38,-6.652299999999997,10,14,6,3
TOX-74486,CCN(CC)c1ccc(N=O)c(O)c1,3.572043503,0,194.23399999999998,52.900000000000006,2.636300000000001,1,4,4,1
TOX-74501,CC(C)=CC1C(C(=O)OCc2cccc(Oc3ccccc3)c2)C1(C)C,2.99537012,0,350.4580000000001,35.53,5.760500000000005,0,3,6,3
TOX-74528,CN(C)CC(Cl)c1ccccc1,4.671584529,1,183.68200000000002,3.24,2.5281000000000002,0,1,3,1
TOX-74586,CNC1C(O)C(OC2C(N)CC(N)C(OC3OC(CN)=CCC3N)C2O)OCC1(C)O,4.145451135,1,447.53300000000024,213.71999999999997,-3.851499999999992,8,12,6,3
TOX-74715,CNC(=O)Cc1c(I)c(NC(C)=O)c(I)c(C(=O)O)c1I,1.776623227,0,627.9420000000002,95.50000000000001,2.4455,3,3,4,1
TOX-74866,O=C(c1cc2ccccc2o1)N1CCN(Cc2ccccc2)CC1,3.997490152,1,320.39200000000005,36.690000000000005,3.3908000000000023,0,3,3,4
TOX-74930,CCOc1cc(OCC)c(C(=O)CCC(=O)O)cc1OCC,2.947500429,0,310.34600000000006,82.06,2.930200000000001,1,5,10,1
TOX-74970,N=C(N)Nc1nc2ccc([N+](=O)[O-])cc2[nH]1,3.166475253,0,220.192,133.72,0.7764699999999998,4,4,2,2
TOX-75006,Cc1c(C)c2c(c(C)c1OC(=O)c1cccnc1)CCC(C)(CCCC(C)CCCC(C)CCCC(C)C)O2,3.33075096,0,535.8130000000006,48.42,9.748859999999997,0,4,14,3
TOX-75061,CN1CCN(C(=O)OC2c3nccnc3C(=O)N2c2ccc(Cl)cn2)CC1,3.141808036,0,388.8150000000001,91.75999999999999,1.5679999999999998,0,7,2,4
TOX-75174,CC(=C(CCS(C)=O)SSC(CCS(C)=O)=C(C)N(C=O)Cc1cnc(C)nc1N)N(C=O)Cc1cnc(C)nc1N,3.297196517,0,654.91,178.35999999999999,3.0464400000000005,2,12,17,2
TOX-75240,CCN(C(C)=O)c1c(I)cc(I)c(OCCOC(C)C(=O)O)c1I,3.169897123,0,673.0230000000003,76.07000000000001,3.7417000000000025,1,4,8,1
TOX-75330,CN1c2cc(O)c(N=NC(N)=O)cc2CC1S(=O)(=O)O,2.699055169,0,300.29600000000005,145.64999999999998,0.7608000000000001,3,6,2,2
TOX-75527,NC(=O)CN1CC(O)CC1=O,1.198838858,0,158.15699999999995,83.63,-1.9350999999999996,2,3,2,1
TOX-75649,Cn1cc(OCC(O)CNC(C)(C)C)c2ccccc2c1=O,3.903330925,1,304.39000000000004,63.49,1.6662999999999997,2,5,5,2
TOX-75651,O=c1[nH]c2ccccc2n1CCCN1CCC(n2c(=O)[nH]c3ccccc32)CC1,3.972235974,1,391.4750000000001,78.82,2.6998000000000006,2,5,5,5
TOX-75956,Cn1c(=O)c2c(nc(Cc3ccccc3)n2C(CN)N2CCOCC2)n(C)c1=O,3.86447363,1,398.46700000000027,100.31,-0.18599999999999817,1,9,5,4
TOX-76257,CC(CN1CCN(C2Cc3ccccc3CC2O)CC1)C(=O)c1ccccc1,4.393083736,1,378.5160000000002,43.78,2.6513,1,4,5,4
TOX-76494,CC(=O)Nc1c(I)c(C(N)=O)c(I)c(C(=O)NCC(=O)O)c1I,1.574378871,0,656.9400000000002,138.58999999999997,1.3721,4,4,5,1
TOX-76495,CNC(=O)c1c(I)c(NC(C)=O)c(I)c(C(=O)NCC(=O)O)c1I,1.583553783,0,670.9670000000002,124.60000000000001,1.6327999999999998,4,4,5,1
TOX-76496,CNC(=O)c1c(I)c(NC(=O)CO)c(I)c(C(=O)NCC(=O)O)c1I,1.660733986,0,686.9660000000002,144.82999999999998,0.6052,5,5,6,1
TOX-76497,CNC(=O)c1c(I)c(NC(=O)COC)c(I)c(C(=O)NCC(=O)O)c1I,1.544566997,0,700.9930000000002,133.82999999999998,1.2592999999999999,4,5,7,1
TOX-76498,CCC(=O)Nc1c(I)c(C(=O)NC)c(I)c(C(=O)NCC(=O)O)c1I,1.659479318,0,684.9940000000001,124.60000000000001,2.0229,4,4,6,1
TOX-76535,CCN(CC)CCOC(=O)C(C1C=CCC1)C1C=CCCC1,3.609519726,1,305.4620000000001,29.54,3.810100000000003,0,3,8,2
TOX-76538,CCCC(C(=O)OCCN(CC)CC)C1CCCC1,3.475904288,0,269.429,29.54,3.4779000000000027,0,3,9,1
TOX-76540,C=CCC(C(=O)OCCN(CC)CC)C1C=CCC1,3.344410572,0,265.397,29.54,3.0299000000000014,0,3,9,1
TOX-76541,CCN(CC)CCOC(=O)C(Cc1ccccc1)C1C=CCC1,3.47750271,0,315.4570000000001,29.54,3.696500000000002,0,3,9,2
TOX-76543,CCN(CC)CCOC(=O)C(C1C=CCC1)C1CCCCC1,3.584372429,0,307.4780000000001,29.54,4.034100000000003,0,3,8,2
TOX-76544,C=C(C)CC(C(=O)OCCN(CC)CC)C1C=CCC1,3.60088552,1,279.42400000000004,29.54,3.4200000000000026,0,3,9,1
TOX-76545,CCN(CC)CCOC(=O)C(CCc1ccccc1)C1C=CCC1,3.937701944,1,329.4840000000001,29.54,4.086600000000003,0,3,10,2
TOX-76620,OC1CCOP(N(CCCl)CCCl)N1,3.272014975,0,261.08899999999994,44.730000000000004,1.3212,2,4,5,1
TOX-76641,CCN(CC)CCOC(=O)C(C1C=CCC1)C1CCc2ccccc21,3.834077817,1,341.49500000000006,29.54,4.183800000000003,0,3,8,3
TOX-76731,CCCCOC(=O)c1ccccc1Nc1cccc(C(F)(F)F)c1,2.714935495,0,337.341,38.33,5.4059000000000035,1,3,6,2
TOX-76899,COc1cc(S(C)=O)ccc1-c1nc2ccncc2[nH]1,3.344054811,0,287.344,67.87,2.3709,1,4,3,3
TOX-77079,O=C(O)Cc1cccc2c(=O)cc(-c3ccccc3)oc12,2.903218011,0,280.27900000000005,67.50999999999999,3.087100000000002,1,3,3,3
TOX-77088,CN1CCN(CC2C(=O)Nc3ccccc3SC2c2ccccc2)CC1,3.511812186,0,367.51800000000014,35.58,3.335700000000002,1,4,3,4
TOX-77098,CC(=N)N1CCC(SC2=C(C(=O)O)N3C(=O)C(C(C)O)C3C2)C1,2.416438562,0,339.4170000000001,104.92999999999999,0.6987700000000001,3,5,4,3
TOX-77213,Cc1cccc(C)c1NC(=O)CC12CCCN1CCC2,4.179585092,1,272.392,32.34,3.260440000000002,1,2,3,3
TOX-77319,Cc1cccc(C)c1NC(=O)C1(N(C)C)CCN(C2CCCCC2O)CC1,5.928621488,1,373.5410000000002,55.81,2.9416400000000014,2,4,4,3
TOX-77333,Cc1nc(Cn2cnc3c2c(=O)n(C)c(=O)n3C)no1,2.842280752,0,276.256,100.74000000000001,-0.8265799999999994,0,9,2,3
TOX-77654,CCCCCC(O)C=CC1C(O)CC2C=C(CCCCC(=O)O)CC21,4.458011754,1,350.49900000000014,77.76,4.0721000000000025,3,3,11,2
TOX-77657,CCCCCC(O)C=CC1C(O)CC2C=C(CCCCC(=O)OC)CC21,3.809395634,1,364.5260000000002,66.76,4.160500000000003,2,4,11,2
TOX-77749,O=C1CCC(c2ccc(-n3ccnc3)cc2)=NN1,3.38917894,0,240.26600000000002,59.28,1.4863999999999997,1,4,2,3
TOX-77761,CC(CCC(=O)O)C1CCC2C3C(OS(=O)(=O)O)CC4CC(OS(=O)(=O)O)CCC4(C)C3CCC12C,2.525677804,0,552.7080000000002,164.5,4.132100000000003,3,7,8,4
TOX-78095,COCC(O)CN(C(C)=O)c1c(I)c(C(=O)NCC(O)CO)c(I)c(C(=O)NCC(O)CO)c1I,1.568026445,0,835.168,188.89,-0.9733999999999994,7,9,13,1
TOX-78097,COc1ccc(CCN(C)CCc2ccc(OC)c(OC)c2)cc1OC,4.276553329,1,359.4660000000001,40.160000000000004,3.4380000000000024,0,5,10,2
TOX-78103,CCOC(=O)Nc1cccc2c1CN(C)CC2c1ccc(Cl)cc1,3.896790119,1,344.842,41.57,4.485700000000004,1,3,3,3
TOX-78257,CC1CC(=O)NN=C1c1ccc(-n2ccnc2)cc1,3.325857188,0,254.29300000000003,59.28,1.7323999999999997,1,4,2,3
TOX-78404,CCCN(CCC)CCc1cccc2c1CC(=O)N2,3.564048703,0,260.3809999999999,32.34,2.845700000000001,1,2,7,2
TOX-78456,CC(=O)OC(C)OC(=O)C(C)c1ccc(-c2ccccc2)c(F)c1,3.574270338,0,330.355,52.6,4.048500000000003,0,4,5,2
TOX-78482,NC1=NCC(CN2CCN(c3ccccc3)CC2)O1,3.595721134,0,260.341,54.09,0.5220999999999996,1,5,3,3
TOX-78483,COC(=O)C1=C(C)NC(C)=C(C(=O)OC2CCCN(Cc3ccccc3)C2)C1c1cccc([N+](=O)[O-])c1,5.060004052,1,505.5710000000002,111.00999999999999,4.2104000000000035,1,8,7,4
TOX-78650,CCCC(C)C=C(C)C(O)C(C)C=CCCC(O)C(C)C(O)C(C)C(O)C(C)C1OC(C(C)C(=O)O)CCC1C,5.905222458,1,568.836,127.45,5.597700000000005,5,6,17,1
TOX-78815,CC(=O)NC1C(O)CC(O)(C(=O)O)OC1C(O)C(O)CO,1.791138808,0,309.271,176.77999999999997,-3.871799999999999,7,8,5,1
TOX-79000,CNC(Cc1ccccc1)Cc1ccc(OC)c(OC)c1,3.911020393,1,285.387,30.49,3.0770000000000017,1,3,7,2
TOX-79008,COc1ccc(CC(N)Cc2ccccc2)cc1OC,3.859205924,1,271.36000000000007,44.480000000000004,2.816300000000001,1,3,6,2
TOX-79165,COc1ccccc1OCCNCC(O)c1ccc(C)c(S(N)(=O)=O)c1,3.55871614,0,380.4660000000001,110.88,1.35302,3,6,9,2
TOX-79226,CCNC(C)Cc1ccc(OC)cc1,3.68384969,1,193.29,21.259999999999998,2.2357000000000005,1,2,5,1
TOX-79274,O=C(O)c1cn(C2CC2)c2c(F)c(N3CCNCC3)c(F)cc2c1=O,3.273475211,0,349.3370000000001,74.57,1.7224,2,5,3,4
TOX-79336,COC(=O)C1=C(C)NC(COC(N)=O)=C(C(=O)OC(C)C)C1c1cccc(Cl)c1Cl,4.186299305,1,457.3100000000002,116.95,3.428200000000002,2,7,6,2
TOX-79375,CN(C)C(=O)n1c(Br)nc(Br)c1Br,4.173549932,1,375.846,38.13,2.7003000000000013,0,3,0,1
TOX-79383,CCOC1(c2ccco2)CCN(CCc2ccccc2)CC1C,4.49588436,1,313.44100000000003,25.61,4.095900000000004,0,3,6,3
TOX-79429,CCCC(NC(C)C(=O)N1C(C(=O)O)CC2CCCCC21)C(=O)O,2.230729603,0,340.4200000000001,106.94000000000001,1.4621,3,4,7,2
TOX-79489,Cc1cc(O)ccc1C=NNC1=NCCN1,3.281784189,0,218.25999999999996,69.01,0.5833200000000002,3,5,2,2
TOX-79665,CCN1CC2CN(C)CC(C1)C2OC(=O)c1ccc(Cl)cc1,4.496267606,1,322.836,32.78,2.3787000000000003,0,4,3,3
TOX-79883,CCN(CC)CC(O)COC(C)(C)C,3.052639497,0,203.32599999999996,32.7,1.5041999999999995,1,3,6,0
TOX-79976,O=C1CCCN1CC(O)CN1CCN(c2ccccc2)CC1,3.277610178,0,303.40600000000006,47.02000000000001,0.7918999999999996,1,4,5,3
TOX-80063,CCOC(=O)C1=C(C)NC(C)=C(C(=O)OCCN2CCCCC2)C1c1cccc([N+](=O)[O-])c1,4.590854058,1,457.52700000000027,111.00999999999999,3.421800000000002,1,8,8,3
TOX-80138,CC1COc2c(N3CC(N)C4(CCC4)C3)c(F)cc3c(=O)c(C(=O)O)cn1c23,3.570868838,0,387.41100000000006,97.78999999999999,2.1098,2,6,2,5
TOX-80739,OCc1ccccc1,3.309379106,0,108.13999999999997,20.23,1.1789,1,1,1,1
TOX-85113,OC(CCN1CCCCC1)(c1ccccc1)c1ccccc1,3.951631242,1,295.42600000000004,23.47,3.7985000000000033,1,2,5,3
TOX-90510,O=C(OCCN1CCOCC1)C(c1ccccc1)c1ccccc1,3.899334345,1,325.4080000000001,38.769999999999996,2.6939,0,4,6,3
TOX-90788,NC(Cc1ccccc1)c1ccccc1,3.641543383,1,197.28099999999998,26.02,2.929100000000002,1,1,3,2
TOX-92220,CCC(=O)OC1(c2ccccc2)CCN(C)CC1C,4.018996376,1,261.36499999999995,29.54,2.806700000000001,0,3,3,2
TOX-92224,CCN(CC)CCOC(=O)C1(c2ccccc2)CCCC1,3.917165032,1,289.4190000000001,29.54,3.3834000000000026,0,3,7,2
TOX-107520,CC(Cc1ccccc1)NN,3.53298789,0,150.22499999999997,38.05,1.0809,2,2,3,1
TOX-107947,CCOC(C(=O)O)(c1ccccc1)c1ccccc1,2.630276886,0,256.301,46.53,3.051300000000002,1,2,5,2
TOX-109483,CCN(CC)CCOC(=O)N(c1ccccc1)c1ccccc1,4.06306464,1,312.413,32.78,4.303100000000003,0,3,7,2
TOX-109680,CCN1CCCC(OC(=O)C(O)(c2ccccc2)C2CCCCC2)C1,4.237057658,1,345.4830000000003,49.769999999999996,3.482000000000003,1,4,5,3
TOX-109688,CC(C)(COC(=O)C(c1ccccc1)C1CCCCC1)CN1CCOCC1,3.772715894,1,373.5370000000003,38.769999999999996,4.252100000000004,0,4,7,3
TOX-109792,CN1CCCC(OC(=O)C(O)(c2ccccc2)C2CCCCC2)C1,4.193576785,1,331.45600000000024,49.769999999999996,3.0919000000000016,1,4,4,3
TOX-109817,CN(CCCn1cnc2c1c(=O)n(C)c(=O)n2C)C1CCCCC1,3.509936134,0,333.4360000000002,65.06,1.088299999999999,0,7,5,3
TOX-113362,O=C1C(CCS(=O)c2ccccc2)C(=O)N(c2ccccc2)N1c1ccccc1,3.418979384,0,404.4910000000001,57.690000000000005,3.795500000000003,0,3,6,4
TOX-113363,OC1C(O)C(O)C(O)C(O)C1O,2.380354511,0,180.156,121.38000000000001,-3.8346000000000005,6,6,0,1
